cls,precision,recall,baseline,average_precision
N,0.8902138324103642,1.0,0.8902138324103642,0.9817703090206553
N,0.8906256319003518,0.9999772964627889,0.8902138324103642,0.9817703090206553
N,0.8910378312765527,0.9999545929255778,0.8902138324103642,0.9817703090206553
N,0.8914504311217261,0.9999318893883667,0.8902138324103642,0.9817703090206553
N,0.8918634320197643,0.9999091858511556,0.8902138324103642,0.9817703090206553
N,0.892256574415495,0.9998637787767334,0.8902138324103642,0.9817703090206553
N,0.8926703693193335,0.9998410752395224,0.8902138324103642,0.9817703090206553
N,0.8930642871628472,0.9997956681651001,0.8902138324103642,0.9817703090206553
N,0.8934991681207645,0.9997956681651001,0.8902138324103642,0.9817703090206553
N,0.8939141731963786,0.999772964627889,0.8902138324103642,0.9817703090206553
N,0.8943498923595596,0.999772964627889,0.8902138324103642,0.9817703090206553
N,0.8947860364936807,0.999772964627889,0.8902138324103642,0.9817703090206553
N,0.8952226062207765,0.999772964627889,0.8902138324103642,0.9817703090206553
N,0.8956392629052597,0.9997502610906779,0.8902138324103642,0.9817703090206553
N,0.8960766757559725,0.9997502610906779,0.8902138324103642,0.9817703090206553
N,0.8964737977930698,0.9997048540162558,0.8902138324103642,0.9817703090206553
N,0.8968916771906954,0.9996821504790446,0.8902138324103642,0.9817703090206553
N,0.8972895863052782,0.9996367434046224,0.8902138324103642,0.9817703090206553
N,0.8976674958202504,0.9995686327929891,0.8902138324103642,0.9817703090206553
N,0.8980865733752192,0.999545929255778,0.8902138324103642,0.9817703090206553
N,0.8984856524756113,0.9995005221813559,0.8902138324103642,0.9817703090206553
N,0.8989259607138481,0.9995005221813559,0.8902138324103642,0.9817703090206553
N,0.8992645556690501,0.9993870044953004,0.8902138324103642,0.9817703090206553
N,0.899685238932265,0.9993643009580893,0.8902138324103642,0.9817703090206553
N,0.8999836407508895,0.9992053761976116,0.8902138324103642,0.9817703090206553
N,0.9003846311223863,0.9991599691231894,0.8902138324103642,0.9817703090206553
N,0.9007860154746796,0.9991145620487673,0.8902138324103642,0.9817703090206553
N,0.9011877943886955,0.999069154974345,0.8902138324103642,0.9817703090206553
N,0.9015489898782937,0.9989783408255006,0.8902138324103642,0.9817703090206553
N,0.9019310401377557,0.9989102302138673,0.8902138324103642,0.9817703090206553
N,0.9023339759629189,0.9988648231394451,0.8902138324103642,0.9817703090206553
N,0.9027373086551483,0.9988194160650229,0.8902138324103642,0.9817703090206553
N,0.9031205091357011,0.9987513054533896,0.8902138324103642,0.9817703090206553
N,0.9035451669884567,0.9987286019161785,0.8902138324103642,0.9817703090206553
N,0.9039496938062554,0.9986831948417564,0.8902138324103642,0.9817703090206553
N,0.9043340597886427,0.998615084230123,0.8902138324103642,0.9817703090206553
N,0.9046982350763154,0.9985242700812786,0.8902138324103642,0.9817703090206553
N,0.9050421897509776,0.9984107523952231,0.8902138324103642,0.9817703090206553
N,0.9054894370547296,0.9984107523952231,0.8902138324103642,0.9817703090206553
N,0.9059165258951012,0.9983880488580121,0.8902138324103642,0.9817703090206553
N,0.9063234263572283,0.9983426417835899,0.8902138324103642,0.9817703090206553
N,0.9067307295747927,0.9982972347091676,0.8902138324103642,0.9817703090206553
N,0.9071384361460697,0.9982518276347455,0.8902138324103642,0.9817703090206553
N,0.9075465466705197,0.9982064205603233,0.8902138324103642,0.9817703090206553
N,0.9079137582090785,0.9981156064114789,0.8902138324103642,0.9817703090206553
N,0.9082606719285921,0.9980020887254234,0.8902138324103642,0.9817703090206553
N,0.9086699466655641,0.9979566816510013,0.8902138324103642,0.9817703090206553
N,0.9090382626680455,0.9978658675021569,0.8902138324103642,0.9817703090206553
N,0.9094483300914622,0.9978204604277346,0.8902138324103642,0.9817703090206553
N,0.9098588050184258,0.9977750533533124,0.8902138324103642,0.9817703090206553
N,0.9101868345830398,0.9976388321300459,0.8902138324103642,0.9817703090206553
N,0.9105566377916856,0.9975480179812015,0.8902138324103642,0.9817703090206553
N,0.9109060750570185,0.997434500295146,0.8902138324103642,0.9817703090206553
N,0.9111936273492927,0.9972528719974572,0.8902138324103642,0.9817703090206553
N,0.9115437300236603,0.9971393543114018,0.8902138324103642,0.9817703090206553
N,0.9118941816520619,0.9970258366253463,0.8902138324103642,0.9817703090206553
N,0.9122657580919932,0.9969350224765018,0.8902138324103642,0.9817703090206553
N,0.9125961338599043,0.9967988012532353,0.8902138324103642,0.9817703090206553
N,0.9129892276338227,0.9967306906416019,0.8902138324103642,0.9817703090206553
N,0.9133411010777746,0.9966171729555465,0.8902138324103642,0.9817703090206553
N,0.9136725092634997,0.9964809517322799,0.8902138324103642,0.9817703090206553
N,0.9139834215020619,0.9963220269718022,0.8902138324103642,0.9817703090206553
N,0.9143363200666805,0.9962085092857467,0.8902138324103642,0.9817703090206553
N,0.914752116082225,0.9961631022113245,0.8902138324103642,0.9817703090206553
N,0.9151266113220141,0.9960722880624802,0.8902138324103642,0.9817703090206553
N,0.9154806127133853,0.9959587703764247,0.8902138324103642,0.9817703090206553
N,0.9158349688896312,0.9958452526903692,0.8902138324103642,0.9817703090206553
N,0.9161479005640276,0.9956863279298914,0.8902138324103642,0.9817703090206553
N,0.9165029469548134,0.995572810243836,0.8902138324103642,0.9817703090206553
N,0.916858349713521,0.9954592925577805,0.8902138324103642,0.9817703090206553
N,0.9172559521318884,0.9953911819461472,0.8902138324103642,0.9817703090206553
N,0.9176120902582995,0.9952776642600917,0.8902138324103642,0.9817703090206553
N,0.9179057591623037,0.9950960359624029,0.8902138324103642,0.9817703090206553
N,0.9181787704814985,0.994891704127503,0.8902138324103642,0.9817703090206553
N,0.9185988008888516,0.9948462970530809,0.8902138324103642,0.9817703090206553
N,0.9189773060950543,0.9947554829042364,0.8902138324103642,0.9817703090206553
N,0.9194401309438872,0.9947554829042364,0.8902138324103642,0.9817703090206553
N,0.9198404366995591,0.9946873722926032,0.8902138324103642,0.9817703090206553
N,0.9202201403184472,0.9945965581437588,0.8902138324103642,0.9817703090206553
N,0.9204951452229835,0.9943922263088589,0.8902138324103642,0.9817703090206553
N,0.9208755624710879,0.9943014121600146,0.8902138324103642,0.9817703090206553
N,0.9212353262927588,0.994187894473959,0.8902138324103642,0.9817703090206553
N,0.9215744053883393,0.9940516732506924,0.8902138324103642,0.9817703090206553
N,0.9219559449100787,0.9939608591018481,0.8902138324103642,0.9817703090206553
N,0.922401078757743,0.9939381555646369,0.8902138324103642,0.9817703090206553
N,0.9227623424259033,0.9938246378785814,0.8902138324103642,0.9817703090206553
N,0.9231239718226684,0.9937111201925259,0.8902138324103642,0.9817703090206553
N,0.9235070690018992,0.9936203060436816,0.8902138324103642,0.9817703090206553
N,0.9238905544061141,0.9935294918948372,0.8902138324103642,0.9817703090206553
N,0.9242533057327531,0.9934159742087817,0.8902138324103642,0.9817703090206553
N,0.9245741578257746,0.9932570494483041,0.8902138324103642,0.9817703090206553
N,0.9249587685541506,0.9931662352994597,0.8902138324103642,0.9817703090206553
N,0.9253649248995134,0.9930981246878263,0.8902138324103642,0.9817703090206553
N,0.9257291622571223,0.9929846070017708,0.8902138324103642,0.9817703090206553
N,0.9260514167125492,0.9928256822412932,0.8902138324103642,0.9817703090206553
N,0.9263951862367049,0.9926894610180266,0.8902138324103642,0.9817703090206553
N,0.9268240980200958,0.9926440539436044,0.8902138324103642,0.9817703090206553
N,0.927253446447508,0.9925986468691822,0.8902138324103642,0.9817703090206553
N,0.9275771336417264,0.9924397221087046,0.8902138324103642,0.9817703090206553
N,0.9279011506942381,0.9922807973482268,0.8902138324103642,0.9817703090206553
N,0.9282892221419772,0.9921899831993825,0.8902138324103642,0.9817703090206553
N,0.9285714285714286,0.9919856513644826,0.8902138324103642,0.9817703090206553
N,0.9289177120986605,0.991849430141216,0.8902138324103642,0.9817703090206553
N,0.9292218014721525,0.9916678018435272,0.8902138324103642,0.9817703090206553
N,0.9295262015239879,0.9914861735458385,0.8902138324103642,0.9817703090206553
N,0.9298522083564036,0.9913272487853607,0.8902138324103642,0.9817703090206553
N,0.9302424681467593,0.9912364346365163,0.8902138324103642,0.9817703090206553
N,0.930547857599659,0.9910548063388276,0.8902138324103642,0.9817703090206553
N,0.930789574713134,0.9908050674295055,0.8902138324103642,0.9817703090206553
N,0.9310742179164355,0.9906007355946056,0.8902138324103642,0.9817703090206553
N,0.9314018531961228,0.990441810834128,0.8902138324103642,0.9817703090206553
N,0.9317511855427864,0.9903055896108613,0.8902138324103642,0.9817703090206553
N,0.9320367599914512,0.9901012577759615,0.8902138324103642,0.9817703090206553
N,0.9323653936620622,0.9899423330154838,0.8902138324103642,0.9817703090206553
N,0.9325873946343759,0.9896698905689506,0.8902138324103642,0.9817703090206553
N,0.9329380538550451,0.9895336693456841,0.8902138324103642,0.9817703090206553
N,0.9331819934038634,0.989283930436362,0.8902138324103642,0.9817703090206553
N,0.9334047568030855,0.9890114879898289,0.8902138324103642,0.9817703090206553
N,0.9336706255627493,0.9887844526177179,0.8902138324103642,0.9817703090206553
N,0.9338724207455708,0.9884893066339736,0.8902138324103642,0.9817703090206553
N,0.9341602643890295,0.9882849747990737,0.8902138324103642,0.9817703090206553
N,0.9344269334822004,0.9880579394269627,0.8902138324103642,0.9817703090206553
N,0.9347153598281418,0.9878536075920629,0.8902138324103642,0.9817703090206553
N,0.9349825903795728,0.9876265722199519,0.8902138324103642,0.9817703090206553
N,0.9351855834157671,0.9873314262362076,0.8902138324103642,0.9817703090206553
N,0.9355178794268256,0.9871725014757299,0.8902138324103642,0.9817703090206553
N,0.935721358763508,0.9868773554919856,0.8902138324103642,0.9817703090206553
N,0.9359681240577213,0.9866276165826636,0.8902138324103642,0.9817703090206553
N,0.9362797914062837,0.9864459882849748,0.8902138324103642,0.9817703090206553
N,0.9364839808546419,0.9861508423012305,0.8902138324103642,0.9817703090206553
N,0.93677466672419,0.9859465104663306,0.8902138324103642,0.9817703090206553
N,0.9369577416152286,0.9856286609453753,0.8902138324103642,0.9817703090206553
N,0.9372057870870223,0.9853789220360533,0.8902138324103642,0.9817703090206553
N,0.9373460657650261,0.9850156654406756,0.8902138324103642,0.9817703090206553
N,0.9376378020837837,0.9848113336057758,0.8902138324103642,0.9817703090206553
N,0.9378217050910507,0.9844934840848204,0.8902138324103642,0.9817703090206553
N,0.938113991431168,0.9842891522499205,0.8902138324103642,0.9817703090206553
N,0.938255033557047,0.983925895654543,0.8902138324103642,0.9817703090206553
N,0.9385045271411862,0.9836761567452209,0.8902138324103642,0.9817703090206553
N,0.9386459191192406,0.9833129001498433,0.8902138324103642,0.9817703090206553
N,0.9388741922893448,0.9830404577033102,0.8902138324103642,0.9817703090206553
N,0.9390593135766043,0.9827226081823548,0.8902138324103642,0.9817703090206553
N,0.9391795094421532,0.9823366480497662,0.8902138324103642,0.9817703090206553
N,0.9392781131911566,0.9819279843799664,0.8902138324103642,0.9817703090206553
N,0.9394854634739906,0.9816328383962222,0.8902138324103642,0.9817703090206553
N,0.939606069829123,0.9812468782636334,0.8902138324103642,0.9817703090206553
N,0.9398573106538478,0.9809971393543114,0.8902138324103642,0.9817703090206553
N,0.9400435255712731,0.9806792898333561,0.8902138324103642,0.9817703090206553
N,0.9401428384792928,0.9802706261635563,0.8902138324103642,0.9817703090206553
N,0.9403293974118775,0.9799527766426009,0.8902138324103642,0.9817703090206553
N,0.9404507607131959,0.9795668165100122,0.8902138324103642,0.9817703090206553
N,0.9405940594059405,0.9792035599146347,0.8902138324103642,0.9817703090206553
N,0.9407156884137028,0.9788175997820461,0.8902138324103642,0.9817703090206553
N,0.9408592760773697,0.9784543431866685,0.8902138324103642,0.9817703090206553
N,0.9410030142850903,0.978091086591291,0.8902138324103642,0.9817703090206553
N,0.9411687573757594,0.9777505335331245,0.8902138324103642,0.9817703090206553
N,0.941312808851183,0.9773872769377469,0.8902138324103642,0.9817703090206553
N,0.9414351345438635,0.9770013168051582,0.8902138324103642,0.9817703090206553
N,0.9415357002145077,0.9765926531353585,0.8902138324103642,0.9817703090206553
N,0.9415925715036573,0.9761385823911365,0.8902138324103642,0.9817703090206553
N,0.9416495026074763,0.9756845116469146,0.8902138324103642,0.9817703090206553
N,0.9418599552768887,0.9753893656631704,0.8902138324103642,0.9817703090206553
N,0.9420048256196535,0.9750261090677927,0.8902138324103642,0.9817703090206553
N,0.9421498485713031,0.9746628524724152,0.8902138324103642,0.9817703090206553
N,0.9422071933599754,0.9742087817281933,0.8902138324103642,0.9817703090206553
N,0.9423085372819544,0.9738001180583935,0.8902138324103642,0.9817703090206553
N,0.942366026289181,0.9733460473141715,0.8902138324103642,0.9817703090206553
N,0.9424235759841654,0.9728919765699496,0.8902138324103642,0.9817703090206553
N,0.942481186463055,0.9724379058257276,0.8902138324103642,0.9817703090206553
N,0.9425828893487738,0.9720292421559279,0.8902138324103642,0.9817703090206553
N,0.9426406449623331,0.9715751714117059,0.8902138324103642,0.9817703090206553
N,0.942742539780491,0.9711665077419062,0.8902138324103642,0.9817703090206553
N,0.9427783902976846,0.9706897334604732,0.8902138324103642,0.9817703090206553
N,0.9428584035652826,0.9702583662534623,0.8902138324103642,0.9817703090206553
N,0.9430047238532515,0.9698951096580847,0.8902138324103642,0.9817703090206553
N,0.9431291134767437,0.969509149525496,0.8902138324103642,0.9817703090206553
N,0.9431210500729217,0.9689869681696408,0.8902138324103642,0.9817703090206553
N,0.9431571965509618,0.9685101938882078,0.8902138324103642,0.9817703090206553
N,0.9432155023669424,0.9680561231439858,0.8902138324103642,0.9817703090206553
N,0.9433402682484175,0.9676701630113972,0.8902138324103642,0.9817703090206553
N,0.9434430222773373,0.9672614993415974,0.8902138324103642,0.9817703090206553
N,0.9434351043559179,0.9667393179857422,0.8902138324103642,0.9817703090206553
N,0.9435380181777876,0.9663306543159424,0.8902138324103642,0.9817703090206553
N,0.9435301423945349,0.9658084729600872,0.8902138324103642,0.9817703090206553
N,0.9436775997514536,0.9654452163647096,0.8902138324103642,0.9817703090206553
N,0.9436697899551489,0.9649230350088543,0.8902138324103642,0.9817703090206553
N,0.9437286177633625,0.9644689642646325,0.8902138324103642,0.9817703090206553
N,0.943809735496777,0.9640375970576216,0.8902138324103642,0.9817703090206553
N,0.9438019837210336,0.9635154157017664,0.8902138324103642,0.9817703090206553
N,0.9438832272707045,0.9630840484947555,0.8902138324103642,0.9817703090206553
N,0.9439422948483904,0.9626299777505335,0.8902138324103642,0.9817703090206553
N,0.9439568761972646,0.9621304999318894,0.8902138324103642,0.9817703090206553
N,0.94401604635614,0.9616764291876675,0.8902138324103642,0.9817703090206553
N,0.9440083842483165,0.9611542478318122,0.8902138324103642,0.9817703090206553
N,0.9440676453527286,0.9607001770875903,0.8902138324103642,0.9817703090206553
N,0.9441046475289075,0.9602234028061571,0.8902138324103642,0.9817703090206553
N,0.944141689373297,0.9597466285247241,0.8902138324103642,0.9817703090206553
N,0.9442458100558659,0.9593379648549244,0.8902138324103642,0.9817703090206553
N,0.9443053257613021,0.9588838941107024,0.8902138324103642,0.9817703090206553
N,0.9443872757371035,0.9584525269036916,0.8902138324103642,0.9817703090206553
N,0.9444245489950311,0.9579757526222585,0.8902138324103642,0.9817703090206553
N,0.9444618623191652,0.9574989783408255,0.8902138324103642,0.9817703090206553
N,0.9445664351333184,0.9570903146710258,0.8902138324103642,0.9817703090206553
N,0.944648701968345,0.9566589474640149,0.8902138324103642,0.9817703090206553
N,0.9446637656453277,0.9561594696453708,0.8902138324103642,0.9817703090206553
N,0.9446564028906145,0.9556372882895156,0.8902138324103642,0.9817703090206553
N,0.9447613059684735,0.9552286246197158,0.8902138324103642,0.9817703090206553
N,0.9447989215906538,0.9547518503382827,0.8902138324103642,0.9817703090206553
N,0.9448140988176056,0.9542523725196386,0.8902138324103642,0.9817703090206553
N,0.9448292924294903,0.9537528947009944,0.8902138324103642,0.9817703090206553
N,0.9448219991898825,0.9532307133451392,0.8902138324103642,0.9817703090206553
N,0.9448597289143063,0.9527539390637061,0.8902138324103642,0.9817703090206553
N,0.9448974994368101,0.9522771647822731,0.8902138324103642,0.9817703090206553
N,0.9449127710408871,0.951777686963629,0.8902138324103642,0.9817703090206553
N,0.9449506111587208,0.9513009126821959,0.8902138324103642,0.9817703090206553
N,0.9449884922604811,0.9508241384007629,0.8902138324103642,0.9817703090206553
N,0.9450264144127872,0.9503473641193297,0.8902138324103642,0.9817703090206553
N,0.9450192003614186,0.9498251827634745,0.8902138324103642,0.9817703090206553
N,0.9450571803100846,0.9493484084820415,0.8902138324103642,0.9817703090206553
N,0.9451630410203067,0.9489397448122417,0.8902138324103642,0.9817703090206553
N,0.945178514864926,0.9484402669935976,0.8902138324103642,0.9817703090206553
N,0.9452845565264635,0.9480316033237979,0.8902138324103642,0.9817703090206553
N,0.9453907134767837,0.9476229396539981,0.8902138324103642,0.9817703090206553
N,0.9454743235280787,0.9471915724469873,0.8902138324103642,0.9817703090206553
N,0.9455126751621241,0.9467147981655541,0.8902138324103642,0.9817703090206553
N,0.945528381505513,0.94621532034691,0.8902138324103642,0.9817703090206553
N,0.9455668043764471,0.945738546065477,0.8902138324103642,0.9817703090206553
N,0.9456734044969339,0.9453298823956773,0.8902138324103642,0.9817703090206553
N,0.9456665000227241,0.944807701039822,0.8902138324103642,0.9817703090206553
N,0.9456595880132782,0.9442855196839668,0.8902138324103642,0.9817703090206553
N,0.9456754174439237,0.9437860418653227,0.8902138324103642,0.9817703090206553
N,0.9456912641689807,0.9432865640466784,0.8902138324103642,0.9817703090206553
N,0.9457071282168071,0.9427870862280343,0.8902138324103642,0.9817703090206553
N,0.9457913685457777,0.9423557190210234,0.8902138324103642,0.9817703090206553
N,0.945875701062423,0.9419243518140126,0.8902138324103642,0.9817703090206553
N,0.94589169213924,0.9414248739953684,0.8902138324103642,0.9817703090206553
N,0.9459305244898891,0.9409480997139354,0.8902138324103642,0.9817703090206553
N,0.9459465631422699,0.9404486218952913,0.8902138324103642,0.9817703090206553
N,0.9460311657450989,0.9400172546882805,0.8902138324103642,0.9817703090206553
N,0.946092999862832,0.9395631839440585,0.8902138324103642,0.9817703090206553
N,0.9461320279976211,0.9390864096626255,0.8902138324103642,0.9817703090206553
N,0.9461939854442257,0.9386323389184035,0.8902138324103642,0.9817703090206553
N,0.9462789100068697,0.9382009717113926,0.8902138324103642,0.9817703090206553
N,0.9463181047518673,0.9377241974299596,0.8902138324103642,0.9817703090206553
N,0.9463344184127275,0.9372247196113155,0.8902138324103642,0.9817703090206553
N,0.9463048763704757,0.9366798347182491,0.8902138324103642,0.9817703090206553
N,0.9462753017854684,0.9361349498251827,0.8902138324103642,0.9817703090206553
N,0.9462456946039035,0.9355900649321164,0.8902138324103642,0.9817703090206553
N,0.9463309286403528,0.9351586977251056,0.8902138324103642,0.9817703090206553
N,0.9463243069284171,0.9346365163692504,0.8902138324103642,0.9817703090206553
N,0.9463406780440683,0.9341370385506061,0.8902138324103642,0.9817703090206553
N,0.9463800800846872,0.9336602642691731,0.8902138324103642,0.9817703090206553
N,0.946373474556758,0.9331380829133179,0.8902138324103642,0.9817703090206553
N,0.9464359765930977,0.9326840121690959,0.8902138324103642,0.9817703090206553
N,0.9464063436448297,0.9321391272760297,0.8902138324103642,0.9817703090206553
N,0.9464228054799576,0.9316396494573854,0.8902138324103642,0.9817703090206553
N,0.9464162089814003,0.9311174681015302,0.8902138324103642,0.9817703090206553
N,0.9463865158162087,0.9305725832084639,0.8902138324103642,0.9817703090206553
N,0.9463798918819017,0.9300504018526087,0.8902138324103642,0.9817703090206553
N,0.9463732605982155,0.9295282204967534,0.8902138324103642,0.9817703090206553
N,0.9463434941486655,0.9289833356036871,0.8902138324103642,0.9817703090206553
N,0.946383116582589,0.928506561322254,0.8902138324103642,0.9817703090206553
N,0.9464227830516323,0.928029787040821,0.8902138324103642,0.9817703090206553
N,0.9464624936292453,0.927553012759388,0.8902138324103642,0.9817703090206553
N,0.946432710583654,0.9270081278663216,0.8902138324103642,0.9817703090206553
N,0.9464724708938262,0.9265313535848885,0.8902138324103642,0.9817703090206553
N,0.9465122754907875,0.9260545793034555,0.8902138324103642,0.9817703090206553
N,0.9465753424657535,0.9256005085592335,0.8902138324103642,0.9817703090206553
N,0.946592017841379,0.9251010307405894,0.8902138324103642,0.9817703090206553
N,0.9466319557435731,0.9246242564591564,0.8902138324103642,0.9817703090206553
N,0.9466719382296851,0.9241474821777232,0.8902138324103642,0.9817703090206553
N,0.9467119653744125,0.9236707078962902,0.8902138324103642,0.9817703090206553
N,0.9467753201396973,0.9232166371520683,0.8902138324103642,0.9817703090206553
N,0.9468387457484975,0.9227625664078464,0.8902138324103642,0.9817703090206553
N,0.9469022423197053,0.9223084956636244,0.8902138324103642,0.9817703090206553
N,0.9469191660058771,0.9218090178449803,0.8902138324103642,0.9817703090206553
N,0.9469361086479675,0.9213095400263361,0.8902138324103642,0.9817703090206553
N,0.9469764183983189,0.920832765744903,0.8902138324103642,0.9817703090206553
N,0.9469934121384853,0.9203332879262589,0.8902138324103642,0.9817703090206553
N,0.9470337992613717,0.9198565136448259,0.8902138324103642,0.9817703090206553
N,0.9470040694139108,0.9193116287517595,0.8902138324103642,0.9817703090206553
N,0.9470445078859924,0.9188348544703264,0.8902138324103642,0.9817703090206553
N,0.9470147506438773,0.9182899695772602,0.8902138324103642,0.9817703090206553
N,0.9470552405941058,0.9178131952958271,0.8902138324103642,0.9817703090206553
N,0.947119216164268,0.9173591245516052,0.8902138324103642,0.9817703090206553
N,0.9471363572400207,0.9168596467329609,0.8902138324103642,0.9817703090206553
N,0.9472004505561552,0.9164055759887391,0.8902138324103642,0.9817703090206553
N,0.9471941770368631,0.9158833946328838,0.8902138324103642,0.9817703090206553
N,0.947211389371799,0.9153839168142397,0.8902138324103642,0.9817703090206553
N,0.9472051149452306,0.9148617354583845,0.8902138324103642,0.9817703090206553
N,0.9472458723364222,0.9143849611769513,0.8902138324103642,0.9817703090206553
N,0.9472396102979244,0.9138627798210961,0.8902138324103642,0.9817703090206553
N,0.9473510713444785,0.9134541161512963,0.8902138324103642,0.9817703090206553
N,0.9473919803986242,0.9129773418698633,0.8902138324103642,0.9817703090206553
N,0.9474093630663335,0.9124778640512192,0.8902138324103642,0.9817703090206553
N,0.9474975234680881,0.9120464968442084,0.8902138324103642,0.9817703090206553
N,0.9475857837353094,0.9116151296371975,0.8902138324103642,0.9817703090206553
N,0.947603305785124,0.9111156518185534,0.8902138324103642,0.9817703090206553
N,0.9475735954259793,0.910570766925487,0.8902138324103642,0.9817703090206553
N,0.9476620490756938,0.9101393997184761,0.8902138324103642,0.9817703090206553
N,0.9477269501868584,0.9096853289742541,0.8902138324103642,0.9817703090206553
N,0.9478155914232972,0.9092539617672434,0.8902138324103642,0.9817703090206553
N,0.9478332938669193,0.9087544839485991,0.8902138324103642,0.9817703090206553
N,0.9478510164431597,0.908255006129955,0.8902138324103642,0.9817703090206553
N,0.94789246598075,0.907778231848522,0.8902138324103642,0.9817703090206553
N,0.9479339627117036,0.9073014575670889,0.8902138324103642,0.9817703090206553
N,0.9479280391133051,0.9067792762112337,0.8902138324103642,0.9817703090206553
N,0.9479696034196153,0.9063025019298007,0.8902138324103642,0.9817703090206553
N,0.9479636933897257,0.9057803205739454,0.8902138324103642,0.9817703090206553
N,0.9480040892988755,0.9052808427553013,0.8902138324103642,0.9817703090206553
N,0.9480219806361063,0.9047813649366572,0.8902138324103642,0.9817703090206553
N,0.9480160902577773,0.9042591835808019,0.8902138324103642,0.9817703090206553
N,0.9480101931458239,0.9037370022249467,0.8902138324103642,0.9817703090206553
N,0.9480281186703206,0.9032375244063024,0.8902138324103642,0.9817703090206553
N,0.948069907727522,0.9027607501248694,0.8902138324103642,0.9817703090206553
N,0.9481356013073454,0.9023066793806475,0.8902138324103642,0.9817703090206553
N,0.9481297591483064,0.9017844980247922,0.8902138324103642,0.9817703090206553
N,0.9481239102916239,0.901262316668937,0.8902138324103642,0.9817703090206553
N,0.9481897478790775,0.9008082459247151,0.8902138324103642,0.9817703090206553
N,0.9482317495994835,0.900331471643282,0.8902138324103642,0.9817703090206553
N,0.948297724717085,0.8998774008990601,0.8902138324103642,0.9817703090206553
N,0.948315897828741,0.899377923080416,0.8902138324103642,0.9817703090206553
N,0.948381997173585,0.898923852336194,0.8902138324103642,0.9817703090206553
N,0.948520071899341,0.8985378922036054,0.8902138324103642,0.9817703090206553
N,0.9485384043548116,0.8980384143849611,0.8902138324103642,0.9817703090206553
N,0.9485567579240348,0.897538936566317,0.8902138324103642,0.9817703090206553
N,0.9485991405180899,0.897062162284884,0.8902138324103642,0.9817703090206553
N,0.9486175502654399,0.8965626844662399,0.8902138324103642,0.9817703090206553
N,0.9486600168249009,0.8960859101848068,0.8902138324103642,0.9817703090206553
N,0.9486784829609678,0.8955864323661626,0.8902138324103642,0.9817703090206553
N,0.9486969704261616,0.8950869545475185,0.8902138324103642,0.9817703090206553
N,0.9487154792574579,0.8945874767288744,0.8902138324103642,0.9817703090206553
N,0.9487581006528705,0.8941107024474413,0.8902138324103642,0.9817703090206553
N,0.9488489815595998,0.8936793352404304,0.8902138324103642,0.9817703090206553
N,0.9488676105255541,0.8931798574217863,0.8902138324103642,0.9817703090206553
N,0.9488621280498105,0.892657676065931,0.8902138324103642,0.9817703090206553
N,0.9489049332335256,0.892180901784498,0.8902138324103642,0.9817703090206553
N,0.9488753050327382,0.8916360168914317,0.8902138324103642,0.9817703090206553
N,0.9488939925057416,0.8911365390727876,0.8902138324103642,0.9817703090206553
N,0.9489368907380082,0.8906597647913544,0.8902138324103642,0.9817703090206553
N,0.9490524481448315,0.8902511011215547,0.8902138324103642,0.9817703090206553
N,0.9490712711597608,0.8897516233029106,0.8902138324103642,0.9817703090206553
N,0.9491143473309264,0.8892748490214776,0.8902138324103642,0.9817703090206553
N,0.9491574736331676,0.8887980747400445,0.8902138324103642,0.9817703090206553
N,0.9492249096334393,0.8883440039958226,0.8902138324103642,0.9817703090206553
N,0.949266919118361,0.8878445261771784,0.8902138324103642,0.9817703090206553
N,0.9493344991741961,0.8873904554329565,0.8902138324103642,0.9817703090206553
N,0.9493535530280937,0.8868909776143123,0.8902138324103642,0.9817703090206553
N,0.9493969458223909,0.8864142033328792,0.8902138324103642,0.9817703090206553
N,0.9493917274939173,0.885892021977024,0.8902138324103642,0.9817703090206553
N,0.9494838835329633,0.8854606547700131,0.8902138324103642,0.9817703090206553
N,0.949527428627107,0.8849838804885801,0.8902138324103642,0.9817703090206553
N,0.9495953982645998,0.8845298097443581,0.8902138324103642,0.9817703090206553
N,0.9496878353331383,0.8840984425373474,0.8902138324103642,0.9817703090206553
N,0.9497071742313323,0.8835989647187031,0.8902138324103642,0.9817703090206553
N,0.9497021193475925,0.8830767833628479,0.8902138324103642,0.9817703090206553
N,0.9496970585361086,0.8825546020069927,0.8902138324103642,0.9817703090206553
N,0.9498142172680161,0.8821459383371929,0.8902138324103642,0.9817703090206553
N,0.9498825946580569,0.881691867592971,0.8902138324103642,0.9817703090206553
N,0.9499265785609398,0.8812150933115379,0.8902138324103642,0.9817703090206553
N,0.9499461259672838,0.8807156154928938,0.8902138324103642,0.9817703090206553
N,0.9499656963638146,0.8802161376742497,0.8902138324103642,0.9817703090206553
N,0.9500098068059233,0.8797393633928166,0.8902138324103642,0.9817703090206553
N,0.9500539691884996,0.8792625891113836,0.8902138324103642,0.9817703090206553
N,0.9501718213058419,0.8788539254415838,0.8902138324103642,0.9817703090206553
N,0.9502898123587779,0.8784452617717841,0.8902138324103642,0.9817703090206553
N,0.9502850683180969,0.8779230804159288,0.8902138324103642,0.9817703090206553
N,0.9503049080358021,0.8774236025972847,0.8902138324103642,0.9817703090206553
N,0.9503247711839385,0.8769241247786405,0.8902138324103642,0.9817703090206553
N,0.9504431314623338,0.8765154611088407,0.8902138324103642,0.9817703090206553
N,0.9504630998127894,0.8760159832901966,0.8902138324103642,0.9817703090206553
N,0.9504584442472641,0.8754938019343413,0.8902138324103642,0.9817703090206553
N,0.9505277695570682,0.8750397311901195,0.8902138324103642,0.9817703090206553
N,0.950498470042444,0.8744948462970531,0.8902138324103642,0.9817703090206553
N,0.9505679012345679,0.8740407755528311,0.8902138324103642,0.9817703090206553
N,0.9505632967684554,0.8735185941969759,0.8902138324103642,0.9817703090206553
N,0.9505834074953031,0.8730191163783317,0.8902138324103642,0.9817703090206553
N,0.950603542099535,0.8725196385596876,0.8902138324103642,0.9817703090206553
N,0.9506237006237006,0.8720201607410435,0.8902138324103642,0.9817703090206553
N,0.950668647845468,0.8715433864596104,0.8902138324103642,0.9817703090206553
N,0.9506888690653187,0.8710439086409663,0.8902138324103642,0.9817703090206553
N,0.9507326870149513,0.8705444308223221,0.8902138324103642,0.9817703090206553
N,0.9508025901208227,0.8700903600781001,0.8902138324103642,0.9817703090206553
N,0.9509222252563116,0.8696816964083004,0.8902138324103642,0.9817703090206553
N,0.950942646364788,0.8691822185896563,0.8902138324103642,0.9817703090206553
N,0.9509630918354667,0.8686827407710122,0.8902138324103642,0.9817703090206553
N,0.9509835617119694,0.868183262952368,0.8902138324103642,0.9817703090206553
N,0.9511035907134148,0.8677745992825682,0.8902138324103642,0.9817703090206553
N,0.9511739660881906,0.8673205285383463,0.8902138324103642,0.9817703090206553
N,0.9512444256209671,0.8668664577941243,0.8902138324103642,0.9817703090206553
N,0.9512900411317462,0.8663896835126913,0.8902138324103642,0.9817703090206553
N,0.9513107680027937,0.8658902056940472,0.8902138324103642,0.9817703090206553
N,0.9513814360945416,0.8654361349498252,0.8902138324103642,0.9817703090206553
N,0.9514022425892166,0.8649366571311811,0.8902138324103642,0.9817703090206553
N,0.9514480621704691,0.864459882849748,0.8902138324103642,0.9817703090206553
N,0.9515189398674835,0.8640058121055261,0.8902138324103642,0.9817703090206553
N,0.9515648845412924,0.863529037824093,0.8902138324103642,0.9817703090206553
N,0.9517110170976544,0.8631430776915043,0.8902138324103642,0.9817703090206553
N,0.951757132480024,0.8626663034100713,0.8902138324103642,0.9817703090206553
N,0.9517782400561418,0.8621668255914271,0.8902138324103642,0.9817703090206553
N,0.9518244514106583,0.8616900513099941,0.8902138324103642,0.9817703090206553
N,0.9518707184261374,0.8612132770285611,0.8902138324103642,0.9817703090206553
N,0.9518417154191879,0.8606683921354947,0.8902138324103642,0.9817703090206553
N,0.9518880486395498,0.8601916178540616,0.8902138324103642,0.9817703090206553
N,0.9519344377686719,0.8597148435726286,0.8902138324103642,0.9817703090206553
N,0.9519557288391397,0.8592153657539845,0.8902138324103642,0.9817703090206553
N,0.95200221489517,0.8587385914725514,0.8902138324103642,0.9817703090206553
N,0.9520235726698063,0.8582391136539073,0.8902138324103642,0.9817703090206553
N,0.9520449562785072,0.8577396358352631,0.8902138324103642,0.9817703090206553
N,0.9520915807256864,0.8572628615538301,0.8902138324103642,0.9817703090206553
N,0.9522391825406837,0.8568769014212414,0.8902138324103642,0.9817703090206553
N,0.9523112266794578,0.8564228306770195,0.8902138324103642,0.9817703090206553
N,0.9523580973551924,0.8559460563955864,0.8902138324103642,0.9817703090206553
N,0.95237974875515,0.8554465785769423,0.8902138324103642,0.9817703090206553
N,0.9524014264397177,0.8549471007582982,0.8902138324103642,0.9817703090206553
N,0.952473744147792,0.8544930300140762,0.8902138324103642,0.9817703090206553
N,0.9524689794884781,0.8539481451210098,0.8902138324103642,0.9817703090206553
N,0.9525160897988142,0.8534713708395768,0.8902138324103642,0.9817703090206553
N,0.9525886111251964,0.8530173000953548,0.8902138324103642,0.9817703090206553
N,0.9526612207620884,0.8525632293511329,0.8902138324103642,0.9817703090206553
N,0.9527846880235569,0.8521545656813332,0.8902138324103642,0.9817703090206553
N,0.9528575057150114,0.8517004949371112,0.8902138324103642,0.9817703090206553
N,0.9530066588725664,0.8513145348045226,0.8902138324103642,0.9817703090206553
N,0.9530034077615585,0.8507923534486673,0.8902138324103642,0.9817703090206553
N,0.9530510458547509,0.8503155791672342,0.8902138324103642,0.9817703090206553
N,0.953200590721597,0.8499296190346456,0.8902138324103642,0.9817703090206553
N,0.9532484076433121,0.8494528447532126,0.8902138324103642,0.9817703090206553
N,0.9533472696680773,0.8490214775462017,0.8902138324103642,0.9817703090206553
N,0.953369726034386,0.8485219997275576,0.8902138324103642,0.9817703090206553
N,0.9534177344427995,0.8480452254461245,0.8902138324103642,0.9817703090206553
N,0.953414721356694,0.8475230440902692,0.8902138324103642,0.9817703090206553
N,0.9534117045744953,0.847000862734414,0.8902138324103642,0.9817703090206553
N,0.9534598271365008,0.846524088452981,0.8902138324103642,0.9817703090206553
N,0.9535335960288623,0.846070017708759,0.8902138324103642,0.9817703090206553
N,0.9536074555788827,0.8456159469645371,0.8902138324103642,0.9817703090206553
N,0.9536045498795922,0.8450937656086819,0.8902138324103642,0.9817703090206553
N,0.953652909510382,0.8446169913272488,0.8902138324103642,0.9817703090206553
N,0.9536756784486738,0.8441175135086046,0.8902138324103642,0.9817703090206553
N,0.9537754735383194,0.8436861463015938,0.8902138324103642,0.9817703090206553
N,0.9538240279418563,0.8432093720201608,0.8902138324103642,0.9817703090206553
N,0.9538726422367272,0.8427325977387277,0.8902138324103642,0.9817703090206553
N,0.9539213165338133,0.8422558234572947,0.8902138324103642,0.9817703090206553
N,0.9540215098029126,0.8418244562502838,0.8902138324103642,0.9817703090206553
N,0.9540188455795273,0.8413022748944285,0.8902138324103642,0.9817703090206553
N,0.9540161780617239,0.8407800935385733,0.8902138324103642,0.9817703090206553
N,0.9540135072433882,0.8402579121827181,0.8902138324103642,0.9817703090206553
N,0.9540870282958034,0.8397811379012851,0.8902138324103642,0.9817703090206553
N,0.9541360175506517,0.839304363619852,0.8902138324103642,0.9817703090206553
N,0.9541334159758271,0.8387821822639967,0.8902138324103642,0.9817703090206553
N,0.9541566529705146,0.8382827044453526,0.8902138324103642,0.9817703090206553
N,0.9541799188064024,0.8377832266267085,0.8902138324103642,0.9817703090206553
N,0.9542549613185335,0.8373291558824865,0.8902138324103642,0.9817703090206553
N,0.9543042071197411,0.8368523816010535,0.8902138324103642,0.9817703090206553
N,0.9543794202222741,0.8363983108568315,0.8902138324103642,0.9817703090206553
N,0.9544028825465951,0.8358988330381873,0.8902138324103642,0.9817703090206553
N,0.9544782507197883,0.8354447622939654,0.8902138324103642,0.9817703090206553
N,0.9545277583119209,0.8349679880125324,0.8902138324103642,0.9817703090206553
N,0.9545253863134657,0.8344458066566771,0.8902138324103642,0.9817703090206553
N,0.9545749850575609,0.8339690323752441,0.8902138324103642,0.9817703090206553
N,0.9548054919908466,0.8336284793170776,0.8902138324103642,0.9817703090206553
N,0.9548813488759367,0.8331744085728556,0.8902138324103642,0.9817703090206553
N,0.9549312643199334,0.8326976342914226,0.8902138324103642,0.9817703090206553
N,0.9549291371404752,0.8321754529355674,0.8902138324103642,0.9817703090206553
N,0.95492700729927,0.8316532715797121,0.8902138324103642,0.9817703090206553
N,0.9549770450751253,0.831176497298279,0.8902138324103642,0.9817703090206553
N,0.955053247024431,0.8307224265540571,0.8902138324103642,0.9817703090206553
N,0.9551034266610948,0.830245652272624,0.8902138324103642,0.9817703090206553
N,0.9551798034706251,0.8297915815284022,0.8902138324103642,0.9817703090206553
N,0.9552301255230126,0.829314807246969,0.8902138324103642,0.9817703090206553
N,0.9553066778312749,0.8288607365027472,0.8902138324103642,0.9817703090206553
N,0.9554356933389192,0.8284520728329474,0.8902138324103642,0.9817703090206553
N,0.9555910710542863,0.8280661127003587,0.8902138324103642,0.9817703090206553
N,0.9556155620805369,0.8275666348817146,0.8902138324103642,0.9817703090206553
N,0.9557187827911857,0.8271352676747037,0.8902138324103642,0.9817703090206553
N,0.9557433851322974,0.8266357898560596,0.8902138324103642,0.9817703090206553
N,0.9557942845135533,0.8261590155746266,0.8902138324103642,0.9817703090206553
N,0.9558189655172413,0.8256595377559823,0.8902138324103642,0.9817703090206553
N,0.9558962760361877,0.8252054670117605,0.8902138324103642,0.9817703090206553
N,0.9559210526315789,0.8247059891931163,0.8902138324103642,0.9817703090206553
N,0.9559985253844533,0.8242519184488943,0.8902138324103642,0.9817703090206553
N,0.9561551433389545,0.8238659583163057,0.8902138324103642,0.9817703090206553
N,0.9562592280109682,0.8234345911092948,0.8902138324103642,0.9817703090206553
N,0.9562842971718024,0.8229351132906507,0.8902138324103642,0.9817703090206553
N,0.9563357972544878,0.8224583390092176,0.8902138324103642,0.9817703090206553
N,0.9563873626373627,0.8219815647277846,0.8902138324103642,0.9817703090206553
N,0.9564125607950941,0.8214820869091405,0.8902138324103642,0.9817703090206553
N,0.9564113415150233,0.8209599055532852,0.8902138324103642,0.9817703090206553
N,0.956463053144188,0.8204831312718521,0.8902138324103642,0.9817703090206553
N,0.9566207627118644,0.8200971711392635,0.8902138324103642,0.9817703090206553
N,0.9566726733093067,0.8196203968578305,0.8902138324103642,0.9817703090206553
N,0.9566981332201951,0.8191209190391863,0.8902138324103642,0.9817703090206553
N,0.9567755459442248,0.8186441447577533,0.8902138324103642,0.9817703090206553
N,0.9568807583039057,0.8182127775507424,0.8902138324103642,0.9817703090206553
N,0.9568798320890566,0.8176905961948872,0.8902138324103642,0.9817703090206553
N,0.9569054898311844,0.817191118376243,0.8902138324103642,0.9817703090206553
N,0.9569045782235109,0.8166689370203878,0.8902138324103642,0.9817703090206553
N,0.9570101418798413,0.8162375698133769,0.8902138324103642,0.9817703090206553
N,0.9570625682550675,0.8157607955319439,0.8902138324103642,0.9817703090206553
N,0.9570606109067648,0.8152159106388776,0.8902138324103642,0.9817703090206553
N,0.9570864671680802,0.8147164328202334,0.8902138324103642,0.9817703090206553
N,0.9570856685348279,0.8141942514643782,0.8902138324103642,0.9817703090206553
N,0.957164984243978,0.8137401807201562,0.8902138324103642,0.9817703090206553
N,0.9572444016888462,0.8132861099759342,0.8902138324103642,0.9817703090206553
N,0.9573239210652976,0.8128320392317123,0.8902138324103642,0.9817703090206553
N,0.957323272863488,0.8123098578758571,0.8902138324103642,0.9817703090206553
N,0.957429718875502,0.8118784906688462,0.8902138324103642,0.9817703090206553
N,0.9574827198199647,0.8114017163874132,0.8902138324103642,0.9817703090206553
N,0.9575894053938127,0.8109703491804023,0.8902138324103642,0.9817703090206553
N,0.9576962283384302,0.8105389819733915,0.8902138324103642,0.9817703090206553
N,0.9577763461641703,0.8100849112291695,0.8902138324103642,0.9817703090206553
N,0.9579102874026323,0.8096762475593697,0.8902138324103642,0.9817703090206553
N,0.957963769284524,0.8091994732779367,0.8902138324103642,0.9817703090206553
N,0.957963530740681,0.8086772919220815,0.8902138324103642,0.9817703090206553
N,0.9579632918886916,0.8081551105662262,0.8902138324103642,0.9817703090206553
N,0.9580438412236764,0.8077010398220043,0.8902138324103642,0.9817703090206553
N,0.9580975478307734,0.8072242655405713,0.8902138324103642,0.9817703090206553
N,0.958232217009114,0.8068156018707715,0.8902138324103642,0.9817703090206553
N,0.9582861151583832,0.8063388275893384,0.8902138324103642,0.9817703090206553
N,0.9584210810518926,0.8059301639195386,0.8902138324103642,0.9817703090206553
N,0.9585021883611606,0.8054760931753168,0.8902138324103642,0.9817703090206553
N,0.9585563665855636,0.8049993188938837,0.8902138324103642,0.9817703090206553
N,0.9587458745874587,0.8046360622985061,0.8902138324103642,0.9817703090206553
N,0.9589085593633263,0.8042501021659174,0.8902138324103642,0.9817703090206553
N,0.958990194485075,0.8037960314216955,0.8902138324103642,0.9817703090206553
N,0.9590177264595869,0.8032965536030514,0.8902138324103642,0.9817703090206553
N,0.959153783563873,0.8028878899332516,0.8902138324103642,0.9817703090206553
N,0.9592085979482169,0.8024111156518186,0.8902138324103642,0.9817703090206553
N,0.9593177991418174,0.8019797484448077,0.8902138324103642,0.9817703090206553
N,0.9593727919995652,0.8015029741633747,0.8902138324103642,0.9817703090206553
N,0.9594550497634198,0.8010489034191527,0.8902138324103642,0.9817703090206553
N,0.9595102040816327,0.8005721291377197,0.8902138324103642,0.9817703090206553
N,0.9595654304852148,0.8000953548562866,0.8902138324103642,0.9817703090206553
N,0.9597297150019073,0.799709394723698,0.8902138324103642,0.9817703090206553
N,0.9597851573150117,0.799232620442265,0.8902138324103642,0.9817703090206553
N,0.9599225186882742,0.7988239567724652,0.8902138324103642,0.9817703090206553
N,0.96000546000546,0.7983698860282432,0.8902138324103642,0.9817703090206553
N,0.9600338742282686,0.7978704082095991,0.8902138324103642,0.9817703090206553
N,0.9600623257339675,0.7973709303909549,0.8902138324103642,0.9817703090206553
N,0.9601181683899557,0.7968941561095219,0.8902138324103642,0.9817703090206553
N,0.960174084414518,0.7964173818280889,0.8902138324103642,0.9817703090206553
N,0.9601479046836483,0.7958724969350225,0.8902138324103642,0.9817703090206553
N,0.9602313216028066,0.7954184261908005,0.8902138324103642,0.9817703090206553
N,0.9602874225220778,0.7949416519093675,0.8902138324103642,0.9817703090206553
N,0.9602887095888907,0.7944194705535123,0.8902138324103642,0.9817703090206553
N,0.960399846212995,0.7939881033465014,0.8902138324103642,0.9817703090206553
N,0.9604286892003298,0.7934886255278573,0.8902138324103642,0.9817703090206553
N,0.960430072045317,0.792966444172002,0.8902138324103642,0.9817703090206553
N,0.960458973088988,0.7924669663533579,0.8902138324103642,0.9817703090206553
N,0.9605154468858418,0.7919901920719248,0.8902138324103642,0.9817703090206553
N,0.9605444426075935,0.7914907142532807,0.8902138324103642,0.9817703090206553
N,0.9606010476978218,0.7910139399718477,0.8902138324103642,0.9817703090206553
N,0.9606301384980411,0.7905144621532034,0.8902138324103642,0.9817703090206553
N,0.960659267848269,0.7900149843345593,0.8902138324103642,0.9817703090206553
N,0.9607160616608652,0.7895382100531263,0.8902138324103642,0.9817703090206553
N,0.9608282191629347,0.7891068428461154,0.8902138324103642,0.9817703090206553
N,0.9608298755186722,0.7885846614902602,0.8902138324103642,0.9817703090206553
N,0.9608868958644743,0.7881078872088272,0.8902138324103642,0.9817703090206553
N,0.9610270899119162,0.7876992235390273,0.8902138324103642,0.9817703090206553
N,0.9611120350352015,0.7872451527948054,0.8902138324103642,0.9817703090206553
N,0.9611693570754979,0.7867683785133723,0.8902138324103642,0.9817703090206553
N,0.9612545101304468,0.7863143077691505,0.8902138324103642,0.9817703090206553
N,0.9613953230017219,0.7859056440993507,0.8902138324103642,0.9817703090206553
N,0.9614529486965705,0.7854288698179176,0.8902138324103642,0.9817703090206553
N,0.9616218922075755,0.785042909685329,0.8902138324103642,0.9817703090206553
N,0.9617910613903267,0.7846569495527403,0.8902138324103642,0.9817703090206553
N,0.9619047619047619,0.7842255823457295,0.8902138324103642,0.9817703090206553
N,0.9619628824611269,0.7837488080642964,0.8902138324103642,0.9817703090206553
N,0.9619653114717528,0.7832266267084411,0.8902138324103642,0.9817703090206553
N,0.9621351637926223,0.7828406665758525,0.8902138324103642,0.9817703090206553
N,0.962193555592785,0.7823638922944195,0.8902138324103642,0.9817703090206553
N,0.9622789125150186,0.7818871180129864,0.8902138324103642,0.9817703090206553
N,0.9624213616664337,0.7814784543431866,0.8902138324103642,0.9817703090206553
N,0.9624241067681374,0.7809562729873314,0.8902138324103642,0.9817703090206553
N,0.9624548534311392,0.7804567951686873,0.8902138324103642,0.9817703090206553
N,0.9625416748382035,0.7800027244244653,0.8902138324103642,0.9817703090206553
N,0.9626286130813873,0.7795486536802434,0.8902138324103642,0.9817703090206553
N,0.9627998316734465,0.7791626935476548,0.8902138324103642,0.9817703090206553
N,0.9628870610033408,0.7787086228034328,0.8902138324103642,0.9817703090206553
N,0.9629744079557266,0.7782545520592108,0.8902138324103642,0.9817703090206553
N,0.9630056503527956,0.7777550742405667,0.8902138324103642,0.9817703090206553
N,0.963120288061213,0.7773010034963447,0.8902138324103642,0.9817703090206553
N,0.9632079720752168,0.7768469327521228,0.8902138324103642,0.9817703090206553
N,0.9632676056338029,0.7763701584706897,0.8902138324103642,0.9817703090206553
N,0.9634118840906528,0.7759614948008899,0.8902138324103642,0.9817703090206553
N,0.9634717364323593,0.7754847205194569,0.8902138324103642,0.9817703090206553
N,0.963531669865643,0.7750079462380239,0.8902138324103642,0.9817703090206553
N,0.963563439159417,0.7745084684193797,0.8902138324103642,0.9817703090206553
N,0.9636517806670435,0.7740543976751578,0.8902138324103642,0.9817703090206553
N,0.9637685258513407,0.773623030468147,0.8902138324103642,0.9817703090206553
N,0.9637994961931449,0.7731008491122917,0.8902138324103642,0.9817703090206553
N,0.9638598578185629,0.7726240748308586,0.8902138324103642,0.9817703090206553
N,0.963891959300513,0.7721245970122145,0.8902138324103642,0.9817703090206553
N,0.9639808275901188,0.7716705262679926,0.8902138324103642,0.9817703090206553
N,0.9640698169433801,0.7712164555237706,0.8902138324103642,0.9817703090206553
N,0.9641305273920082,0.7707396812423376,0.8902138324103642,0.9817703090206553
N,0.9642765794185353,0.7703310175725377,0.8902138324103642,0.9817703090206553
N,0.9643090748798453,0.7698315397538936,0.8902138324103642,0.9817703090206553
N,0.964341614730072,0.7693320619352495,0.8902138324103642,0.9817703090206553
N,0.9643457212017656,0.7688098805793943,0.8902138324103642,0.9817703090206553
N,0.9644353252970848,0.7683558098351723,0.8902138324103642,0.9817703090206553
N,0.9645250520432316,0.7679017390909504,0.8902138324103642,0.9817703090206553
N,0.9646434380618097,0.7674703718839395,0.8902138324103642,0.9817703090206553
N,0.9646763185699192,0.7669708940652954,0.8902138324103642,0.9817703090206553
N,0.9647949707101015,0.7665395268582845,0.8902138324103642,0.9817703090206553
N,0.9648851905864859,0.7660854561140625,0.8902138324103642,0.9817703090206553
N,0.9649183048616476,0.7655859782954184,0.8902138324103642,0.9817703090206553
N,0.9650373679237179,0.7651546110884075,0.8902138324103642,0.9817703090206553
N,0.9650706323963437,0.7646551332697634,0.8902138324103642,0.9817703090206553
N,0.9651612903225807,0.7642010625255414,0.8902138324103642,0.9817703090206553
N,0.9651659923675074,0.7636788811696862,0.8902138324103642,0.9817703090206553
N,0.9652855543113102,0.7632475139626754,0.8902138324103642,0.9817703090206553
N,0.9653190816883602,0.7627480361440312,0.8902138324103642,0.9817703090206553
N,0.9652951493717473,0.7622031512509649,0.8902138324103642,0.9817703090206553
N,0.9653862753560639,0.761749080506743,0.8902138324103642,0.9817703090206553
N,0.9654487345599032,0.76127230622531,0.8902138324103642,0.9817703090206553
N,0.9655112801452157,0.7607955319438768,0.8902138324103642,0.9817703090206553
N,0.965660409999135,0.7603868682740771,0.8902138324103642,0.9817703090206553
N,0.9656943362474394,0.759887390455433,0.8902138324103642,0.9817703090206553
N,0.9658437996246572,0.7594787267856332,0.8902138324103642,0.9817703090206553
N,0.9659356851867903,0.7590246560414112,0.8902138324103642,0.9817703090206553
N,0.9659698730736982,0.7585251782227671,0.8902138324103642,0.9817703090206553
N,0.9660619737869977,0.7580711074785451,0.8902138324103642,0.9817703090206553
N,0.9660962969396913,0.757571629659901,0.8902138324103642,0.9817703090206553
N,0.9661016949152542,0.7570494483040457,0.8902138324103642,0.9817703090206553
N,0.9662520657562842,0.756640784634246,0.8902138324103642,0.9817703090206553
N,0.9662575797139292,0.7561186032783908,0.8902138324103642,0.9817703090206553
N,0.9663502017826554,0.7556645325341689,0.8902138324103642,0.9817703090206553
N,0.9664138992998054,0.7551877582527358,0.8902138324103642,0.9817703090206553
N,0.9664776857101323,0.7547109839713028,0.8902138324103642,0.9817703090206553
N,0.9664833726106311,0.7541888026154475,0.8902138324103642,0.9817703090206553
N,0.9665181820828602,0.7536893247968034,0.8902138324103642,0.9817703090206553
N,0.9665239052530373,0.7531671434409482,0.8902138324103642,0.9817703090206553
N,0.9666462579083939,0.7527357762339373,0.8902138324103642,0.9817703090206553
N,0.9667104303428155,0.7522590019525042,0.8902138324103642,0.9817703090206553
N,0.9666871040261599,0.7517141170594379,0.8902138324103642,0.9817703090206553
N,0.9668098284979695,0.751282749852427,0.8902138324103642,0.9817703090206553
N,0.9669327251995439,0.7508513826454162,0.8902138324103642,0.9817703090206553
N,0.966997279030984,0.7503746083639831,0.8902138324103642,0.9817703090206553
N,0.9671204801639585,0.7499432411569723,0.8902138324103642,0.9817703090206553
N,0.9672145556825174,0.7494891704127503,0.8902138324103642,0.9817703090206553
N,0.9674846805641071,0.749171320891795,0.8902138324103642,0.9817703090206553
N,0.9675204647478215,0.7486718430731508,0.8902138324103642,0.9817703090206553
N,0.9676737426230952,0.7482631794033511,0.8902138324103642,0.9817703090206553
N,0.9677684736300867,0.7478091086591291,0.8902138324103642,0.9817703090206553
N,0.9678633383317162,0.7473550379149071,0.8902138324103642,0.9817703090206553
N,0.9679289139965281,0.7468782636334741,0.8902138324103642,0.9817703090206553
N,0.9680534699525954,0.7464468964264632,0.8902138324103642,0.9817703090206553
N,0.9680898081852736,0.7459474186078191,0.8902138324103642,0.9817703090206553
N,0.9682736252395695,0.7455614584752305,0.8902138324103642,0.9817703090206553
N,0.9683101708418164,0.7450619806565862,0.8902138324103642,0.9817703090206553
N,0.9684353500457673,0.7446306134495755,0.8902138324103642,0.9817703090206553
N,0.9684425139615283,0.7441084320937202,0.8902138324103642,0.9817703090206553
N,0.9684792572222715,0.743608954275076,0.8902138324103642,0.9817703090206553
N,0.968545642846575,0.743132179993643,0.8902138324103642,0.9817703090206553
N,0.9687009564419177,0.7427235163238433,0.8902138324103642,0.9817703090206553
N,0.9687370355005037,0.742201334967988,0.8902138324103642,0.9817703090206553
N,0.9687740940632228,0.7417018571493439,0.8902138324103642,0.9817703090206553
N,0.96887055611609,0.7412477864051219,0.8902138324103642,0.9817703090206553
N,0.9690562451743184,0.7408618262725333,0.8902138324103642,0.9817703090206553
N,0.9690638930163448,0.740339644916678,0.8902138324103642,0.9817703090206553
N,0.9691598513011153,0.7398628706352449,0.8902138324103642,0.9817703090206553
N,0.969227106336121,0.7393860963538119,0.8902138324103642,0.9817703090206553
N,0.9692944575155612,0.7389093220723789,0.8902138324103642,0.9817703090206553
N,0.9693619050457485,0.7384325477909458,0.8902138324103642,0.9817703090206553
N,0.9694592740612604,0.7379784770467239,0.8902138324103642,0.9817703090206553
N,0.9695567825697657,0.7375244063025019,0.8902138324103642,0.9817703090206553
N,0.9695648278127893,0.7370022249466467,0.8902138324103642,0.9817703090206553
N,0.9696625519323311,0.7365481542024247,0.8902138324103642,0.9817703090206553
N,0.9697604163550982,0.7360940834582028,0.8902138324103642,0.9817703090206553
N,0.9697985572749858,0.7355946056395587,0.8902138324103642,0.9817703090206553
N,0.9698367530327991,0.7350951278209145,0.8902138324103642,0.9817703090206553
N,0.9698750037468901,0.7345956500022703,0.8902138324103642,0.9817703090206553
N,0.969943306236314,0.7341188757208373,0.8902138324103642,0.9817703090206553
N,0.9700717437636959,0.7336875085138265,0.8902138324103642,0.9817703090206553
N,0.9701102466280153,0.7331880306951823,0.8902138324103642,0.9817703090206553
N,0.9701788666766872,0.7327112564137492,0.8902138324103642,0.9817703090206553
N,0.9702475858127012,0.7322344821323162,0.8902138324103642,0.9817703090206553
N,0.9702862991841527,0.7317350043136721,0.8902138324103642,0.9817703090206553
N,0.9703551953725184,0.731258230032239,0.8902138324103642,0.9817703090206553
N,0.9704543398956857,0.7308041592880171,0.8902138324103642,0.9817703090206553
N,0.9705837984613064,0.7303727920810063,0.8902138324103642,0.9817703090206553
N,0.9706832523172609,0.7299187213367843,0.8902138324103642,0.9817703090206553
N,0.9707224219717799,0.7294192435181401,0.8902138324103642,0.9817703090206553
N,0.9707616484745866,0.728919765699496,0.8902138324103642,0.9817703090206553
N,0.9707706738479228,0.7283975843436408,0.8902138324103642,0.9817703090206553
N,0.9708705526116579,0.7279435135994188,0.8902138324103642,0.9817703090206553
N,0.9710614829853641,0.7275575534668302,0.8902138324103642,0.9817703090206553
N,0.9711920429390181,0.7271261862598193,0.8902138324103642,0.9817703090206553
N,0.9711710618153128,0.7265813013667529,0.8902138324103642,0.9817703090206553
N,0.9713010204081632,0.726127230622531,0.8902138324103642,0.9817703090206553
N,0.9714016532944323,0.725673159878309,0.8902138324103642,0.9817703090206553
N,0.9714111922141119,0.7251509785224538,0.8902138324103642,0.9817703090206553
N,0.971481616751887,0.7246742042410208,0.8902138324103642,0.9817703090206553
N,0.971521686159844,0.7241747264223766,0.8902138324103642,0.9817703090206553
N,0.9715313338210193,0.7236525450665213,0.8902138324103642,0.9817703090206553
N,0.9716020009760858,0.7231757707850883,0.8902138324103642,0.9817703090206553
N,0.9717338217338217,0.7227444035780775,0.8902138324103642,0.9817703090206553
N,0.9718047409579668,0.7222676292966445,0.8902138324103642,0.9817703090206553
N,0.9719674737099535,0.7218589656268447,0.8902138324103642,0.9817703090206553
N,0.9720386686245717,0.7213821913454116,0.8902138324103642,0.9817703090206553
N,0.9721711976487877,0.7209508241384007,0.8902138324103642,0.9817703090206553
N,0.9721813725490196,0.7204286427825455,0.8902138324103642,0.9817703090206553
N,0.9722222222222222,0.7199291649639014,0.8902138324103642,0.9817703090206553
N,0.9722324496809033,0.7194069836080461,0.8902138324103642,0.9817703090206553
N,0.9723348071726848,0.7189529128638242,0.8902138324103642,0.9817703090206553
N,0.9724373156342183,0.7184988421196022,0.8902138324103642,0.9817703090206553
N,0.9725092250922509,0.7180220678381691,0.8902138324103642,0.9817703090206553
N,0.9726735598227474,0.7176134041683694,0.8902138324103642,0.9817703090206553
N,0.9727457501847746,0.7171366298869364,0.8902138324103642,0.9817703090206553
N,0.972879684418146,0.7167052626799255,0.8902138324103642,0.9817703090206553
N,0.9729212928694794,0.7162057848612814,0.8902138324103642,0.9817703090206553
N,0.9731172839506173,0.7158198247286928,0.8902138324103642,0.9817703090206553
N,0.9731274131274131,0.7152749398356264,0.8902138324103642,0.9817703090206553
N,0.9732620320855615,0.7148435726286155,0.8902138324103642,0.9817703090206553
N,0.9733349831410276,0.7143667983471825,0.8902138324103642,0.9817703090206553
N,0.9734080425966628,0.7138900240657494,0.8902138324103642,0.9817703090206553
N,0.9735121905883082,0.7134359533215275,0.8902138324103642,0.9817703090206553
N,0.9736474965121686,0.7130045861145167,0.8902138324103642,0.9817703090206553
N,0.9736588998169464,0.7124824047586614,0.8902138324103642,0.9817703090206553
N,0.9737013692675506,0.7119829269400173,0.8902138324103642,0.9817703090206553
N,0.9738060466706024,0.7115288561957953,0.8902138324103642,0.9817703090206553
N,0.9739419758077055,0.7110974889887844,0.8902138324103642,0.9817703090206553
N,0.9739847518282246,0.7105980111701403,0.8902138324103642,0.9817703090206553
N,0.9741210177197845,0.7101666439631295,0.8902138324103642,0.9817703090206553
N,0.9741951569171315,0.7096898696816965,0.8902138324103642,0.9817703090206553
N,0.9742382185073137,0.7091903918630522,0.8902138324103642,0.9817703090206553
N,0.974281344611255,0.7086909140444081,0.8902138324103642,0.9817703090206553
N,0.9742933000156176,0.7081687326885528,0.8902138324103642,0.9817703090206553
N,0.9743990497327374,0.707714661944331,0.8902138324103642,0.9817703090206553
N,0.9744728774322717,0.7072151841256867,0.8902138324103642,0.9817703090206553
N,0.9746102310437669,0.706783816918676,0.8902138324103642,0.9817703090206553
N,0.9745911397957265,0.7062389320256096,0.8902138324103642,0.9817703090206553
N,0.9747287891139399,0.7058075648185987,0.8902138324103642,0.9817703090206553
N,0.9748658571025134,0.7053534940743768,0.8902138324103642,0.9817703090206553
N,0.9749097189511697,0.7048540162557326,0.8902138324103642,0.9817703090206553
N,0.9750164985387009,0.7043999455115106,0.8902138324103642,0.9817703090206553
N,0.975059755944144,0.7038777641556555,0.8902138324103642,0.9817703090206553
N,0.9751038650383986,0.7033782863370113,0.8902138324103642,0.9817703090206553
N,0.975116542774348,0.702856104981156,0.8902138324103642,0.9817703090206553
N,0.9751607615685286,0.7023566271625119,0.8902138324103642,0.9817703090206553
N,0.9752681388012618,0.70190255641829,0.8902138324103642,0.9817703090206553
N,0.9753125394620533,0.7014030785996458,0.8902138324103642,0.9817703090206553
N,0.9753886010362695,0.7009263043182128,0.8902138324103642,0.9817703090206553
N,0.9755280131529025,0.7004949371112019,0.8902138324103642,0.9817703090206553
N,0.9756043538792558,0.7000181628297689,0.8902138324103642,0.9817703090206553
N,0.9757124762507916,0.6995640920855469,0.8902138324103642,0.9817703090206553
N,0.9756940043097985,0.6990192071924806,0.8902138324103642,0.9817703090206553
N,0.9757381624433098,0.6984970258366253,0.8902138324103642,0.9817703090206553
N,0.9757514203192941,0.6979748444807701,0.8902138324103642,0.9817703090206553
N,0.9757329352348887,0.6974299595877038,0.8902138324103642,0.9817703090206553
N,0.975809015194863,0.6969304817690596,0.8902138324103642,0.9817703090206553
N,0.975822357956353,0.6964083004132043,0.8902138324103642,0.9817703090206553
N,0.9758038841133397,0.6958634155201381,0.8902138324103642,0.9817703090206553
N,0.9758172433569108,0.6953412341642828,0.8902138324103642,0.9817703090206553
N,0.9758943944901474,0.6948644598828497,0.8902138324103642,0.9817703090206553
N,0.9759397536537111,0.6943649820642056,0.8902138324103642,0.9817703090206553
N,0.9760482866541054,0.6938882077827726,0.8902138324103642,0.9817703090206553
N,0.9761577551216082,0.6934341370385506,0.8902138324103642,0.9817703090206553
N,0.9762034223572685,0.6929346592199065,0.8902138324103642,0.9817703090206553
N,0.9762491597580103,0.6924351814012624,0.8902138324103642,0.9817703090206553
N,0.9762629336579428,0.6919130000454071,0.8902138324103642,0.9817703090206553
N,0.9763087872279037,0.6914135222267629,0.8902138324103642,0.9817703090206553
N,0.9763867945715294,0.6909367479453299,0.8902138324103642,0.9817703090206553
N,0.9764007063734147,0.6904145665894746,0.8902138324103642,0.9817703090206553
N,0.9765110375630603,0.6899604958452527,0.8902138324103642,0.9817703090206553
N,0.976557224169534,0.6894610180266085,0.8902138324103642,0.9817703090206553
N,0.9767000289640524,0.6890296508195977,0.8902138324103642,0.9817703090206553
N,0.9767464330574254,0.6885301730009535,0.8902138324103642,0.9817703090206553
N,0.9768573730862208,0.6880761022567315,0.8902138324103642,0.9817703090206553
N,0.9768717138156834,0.6875539209008763,0.8902138324103642,0.9817703090206553
N,0.9770152048293895,0.6871225536938655,0.8902138324103642,0.9817703090206553
N,0.9772235324524279,0.6867365935612768,0.8902138324103642,0.9817703090206553
N,0.9772705228103075,0.6862371157426327,0.8902138324103642,0.9817703090206553
N,0.977285228927358,0.6857149343867774,0.8902138324103642,0.9817703090206553
N,0.9772675755318805,0.6851700494937111,0.8902138324103642,0.9817703090206553
N,0.9772823022328807,0.6846478681378558,0.8902138324103642,0.9817703090206553
N,0.9773294846430772,0.6841483903192117,0.8902138324103642,0.9817703090206553
N,0.9774416566587686,0.6836943195749898,0.8902138324103642,0.9817703090206553
N,0.9774565535163229,0.6831721382191346,0.8902138324103642,0.9817703090206553
N,0.9775039823152694,0.6826726604004903,0.8902138324103642,0.9817703090206553
N,0.9776165533396233,0.6822185896562685,0.8902138324103642,0.9817703090206553
N,0.9776967407938006,0.6817418153748354,0.8902138324103642,0.9817703090206553
N,0.9778096386327348,0.6812877446306135,0.8902138324103642,0.9817703090206553
N,0.9779227131909343,0.6808336738863915,0.8902138324103642,0.9817703090206553
N,0.9780686008942266,0.6804023066793806,0.8902138324103642,0.9817703090206553
N,0.9781493941274455,0.6799255323979476,0.8902138324103642,0.9817703090206553
N,0.9781649396920864,0.6794033510420924,0.8902138324103642,0.9817703090206553
N,0.9782786483038373,0.6789492802978704,0.8902138324103642,0.9817703090206553
N,0.9783925356032084,0.6784952095536485,0.8902138324103642,0.9817703090206553
N,0.978440366972477,0.6779730281977933,0.8902138324103642,0.9817703090206553
N,0.9784233997901364,0.6774281433047269,0.8902138324103642,0.9817703090206553
N,0.978472039905487,0.6769286654860828,0.8902138324103642,0.9817703090206553
N,0.9785535995796112,0.6764518912046497,0.8902138324103642,0.9817703090206553
N,0.9787010255061793,0.6760205239976388,0.8902138324103642,0.9817703090206553
N,0.9789144736842105,0.6756345638650502,0.8902138324103642,0.9817703090206553
N,0.9790294969712932,0.6751804931208282,0.8902138324103642,0.9817703090206553
N,0.9790458618871903,0.6746583117649729,0.8902138324103642,0.9817703090206553
N,0.9791611711949354,0.674204241020751,0.8902138324103642,0.9817703090206553
N,0.9792106652587117,0.6737047632021069,0.8902138324103642,0.9817703090206553
N,0.9793262879788639,0.6732506924578849,0.8902138324103642,0.9817703090206553
N,0.9793098889476467,0.6727058075648186,0.8902138324103642,0.9817703090206553
N,0.9794257740142895,0.6722517368205967,0.8902138324103642,0.9817703090206553
N,0.979641154661017,0.671865776688008,0.8902138324103642,0.9817703090206553
N,0.9796580970050358,0.6713435953321527,0.8902138324103642,0.9817703090206553
N,0.9797082228116711,0.6708441175135086,0.8902138324103642,0.9817703090206553
N,0.9797916113618264,0.6703673432320756,0.8902138324103642,0.9817703090206553
N,0.9800079702444209,0.6699813830994868,0.8902138324103642,0.9817703090206553
N,0.9799920233980325,0.6694364982064206,0.8902138324103642,0.9817703090206553
N,0.9800093134646088,0.6689143168505653,0.8902138324103642,0.9817703090206553
N,0.9801264980026632,0.6684602461063434,0.8902138324103642,0.9817703090206553
N,0.9802105543710021,0.6679834718249104,0.8902138324103642,0.9817703090206553
N,0.9804274615718048,0.6675748081551106,0.8902138324103642,0.9817703090206553
N,0.9805118964193946,0.6670980338736775,0.8902138324103642,0.9817703090206553
N,0.9806632601943693,0.6666666666666666,0.8902138324103642,0.9817703090206553
N,0.9807480196530632,0.6661898923852336,0.8902138324103642,0.9817703090206553
N,0.9807994647934437,0.6656904145665895,0.8902138324103642,0.9817703090206553
N,0.9809514244585049,0.6652590473595786,0.8902138324103642,0.9817703090206553
N,0.981036620095822,0.6647822730781455,0.8902138324103642,0.9817703090206553
N,0.981054890520739,0.6642600917222903,0.8902138324103642,0.9817703090206553
N,0.981106748548609,0.6637606139036462,0.8902138324103642,0.9817703090206553
N,0.9811922753988245,0.6632838396222132,0.8902138324103642,0.9817703090206553
N,0.9812094524185687,0.6627162511919357,0.8902138324103642,0.9817703090206553
N,0.9812615643397813,0.6622167733732915,0.8902138324103642,0.9817703090206553
N,0.9813137604794452,0.6617172955546474,0.8902138324103642,0.9817703090206553
N,0.9813323449135695,0.6611951141987922,0.8902138324103642,0.9817703090206553
N,0.981350959430749,0.6606729328429369,0.8902138324103642,0.9817703090206553
N,0.9814033548212899,0.6601734550242928,0.8902138324103642,0.9817703090206553
N,0.9814896132410066,0.6596966807428597,0.8902138324103642,0.9817703090206553
N,0.9816098171123356,0.6592426099986378,0.8902138324103642,0.9817703090206553
N,0.9816625503264877,0.6587431321799937,0.8902138324103642,0.9817703090206553
N,0.9817153692479599,0.6582436543613495,0.8902138324103642,0.9817703090206553
N,0.9817343861194889,0.6577214730054942,0.8902138324103642,0.9817703090206553
N,0.9817873494997457,0.6572219951868501,0.8902138324103642,0.9817703090206553
N,0.9819082855300227,0.6567679244426282,0.8902138324103642,0.9817703090206553
N,0.9820633896117131,0.6563365572356173,0.8902138324103642,0.9817703090206553
N,0.9821507496685139,0.6558597829541842,0.8902138324103642,0.9817703090206553
N,0.9821361733982102,0.6553148980611179,0.8902138324103642,0.9817703090206553
N,0.982189681593734,0.6548154202424737,0.8902138324103642,0.9817703090206553
N,0.9822432773252445,0.6543159424238296,0.8902138324103642,0.9817703090206553
N,0.9823651806119317,0.6538618716796076,0.8902138324103642,0.9817703090206553
N,0.9823507322568532,0.6533169867865414,0.8902138324103642,0.9817703090206553
N,0.9824045918890294,0.6528175089678973,0.8902138324103642,0.9817703090206553
N,0.9824243460420584,0.652295327612042,0.8902138324103642,0.9817703090206553
N,0.9826146475017111,0.6518639604050311,0.8902138324103642,0.9817703090206553
N,0.9826688587477737,0.6513644825863869,0.8902138324103642,0.9817703090206553
N,0.9826888797477032,0.6508423012305318,0.8902138324103642,0.9817703090206553
N,0.9827432413887746,0.6503428234118875,0.8902138324103642,0.9817703090206553
N,0.9828320285675045,0.6498660491304545,0.8902138324103642,0.9817703090206553
N,0.9828522336769759,0.6493438677745993,0.8902138324103642,0.9817703090206553
N,0.9829756500206356,0.6488897970303773,0.8902138324103642,0.9817703090206553
N,0.9830304281977145,0.6483903192117332,0.8902138324103642,0.9817703090206553
N,0.9830852969546645,0.6478908413930891,0.8902138324103642,0.9817703090206553
N,0.9830713005102745,0.6473459565000227,0.8902138324103642,0.9817703090206553
N,0.9831262939958593,0.6468464786813786,0.8902138324103642,0.9817703090206553
N,0.9832504489570383,0.6463924079371566,0.8902138324103642,0.9817703090206553
N,0.9833056822895064,0.6458929301185125,0.8902138324103642,0.9817703090206553
N,0.9833610073336101,0.6453934522998683,0.8902138324103642,0.9817703090206553
N,0.9833471818307714,0.644848567406802,0.8902138324103642,0.9817703090206553
N,0.9833679833679834,0.6443263860509467,0.8902138324103642,0.9817703090206553
N,0.9833888195311417,0.6438042046950915,0.8902138324103642,0.9817703090206553
N,0.9835138136887408,0.6433501339508696,0.8902138324103642,0.9817703090206553
N,0.9835695428650827,0.6428506561322254,0.8902138324103642,0.9817703090206553
N,0.9836601307189542,0.6423738818507924,0.8902138324103642,0.9817703090206553
N,0.9836812804453723,0.6418517004949371,0.8902138324103642,0.9817703090206553
N,0.983841760690904,0.6414203332879262,0.8902138324103642,0.9817703090206553
N,0.9839676564896138,0.6409662625437043,0.8902138324103642,0.9817703090206553
N,0.9839891167852658,0.640444081187849,0.8902138324103642,0.9817703090206553
N,0.9841851696690407,0.6400354175180493,0.8902138324103642,0.9817703090206553
N,0.9842068483577917,0.639513236162194,0.8902138324103642,0.9817703090206553
N,0.9842280118901906,0.6389683512691278,0.8902138324103642,0.9817703090206553
N,0.9842497637464562,0.6384461699132725,0.8902138324103642,0.9817703090206553
N,0.9843416120783269,0.6379693956318394,0.8902138324103642,0.9817703090206553
N,0.9843634961259334,0.6374472142759842,0.8902138324103642,0.9817703090206553
N,0.9844205059826661,0.63694773645734,0.8902138324103642,0.9817703090206553
N,0.9845127304653205,0.636470962175907,0.8902138324103642,0.9817703090206553
N,0.9845348142420302,0.6359487808200518,0.8902138324103642,0.9817703090206553
N,0.9847328244274809,0.635540117150252,0.8902138324103642,0.9817703090206553
N,0.9848255465971905,0.6350633428688189,0.8902138324103642,0.9817703090206553
N,0.9848479509496458,0.6345411615129637,0.8902138324103642,0.9817703090206553
N,0.9850114618233116,0.6341097943059528,0.8902138324103642,0.9817703090206553
N,0.9851046556775264,0.6336330200245198,0.8902138324103642,0.9817703090206553
N,0.9851626806090367,0.6331335422058757,0.8902138324103642,0.9817703090206553
N,0.985185447088357,0.6326113608500205,0.8902138324103642,0.9817703090206553
N,0.9851728652818571,0.6320664759569541,0.8902138324103642,0.9817703090206553
N,0.9851602620860634,0.6315215910638877,0.8902138324103642,0.9817703090206553
N,0.9852539789443834,0.6310448167824547,0.8902138324103642,0.9817703090206553
N,0.9852414233511902,0.6304999318893884,0.8902138324103642,0.9817703090206553
N,0.9853708766821716,0.6300458611451664,0.8902138324103642,0.9817703090206553
N,0.9854650129713209,0.6295690868637334,0.8902138324103642,0.9817703090206553
N,0.9855593099768807,0.6290923125823004,0.8902138324103642,0.9817703090206553
N,0.9856893667010787,0.6286382418380784,0.8902138324103642,0.9817703090206553
N,0.9857840168169024,0.6281614675566454,0.8902138324103642,0.9817703090206553
N,0.9858431694183932,0.6276619897380011,0.8902138324103642,0.9817703090206553
N,0.9859024233555801,0.627162511919357,0.8902138324103642,0.9817703090206553
N,0.9860332202178961,0.6267084411751351,0.8902138324103642,0.9817703090206553
N,0.986056987594294,0.6261862598192799,0.8902138324103642,0.9817703090206553
N,0.9861881418399112,0.6257321890750579,0.8902138324103642,0.9817703090206553
N,0.9863195215413817,0.6252781183308359,0.8902138324103642,0.9817703090206553
N,0.9863077529660561,0.6247332334377697,0.8902138324103642,0.9817703090206553
N,0.9863318385650224,0.6242110520819144,0.8902138324103642,0.9817703090206553
N,0.9863918710279703,0.6237115742632702,0.8902138324103642,0.9817703090206553
N,0.9864520070435189,0.623212096444626,0.8902138324103642,0.9817703090206553
N,0.9864403121965255,0.6226672115515597,0.8902138324103642,0.9817703090206553
N,0.9864285971417258,0.6221223266584934,0.8902138324103642,0.9817703090206553
N,0.9864889209151504,0.6216228488398492,0.8902138324103642,0.9817703090206553
N,0.9864772276513649,0.6210779639467829,0.8902138324103642,0.9817703090206553
N,0.9865376980546432,0.6205784861281388,0.8902138324103642,0.9817703090206553
N,0.9865260268034534,0.6200336012350725,0.8902138324103642,0.9817703090206553
N,0.9865143352977331,0.6194887163420061,0.8902138324103642,0.9817703090206553
N,0.9865388094807309,0.6189665349861508,0.8902138324103642,0.9817703090206553
N,0.9866357611097026,0.6184897607047178,0.8902138324103642,0.9817703090206553
N,0.9866966324718164,0.6179902828860736,0.8902138324103642,0.9817703090206553
N,0.9867938903602655,0.6175135086046406,0.8902138324103642,0.9817703090206553
N,0.9868913177675297,0.6170367343232076,0.8902138324103642,0.9817703090206553
N,0.9868798836998001,0.6164918494301412,0.8902138324103642,0.9817703090206553
N,0.9868684296678913,0.6159469645370749,0.8902138324103642,0.9817703090206553
N,0.9868569556194706,0.6154020796440085,0.8902138324103642,0.9817703090206553
N,0.9868819006668367,0.6148798982881533,0.8902138324103642,0.9817703090206553
N,0.9869068893832744,0.614357716932298,0.8902138324103642,0.9817703090206553
N,0.9869684248950539,0.6138582391136539,0.8902138324103642,0.9817703090206553
N,0.9869569982828541,0.6133133542205875,0.8902138324103642,0.9817703090206553
N,0.9870552528613742,0.6128365799391545,0.8902138324103642,0.9817703090206553
N,0.9871170808476375,0.6123371021205104,0.8902138324103642,0.9817703090206553
N,0.9871423861679915,0.6118149207646552,0.8902138324103642,0.9817703090206553
N,0.9871677360219981,0.6112927394087999,0.8902138324103642,0.9817703090206553
N,0.9871564346262522,0.6107478545157335,0.8902138324103642,0.9817703090206553
N,0.98725529804973,0.6102710802343005,0.8902138324103642,0.9817703090206553
N,0.9873910965702313,0.6098170094900786,0.8902138324103642,0.9817703090206553
N,0.9874167555833548,0.6092948281342233,0.8902138324103642,0.9817703090206553
N,0.9874424599521266,0.6087726467783681,0.8902138324103642,0.9817703090206553
N,0.987505068003391,0.6082731689597239,0.8902138324103642,0.9817703090206553
N,0.9875308960785038,0.6077509876038687,0.8902138324103642,0.9817703090206553
N,0.987556769929476,0.6072288062480135,0.8902138324103642,0.9817703090206553
N,0.9875457333973909,0.6066839213549471,0.8902138324103642,0.9817703090206553
N,0.9875716663584243,0.6061617399990918,0.8902138324103642,0.9817703090206553
N,0.9875976454037244,0.6056395586432366,0.8902138324103642,0.9817703090206553
N,0.9876607255345167,0.6051400808245925,0.8902138324103642,0.9817703090206553
N,0.9877239179616512,0.6046406030059484,0.8902138324103642,0.9817703090206553
N,0.9877129811797023,0.604095718112882,0.8902138324103642,0.9817703090206553
N,0.9877391788965261,0.6035735367570267,0.8902138324103642,0.9817703090206553
N,0.9877654233758506,0.6030513554011715,0.8902138324103642,0.9817703090206553
N,0.9878289351248744,0.6025518775825274,0.8902138324103642,0.9817703090206553
N,0.9878180531237194,0.602006992689461,0.8902138324103642,0.9817703090206553
N,0.9878817256422685,0.6015075148708169,0.8902138324103642,0.9817703090206553
N,0.9879081918268333,0.6009853335149616,0.8902138324103642,0.9817703090206553
N,0.9879720593179186,0.6004858556963175,0.8902138324103642,0.9817703090206553
N,0.9880734287957528,0.6000090814148844,0.8902138324103642,0.9817703090206553
N,0.9881749803540022,0.5995323071334514,0.8902138324103642,0.9817703090206553
N,0.9881643507247463,0.598987422240385,0.8902138324103642,0.9817703090206553
N,0.9881911902530459,0.5984652408845298,0.8902138324103642,0.9817703090206553
N,0.988255600165097,0.5979657630658857,0.8902138324103642,0.9817703090206553
N,0.9883201261877043,0.5974662852472415,0.8902138324103642,0.9817703090206553
N,0.9883471788895989,0.5969441038913863,0.8902138324103642,0.9817703090206553
N,0.9883366567590955,0.5963992189983199,0.8902138324103642,0.9817703090206553
N,0.9883261156091132,0.5958543341052536,0.8902138324103642,0.9817703090206553
N,0.988428630658475,0.5953775598238206,0.8902138324103642,0.9817703090206553
N,0.9885690572301656,0.5949234890795986,0.8902138324103642,0.9817703090206553
N,0.9885964581051996,0.5944013077237433,0.8902138324103642,0.9817703090206553
N,0.9886239086889149,0.5938791263678881,0.8902138324103642,0.9817703090206553
N,0.988689237752979,0.593379648549244,0.8902138324103642,0.9817703090206553
N,0.9887168225360645,0.5928574671933887,0.8902138324103642,0.9817703090206553
N,0.9887444574980104,0.5923352858375335,0.8902138324103642,0.9817703090206553
N,0.9887342108257785,0.5917904009444671,0.8902138324103642,0.9817703090206553
N,0.9887239454800866,0.5912455160514009,0.8902138324103642,0.9817703090206553
N,0.9887896636899107,0.5907460382327566,0.8902138324103642,0.9817703090206553
N,0.9888174660530219,0.5902238568769014,0.8902138324103642,0.9817703090206553
N,0.9889976015532798,0.5897924896698906,0.8902138324103642,0.9817703090206553
N,0.9890256449338871,0.5892703083140354,0.8902138324103642,0.9817703090206553
N,0.9890155993744995,0.588725423420969,0.8902138324103642,0.9817703090206553
N,0.9890818858560794,0.5882259456023249,0.8902138324103642,0.9817703090206553
N,0.9890718734477093,0.5876810607092585,0.8902138324103642,0.9817703090206553
N,0.9891383332695911,0.5871815828906144,0.8902138324103642,0.9817703090206553
N,0.9892049152088198,0.5866821050719702,0.8902138324103642,0.9817703090206553
N,0.9893099352465612,0.5862053307905372,0.8902138324103642,0.9817703090206553
N,0.9894151486097795,0.5857285565091042,0.8902138324103642,0.9817703090206553
N,0.9894437833480481,0.5852063751532489,0.8902138324103642,0.9817703090206553
N,0.9894724708956084,0.5846841937973937,0.8902138324103642,0.9817703090206553
N,0.9895396684997885,0.5841847159787494,0.8902138324103642,0.9817703090206553
N,0.9896454828900265,0.5837079416973164,0.8902138324103642,0.9817703090206553
N,0.9897129647466769,0.5832084638786723,0.8902138324103642,0.9817703090206553
N,0.9897805715167174,0.5827089860600282,0.8902138324103642,0.9817703090206553
N,0.9898483035473038,0.582209508241384,0.8902138324103642,0.9817703090206553
N,0.9898388903913766,0.5816646233483177,0.8902138324103642,0.9817703090206553
N,0.9898681310182141,0.5811424419924625,0.8902138324103642,0.9817703090206553
N,0.9899361331526998,0.5806429641738183,0.8902138324103642,0.9817703090206553
N,0.9899655185773507,0.5801207828179631,0.8902138324103642,0.9817703090206553
N,0.9899949587001202,0.5795986014621078,0.8902138324103642,0.9817703090206553
N,0.9900244536738734,0.5790764201062526,0.8902138324103642,0.9817703090206553
N,0.9900928552002797,0.5785769422876084,0.8902138324103642,0.9817703090206553
N,0.9900836087886448,0.5780320573945421,0.8902138324103642,0.9817703090206553
N,0.9900743451013974,0.5774871725014757,0.8902138324103642,0.9817703090206553
N,0.9901040246230568,0.5769649911456205,0.8902138324103642,0.9817703090206553
N,0.9901723734498089,0.5764428097897653,0.8902138324103642,0.9817703090206553
N,0.9901631665235381,0.5758979248966989,0.8902138324103642,0.9817703090206553
N,0.9901539423302337,0.5753530400036325,0.8902138324103642,0.9817703090206553
N,0.9901447008212749,0.5748081551105663,0.8902138324103642,0.9817703090206553
N,0.9901742023879428,0.5742632702174999,0.8902138324103642,0.9817703090206553
N,0.9902433290231574,0.5737637923988558,0.8902138324103642,0.9817703090206553
N,0.9902733654939797,0.5732416110430005,0.8902138324103642,0.9817703090206553
N,0.9902642013111922,0.5726967261499342,0.8902138324103642,0.9817703090206553
N,0.990293932725558,0.5721518412568678,0.8902138324103642,0.9817703090206553
N,0.9903241032095658,0.5716296599010126,0.8902138324103642,0.9817703090206553
N,0.9903937007874015,0.5711301820823684,0.8902138324103642,0.9817703090206553
N,0.9903846153846154,0.5705852971893021,0.8902138324103642,0.9817703090206553
N,0.9904544020195646,0.5700858193706579,0.8902138324103642,0.9817703090206553
N,0.9905243209096652,0.5695863415520138,0.8902138324103642,0.9817703090206553
N,0.9905149587005494,0.5690187531217363,0.8902138324103642,0.9817703090206553
N,0.99054551208513,0.5684965717658811,0.8902138324103642,0.9817703090206553
N,0.9905761235398931,0.5679743904100258,0.8902138324103642,0.9817703090206553
N,0.9906067932305497,0.5674522090541706,0.8902138324103642,0.9817703090206553
N,0.9906375213234418,0.5669300276983154,0.8902138324103642,0.9817703090206553
N,0.9906285986578247,0.5663851428052491,0.8902138324103642,0.9817703090206553
N,0.9906991533844748,0.5658856649866049,0.8902138324103642,0.9817703090206553
N,0.990690272528347,0.5653407800935386,0.8902138324103642,0.9817703090206553
N,0.9906813746963482,0.5647958952004722,0.8902138324103642,0.9817703090206553
N,0.9907123211224937,0.564273713844617,0.8902138324103642,0.9817703090206553
N,0.9907034273630452,0.5637288289515506,0.8902138324103642,0.9817703090206553
N,0.9907743919485602,0.5632293511329065,0.8902138324103642,0.9817703090206553
N,0.9908454927043774,0.5627298733142624,0.8902138324103642,0.9817703090206553
N,0.9909567444279941,0.5622530990328293,0.8902138324103642,0.9817703090206553
N,0.9911079067531843,0.5617763247513963,0.8902138324103642,0.9817703090206553
N,0.9911394435089408,0.561254143395541,0.8902138324103642,0.9817703090206553
N,0.9911309093827755,0.5607092585024747,0.8902138324103642,0.9817703090206553
N,0.9911223588013176,0.5601643736094083,0.8902138324103642,0.9817703090206553
N,0.991113791716928,0.559619488716342,0.8902138324103642,0.9817703090206553
N,0.9911052080817838,0.5590746038232757,0.8902138324103642,0.9817703090206553
N,0.9910966078478769,0.5585297189302093,0.8902138324103642,0.9817703090206553
N,0.9911283167997419,0.5580075375743541,0.8902138324103642,0.9817703090206553
N,0.9911197222894971,0.5574626526812877,0.8902138324103642,0.9817703090206553
N,0.9911111111111112,0.5569177677882214,0.8902138324103642,0.9817703090206553
N,0.9911833697322656,0.5564182899695772,0.8902138324103642,0.9817703090206553
N,0.9911748036596227,0.555873405076511,0.8902138324103642,0.9817703090206553
N,0.9911662209255208,0.5553285201834446,0.8902138324103642,0.9817703090206553
N,0.9912387442200049,0.5548290423648005,0.8902138324103642,0.9817703090206553
N,0.9912708079577751,0.5543068610089452,0.8902138324103642,0.9817703090206553
N,0.991262293749492,0.5537619761158789,0.8902138324103642,0.9817703090206553
N,0.9912944430884387,0.5532397947600236,0.8902138324103642,0.9817703090206553
N,0.9912859353367538,0.5526949098669572,0.8902138324103642,0.9817703090206553
N,0.9913181707018831,0.552172728511102,0.8902138324103642,0.9817703090206553
N,0.9913096695226438,0.5516278436180357,0.8902138324103642,0.9817703090206553
N,0.9913011516785102,0.5510829587249694,0.8902138324103642,0.9817703090206553
N,0.9912926171204317,0.550538073831903,0.8902138324103642,0.9817703090206553
N,0.9912837091295985,0.5499704854016255,0.8902138324103642,0.9817703090206553
N,0.9912751402941056,0.5494256005085593,0.8902138324103642,0.9817703090206553
N,0.9913485587764976,0.5489261226899151,0.8902138324103642,0.9817703090206553
N,0.991340036938231,0.5483812377968488,0.8902138324103642,0.9817703090206553
N,0.9913725812415266,0.5478590564409935,0.8902138324103642,0.9817703090206553
N,0.9914051897849241,0.5473368750851383,0.8902138324103642,0.9817703090206553
N,0.9914378627588194,0.546814693729283,0.8902138324103642,0.9817703090206553
N,0.9914293955251555,0.5462698088362167,0.8902138324103642,0.9817703090206553
N,0.9915030523016004,0.5457476274803614,0.8902138324103642,0.9817703090206553
N,0.9915772089182494,0.5452481496617173,0.8902138324103642,0.9817703090206553
N,0.9915688543560919,0.5447032647686509,0.8902138324103642,0.9817703090206553
N,0.9915604832037068,0.5441583798755846,0.8902138324103642,0.9817703090206553
N,0.9915520954116283,0.5436134949825183,0.8902138324103642,0.9817703090206553
N,0.991543690930194,0.543068610089452,0.8902138324103642,0.9817703090206553
N,0.9915352697095435,0.5425237251963856,0.8902138324103642,0.9817703090206553
N,0.9915268316996179,0.5419788403033192,0.8902138324103642,0.9817703090206553
N,0.991518376850158,0.541433955410253,0.8902138324103642,0.9817703090206553
N,0.9915099051107041,0.5408890705171866,0.8902138324103642,0.9817703090206553
N,0.9915847358773537,0.5403895926985425,0.8902138324103642,0.9817703090206553
N,0.9916597164303587,0.5398901148798982,0.8902138324103642,0.9817703090206553
N,0.9916931040240441,0.539367933524043,0.8902138324103642,0.9817703090206553
N,0.9916847735249875,0.5388230486309767,0.8902138324103642,0.9817703090206553
N,0.9917179068891956,0.5382781637379104,0.8902138324103642,0.9817703090206553
N,0.9917095842230875,0.537733278844844,0.8902138324103642,0.9817703090206553
N,0.991701244813278,0.5371883939517776,0.8902138324103642,0.9817703090206553
N,0.9917348437172225,0.5366662125959224,0.8902138324103642,0.9817703090206553
N,0.9917265129561967,0.5361213277028561,0.8902138324103642,0.9817703090206553
N,0.9918022449236978,0.5356218498842119,0.8902138324103642,0.9817703090206553
N,0.9919202120944325,0.5351450756027789,0.8902138324103642,0.9817703090206553
N,0.9919120434727663,0.5346001907097125,0.8902138324103642,0.9817703090206553
N,0.9919460257221168,0.5340780093538573,0.8902138324103642,0.9817703090206553
N,0.9919378667004347,0.533533124460791,0.8902138324103642,0.9817703090206553
N,0.9920141969831411,0.5330336466421468,0.8902138324103642,0.9817703090206553
N,0.9920060905976399,0.5324887617490806,0.8902138324103642,0.9817703090206553
N,0.9919979677378382,0.5319438768560142,0.8902138324103642,0.9817703090206553
N,0.992074592074592,0.5314443990373701,0.8902138324103642,0.9817703090206553
N,0.9920665224216197,0.5308995141443037,0.8902138324103642,0.9817703090206553
N,0.9920580990401767,0.5303319257140262,0.8902138324103642,0.9817703090206553
N,0.9921350225320976,0.5298324478953821,0.8902138324103642,0.9817703090206553
N,0.992126989531024,0.5292875630023157,0.8902138324103642,0.9817703090206553
N,0.9921615404277072,0.5287653816464605,0.8902138324103642,0.9817703090206553
N,0.9921535181236674,0.5282204967533942,0.8902138324103642,0.9817703090206553
N,0.9921454793818834,0.5276756118603279,0.8902138324103642,0.9817703090206553
N,0.9921374241517819,0.5271307269672615,0.8902138324103642,0.9817703090206553
N,0.9921293523825819,0.5265858420741951,0.8902138324103642,0.9817703090206553
N,0.9921640832405584,0.5260636607183399,0.8902138324103642,0.9817703090206553
N,0.9921560222888984,0.5255187758252736,0.8902138324103642,0.9817703090206553
N,0.9921479447352614,0.5249738909322073,0.8902138324103642,0.9817703090206553
N,0.9921398505283051,0.5244290060391409,0.8902138324103642,0.9817703090206553
N,0.9921747355748559,0.5239068246832856,0.8902138324103642,0.9817703090206553
N,0.9922527330636137,0.5234073468646415,0.8902138324103642,0.9817703090206553
N,0.992244722102542,0.5228624619715752,0.8902138324103642,0.9817703090206553
N,0.9922366945570603,0.5223175770785088,0.8902138324103642,0.9817703090206553
N,0.9922718245401951,0.5217953957226535,0.8902138324103642,0.9817703090206553
N,0.992263808453626,0.5212505108295873,0.8902138324103642,0.9817703090206553
N,0.9922987063557306,0.5207056259365209,0.8902138324103642,0.9817703090206553
N,0.9922907011997055,0.5201607410434546,0.8902138324103642,0.9817703090206553
N,0.9922826793843486,0.5196158561503882,0.8902138324103642,0.9817703090206553
N,0.9922746408576016,0.5190709712573219,0.8902138324103642,0.9817703090206553
N,0.9922665855671895,0.5185260863642556,0.8902138324103642,0.9817703090206553
N,0.9922585134606184,0.5179812014711892,0.8902138324103642,0.9817703090206553
N,0.9922500870776733,0.5174136130409118,0.8902138324103642,0.9817703090206553
N,0.9922419804741981,0.5168687281478455,0.8902138324103642,0.9817703090206553
N,0.9922338568935427,0.5163238432547791,0.8902138324103642,0.9817703090206553
N,0.99222571628232,0.5157789583617127,0.8902138324103642,0.9817703090206553
N,0.9922612801678908,0.5152567770058575,0.8902138324103642,0.9817703090206553
N,0.9922531512605042,0.5147118921127912,0.8902138324103642,0.9817703090206553
N,0.9922888187872415,0.514189710756936,0.8902138324103642,0.9817703090206553
N,0.992280701754386,0.5136448258638696,0.8902138324103642,0.9817703090206553
N,0.992316473480857,0.5131226445080144,0.8902138324103642,0.9817703090206553
N,0.9923080304162455,0.5125550560777369,0.8902138324103642,0.9817703090206553
N,0.9922999075988912,0.5120101711846706,0.8902138324103642,0.9817703090206553
N,0.9922917676078051,0.5114652862916043,0.8902138324103642,0.9817703090206553
N,0.9922836103884651,0.5109204013985379,0.8902138324103642,0.9817703090206553
N,0.9923195762524829,0.5103982200426826,0.8902138324103642,0.9817703090206553
N,0.9923114312226592,0.5098533351496163,0.8902138324103642,0.9817703090206553
N,0.9923032688990135,0.5093084502565499,0.8902138324103642,0.9817703090206553
N,0.9922950892264093,0.5087635653634837,0.8902138324103642,0.9817703090206553
N,0.9922868921494747,0.5082186804704173,0.8902138324103642,0.9817703090206553
N,0.9923230530286221,0.507696499114562,0.8902138324103642,0.9817703090206553
N,0.9923148682866154,0.5071516142214957,0.8902138324103642,0.9817703090206553
N,0.9923066660737315,0.5066067293284293,0.8902138324103642,0.9817703090206553
N,0.9922981034636275,0.5060391408981519,0.8902138324103642,0.9817703090206553
N,0.9923344326588822,0.5055169595422967,0.8902138324103642,0.9817703090206553
N,0.9923258823004506,0.5049493711120192,0.8902138324103642,0.9817703090206553
N,0.9923176559917817,0.504404486218953,0.8902138324103642,0.9817703090206553
N,0.9923094120277219,0.5038596013258866,0.8902138324103642,0.9817703090206553
N,0.992345911105143,0.5033374199700313,0.8902138324103642,0.9817703090206553
N,0.992427297575839,0.5028379421513872,0.8902138324103642,0.9817703090206553
N,0.9924191450231015,0.5022930572583209,0.8902138324103642,0.9817703090206553
N,0.99241097489784,0.5017481723652545,0.8902138324103642,0.9817703090206553
N,0.9924027871431782,0.5012032874721881,0.8902138324103642,0.9817703090206553
N,0.9923945817019936,0.5006584025791219,0.8902138324103642,0.9817703090206553
N,0.9923863585169167,0.5001135176860555,0.8902138324103642,0.9817703090206553
N,0.9923777737687173,0.49954592925577807,0.8902138324103642,0.9817703090206553
N,0.9923695141773523,0.4990010443627117,0.8902138324103642,0.9817703090206553
N,0.992451636232146,0.4985015665440676,0.8902138324103642,0.9817703090206553
N,0.9924434389140272,0.4979566816510012,0.8902138324103642,0.9817703090206553
N,0.9924352237724225,0.4974117967579349,0.8902138324103642,0.9817703090206553
N,0.992426647317582,0.49684420832765747,0.8902138324103642,0.9817703090206553
N,0.9924183956053934,0.4962993234345911,0.8902138324103642,0.9817703090206553
N,0.9924101258919238,0.4957544385415248,0.8902138324103642,0.9817703090206553
N,0.9924014924014924,0.49518685011124736,0.8902138324103642,0.9817703090206553
N,0.9924387355379429,0.4946646687553921,0.8902138324103642,0.9817703090206553
N,0.9924304605563156,0.49411978386232575,0.8902138324103642,0.9817703090206553
N,0.992513466630147,0.4936203060436816,0.8902138324103642,0.9817703090206553
N,0.9925049129381656,0.4930527176134042,0.8902138324103642,0.9817703090206553
N,0.9925424349178753,0.49253053625754895,0.8902138324103642,0.9817703090206553
N,0.9925342371639262,0.4919856513644826,0.8902138324103642,0.9817703090206553
N,0.9925718739969738,0.49146347000862733,0.8902138324103642,0.9817703090206553
N,0.9926554969015378,0.4909639921899832,0.8902138324103642,0.9817703090206553
N,0.9926473967189008,0.49041910729691685,0.8902138324103642,0.9817703090206553
N,0.9926392786493077,0.48987422240385053,0.8902138324103642,0.9817703090206553
N,0.9926311426334454,0.48932933751078417,0.8902138324103642,0.9817703090206553
N,0.9926690949329153,0.4888071561549289,0.8902138324103642,0.9817703090206553
N,0.9927071313177936,0.4882849747990737,0.8902138324103642,0.9817703090206553
N,0.992699043482279,0.48774008990600737,0.8902138324103642,0.9817703090206553
N,0.9927371975759819,0.4872179085501521,0.8902138324103642,0.9817703090206553
N,0.9927751018895887,0.48667302365708576,0.8902138324103642,0.9817703090206553
N,0.9928130940789168,0.48612813876401945,0.8902138324103642,0.9817703090206553
N,0.9928050874994198,0.4855832538709531,0.8902138324103642,0.9817703090206553
N,0.9927970630605512,0.48503836897788677,0.8902138324103642,0.9817703090206553
N,0.992789020702489,0.4844934840848204,0.8902138324103642,0.9817703090206553
N,0.9928275348144008,0.48397130272896516,0.8902138324103642,0.9817703090206553
N,0.9928661351237935,0.4834491213731099,0.8902138324103642,0.9817703090206553
N,0.9928581431172104,0.4829042364800436,0.8902138324103642,0.9817703090206553
N,0.9928501331837937,0.48235935158697724,0.8902138324103642,0.9817703090206553
N,0.9928421052631579,0.4818144666939109,0.8902138324103642,0.9817703090206553
N,0.9928340592946466,0.48126958180084456,0.8902138324103642,0.9817703090206553
N,0.9928259952173302,0.48072469690777825,0.8902138324103642,0.9817703090206553
N,0.9928175758144775,0.4801571084775008,0.8902138324103642,0.9817703090206553
N,0.992809474574678,0.47961222358443445,0.8902138324103642,0.9817703090206553
N,0.9928013550390514,0.47906733869136814,0.8902138324103642,0.9817703090206553
N,0.9927932171455488,0.4785224537983018,0.8902138324103642,0.9817703090206553
N,0.99278506083184,0.47797756890523546,0.8902138324103642,0.9817703090206553
N,0.9927765450167603,0.477409980474958,0.8902138324103642,0.9817703090206553
N,0.9927683509004112,0.47686509558189166,0.8902138324103642,0.9817703090206553
N,0.9928074575308758,0.4763429142260364,0.8902138324103642,0.9817703090206553
N,0.9927992799279928,0.47579802933297005,0.8902138324103642,0.9817703090206553
N,0.9927910837087978,0.47525314443990374,0.8902138324103642,0.9817703090206553
N,0.9927828688096482,0.4747082595468374,0.8902138324103642,0.9817703090206553
N,0.9927746351666112,0.47416337465377106,0.8902138324103642,0.9817703090206553
N,0.9927663827154618,0.4736184897607047,0.8902138324103642,0.9817703090206553
N,0.9928057553956835,0.47309630840484945,0.8902138324103642,0.9817703090206553
N,0.9927975196756499,0.47255142351178314,0.8902138324103642,0.9817703090206553
N,0.99283701828948,0.4720292421559279,0.8902138324103642,0.9817703090206553
N,0.9928287995410432,0.47148435726286153,0.8902138324103642,0.9817703090206553
N,0.9928684248312832,0.4709621759070063,0.8902138324103642,0.9817703090206553
N,0.9928602232977143,0.47041729101394,0.8902138324103642,0.9817703090206553
N,0.9928999760134325,0.46989510965808473,0.8902138324103642,0.9817703090206553
N,0.9929394812680116,0.46935022476501836,0.8902138324103642,0.9817703090206553
N,0.992931332948644,0.46880533987195205,0.8902138324103642,0.9817703090206553
N,0.9929231658001155,0.4682604549788857,0.8902138324103642,0.9817703090206553
N,0.993011374590322,0.46776097716024156,0.8902138324103642,0.9817703090206553
N,0.9930032812198417,0.46721609226717525,0.8902138324103642,0.9817703090206553
N,0.9929951690821256,0.4666712073741089,0.8902138324103642,0.9817703090206553
N,0.9929870381118204,0.4661263224810425,0.8902138324103642,0.9817703090206553
N,0.9930273097036607,0.46560414112518733,0.8902138324103642,0.9817703090206553
N,0.9930191972076788,0.46505925623212097,0.8902138324103642,0.9817703090206553
N,0.9931081343428461,0.46455977841347684,0.8902138324103642,0.9817703090206553
N,0.9931486880466472,0.4640375970576216,0.8902138324103642,0.9817703090206553
N,0.9931403551447336,0.46347000862734417,0.8902138324103642,0.9817703090206553
N,0.9931323364668063,0.4629251237342778,0.8902138324103642,0.9817703090206553
N,0.9931242990198469,0.4623802388412115,0.8902138324103642,0.9817703090206553
N,0.9931647300068353,0.4618353539481451,0.8902138324103642,0.9817703090206553
N,0.9932055919444716,0.4613131725922899,0.8902138324103642,0.9817703090206553
N,0.9932465498678673,0.46079099123643463,0.8902138324103642,0.9817703090206553
N,0.9932386085252327,0.4602461063433683,0.8902138324103642,0.9817703090206553
N,0.9932797017561071,0.4597239249875131,0.8902138324103642,0.9817703090206553
N,0.9932717807680974,0.4591790400944467,0.8902138324103642,0.9817703090206553
N,0.9932638410856525,0.4586341552013804,0.8902138324103642,0.9817703090206553
N,0.9932558826425125,0.45808927030831403,0.8902138324103642,0.9817703090206553
N,0.9932479053721045,0.4575443854152477,0.8902138324103642,0.9817703090206553
N,0.9932395756229954,0.45697679698497023,0.8902138324103642,0.9817703090206553
N,0.9933794466403162,0.4564773191663261,0.8902138324103642,0.9817703090206553
N,0.9933712589661142,0.4559097307360487,0.8902138324103642,0.9817703090206553
N,0.993412906740627,0.45538754938019343,0.8902138324103642,0.9817703090206553
N,0.9934543290687295,0.45484266448712707,0.8902138324103642,0.9817703090206553
N,0.9934961771422898,0.4543204831312719,0.8902138324103642,0.9817703090206553
N,0.9934884183318421,0.4537755982382055,0.8902138324103642,0.9817703090206553
N,0.9935304070866925,0.45325341688235027,0.8902138324103642,0.9817703090206553
N,0.9935226706527155,0.45270853198928396,0.8902138324103642,0.9817703090206553
N,0.993514915693904,0.4521636470962176,0.8902138324103642,0.9817703090206553
N,0.993507142143642,0.4516187622031512,0.8902138324103642,0.9817703090206553
N,0.9935493549354936,0.45109658084729604,0.8902138324103642,0.9817703090206553
N,0.9935416040853109,0.45055169595422967,0.8902138324103642,0.9817703090206553
N,0.9935338345864662,0.4500068110611633,0.8902138324103642,0.9817703090206553
N,0.993626417745659,0.4495073332425192,0.8902138324103642,0.9817703090206553
N,0.9936187317857502,0.44896244834945287,0.8902138324103642,0.9817703090206553
N,0.9936613341382433,0.4484402669935976,0.8902138324103642,0.9817703090206553
N,0.9936536718041704,0.44789538210053126,0.8902138324103642,0.9817703090206553
N,0.9936456704826264,0.4473277936702538,0.8902138324103642,0.9817703090206553
N,0.9936884625094673,0.4468056123143986,0.8902138324103642,0.9817703090206553
N,0.993680804812699,0.44626072742133227,0.8902138324103642,0.9817703090206553
N,0.9936731285114137,0.4457158425282659,0.8902138324103642,0.9817703090206553
N,0.9936654335377286,0.44517095763519954,0.8902138324103642,0.9817703090206553
N,0.9936577198234309,0.4446260727421332,0.8902138324103642,0.9817703090206553
N,0.9937512700670595,0.444103891386278,0.8902138324103642,0.9817703090206553
N,0.9937436419125127,0.4435590064932116,0.8902138324103642,0.9817703090206553
N,0.9937869219800367,0.4430368251373564,0.8902138324103642,0.9817703090206553
N,0.9938812971650011,0.44253734731871225,0.8902138324103642,0.9817703090206553
N,0.9938738002858893,0.44199246242564594,0.8902138324103642,0.9817703090206553
N,0.9938662850132897,0.44144757753257957,0.8902138324103642,0.9817703090206553
N,0.9938584369722094,0.44087998910230214,0.8902138324103642,0.9817703090206553
N,0.9938508839354343,0.4403351042092358,0.8902138324103642,0.9817703090206553
N,0.9938433122979837,0.43979021931616946,0.8902138324103642,0.9817703090206553
N,0.9938357219910618,0.4392453344231031,0.8902138324103642,0.9817703090206553
N,0.9938277954942907,0.43867774599282566,0.8902138324103642,0.9817703090206553
N,0.9938201668554949,0.43813286109975935,0.8902138324103642,0.9817703090206553
N,0.9938640816747447,0.4376106797439041,0.8902138324103642,0.9817703090206553
N,0.9938564790913784,0.43706579485083774,0.8902138324103642,0.9817703090206553
N,0.9938488576449912,0.43652090995777143,0.8902138324103642,0.9817703090206553
N,0.9938929717420557,0.4359987286019162,0.8902138324103642,0.9817703090206553
N,0.9939371955643072,0.43547654724606094,0.8902138324103642,0.9817703090206553
N,0.9939296461554425,0.4349316623529946,0.8902138324103642,0.9817703090206553
N,0.9939220779220779,0.43438677745992826,0.8902138324103642,0.9817703090206553
N,0.9939141742522757,0.43381918902965083,0.8902138324103642,0.9817703090206553
N,0.994010728607885,0.43331971121100665,0.8902138324103642,0.9817703090206553
N,0.9940032330395787,0.43277482631794034,0.8902138324103642,0.9817703090206553
N,0.9939957186863677,0.432229941424874,0.8902138324103642,0.9817703090206553
N,0.9939881854775472,0.43168505653180766,0.8902138324103642,0.9817703090206553
N,0.9939803182579564,0.43111746810153023,0.8902138324103642,0.9817703090206553
N,0.9939727463312369,0.43057258320846387,0.8902138324103642,0.9817703090206553
N,0.9940176322418136,0.4300504018526086,0.8902138324103642,0.9817703090206553
N,0.9941148652199043,0.4295282204967534,0.8902138324103642,0.9817703090206553
N,0.9941074341032251,0.42898333560368707,0.8902138324103642,0.9817703090206553
N,0.9941526629089185,0.4284611542478318,0.8902138324103642,0.9817703090206553
N,0.994145260825993,0.42791626935476546,0.8902138324103642,0.9817703090206553
N,0.9941378399788751,0.42737138446169914,0.8902138324103642,0.9817703090206553
N,0.9941300898995241,0.4268037960314217,0.8902138324103642,0.9817703090206553
N,0.9941223193010326,0.4262362076011443,0.8902138324103642,0.9817703090206553
N,0.9941148401463337,0.4256913227080779,0.8902138324103642,0.9817703090206553
N,0.9941604289430377,0.42516914135222267,0.8902138324103642,0.9817703090206553
N,0.9941529793228087,0.42462425645915636,0.8902138324103642,0.9817703090206553
N,0.9941981157183158,0.4240566680288789,0.8902138324103642,0.9817703090206553
N,0.9941906944518467,0.42351178313581256,0.8902138324103642,0.9817703090206553
N,0.9941829437506671,0.4229441947055351,0.8902138324103642,0.9817703090206553
N,0.9941754835951694,0.42239930981246876,0.8902138324103642,0.9817703090206553
N,0.9942215088282504,0.4218771284566135,0.8902138324103642,0.9817703090206553
N,0.9942676524161577,0.4213549471007583,0.8902138324103642,0.9817703090206553
N,0.9942602725029503,0.42081006220769196,0.8902138324103642,0.9817703090206553
N,0.9943602964872704,0.42031058438904784,0.8902138324103642,0.9817703090206553
N,0.9943524096385542,0.4197202924215593,0.8902138324103642,0.9817703090206553
N,0.994398965962947,0.41919811106570404,0.8902138324103642,0.9817703090206553
N,0.9943917169974116,0.41865322617263767,0.8902138324103642,0.9817703090206553
N,0.9943844492440604,0.41810834127957136,0.8902138324103642,0.9817703090206553
N,0.9943771626297578,0.417563456386505,0.8902138324103642,0.9817703090206553
N,0.9943695522711277,0.41699586795622756,0.8902138324103642,0.9817703090206553
N,0.9944164362769013,0.4164736866003723,0.8902138324103642,0.9817703090206553
N,0.9944091624599685,0.415928801707306,0.8902138324103642,0.9817703090206553
N,0.9944562204467634,0.41540662035145076,0.8902138324103642,0.9817703090206553
N,0.9944486774790465,0.41483903192117333,0.8902138324103642,0.9817703090206553
N,0.994441416893733,0.41429414702810696,0.8902138324103642,0.9817703090206553
N,0.9944338335607095,0.41372655859782953,0.8902138324103642,0.9817703090206553
N,0.9944265340691766,0.4131816737047632,0.8902138324103642,0.9817703090206553
N,0.9944192154073426,0.41263678881169685,0.8902138324103642,0.9817703090206553
N,0.9944118774995891,0.41209190391863054,0.8902138324103642,0.9817703090206553
N,0.9944045202698996,0.4115470190255642,0.8902138324103642,0.9817703090206553
N,0.9944520736061522,0.41102483766970893,0.8902138324103642,0.9817703090206553
N,0.9944447500137507,0.4104799527766426,0.8902138324103642,0.9817703090206553
N,0.9944374070606378,0.40993506788357625,0.8902138324103642,0.9817703090206553
N,0.9944851927425137,0.409412886527721,0.8902138324103642,0.9817703090206553
N,0.9944778839251202,0.4088680016346547,0.8902138324103642,0.9817703090206553
N,0.9944705557091512,0.40832311674158833,0.8902138324103642,0.9817703090206553
N,0.9944632080172748,0.407778231848522,0.8902138324103642,0.9817703090206553
N,0.994455840771747,0.40723334695545566,0.8902138324103642,0.9817703090206553
N,0.9944484538944096,0.40668846206238934,0.8902138324103642,0.9817703090206553
N,0.9944410473066874,0.406143577169323,0.8902138324103642,0.9817703090206553
N,0.9944336209295853,0.40559869227625667,0.8902138324103642,0.9817703090206553
N,0.9944819129368485,0.4050765109204014,0.8902138324103642,0.9817703090206553
N,0.994474521404253,0.40453162602733506,0.8902138324103642,0.9817703090206553
N,0.9944671100430336,0.40398674113426875,0.8902138324103642,0.9817703090206553
N,0.9944593687038281,0.40341915270399126,0.8902138324103642,0.9817703090206553
N,0.9945079578569828,0.402896971348136,0.8902138324103642,0.9817703090206553
N,0.9945005611672278,0.4023520864550697,0.8902138324103642,0.9817703090206553
N,0.99449314452686,0.40180720156200334,0.8902138324103642,0.9817703090206553
N,0.9944857078550529,0.401262316668937,0.8902138324103642,0.9817703090206553
N,0.9944782510705431,0.40071743177587066,0.8902138324103642,0.9817703090206553
N,0.994583615436696,0.40021795395722654,0.8902138324103642,0.9817703090206553
N,0.9945762711864407,0.39967306906416017,0.8902138324103642,0.9817703090206553
N,0.9946254808780267,0.399150887708305,0.8902138324103642,0.9817703090206553
N,0.9946181735780648,0.3986060028152386,0.8902138324103642,0.9817703090206553
N,0.9946108463807579,0.39806111792217225,0.8902138324103642,0.9817703090206553
N,0.9946603044762554,0.39753893656631706,0.8902138324103642,0.9817703090206553
N,0.9946527106206269,0.39697134813603957,0.8902138324103642,0.9817703090206553
N,0.9946454001708915,0.39642646324297326,0.8902138324103642,0.9817703090206553
N,0.9946380697050938,0.3958815783499069,0.8902138324103642,0.9817703090206553
N,0.994630719140915,0.3953366934568406,0.8902138324103642,0.9817703090206553
N,0.9946805468169079,0.39481451210098534,0.8902138324103642,0.9817703090206553
N,0.9946732344349619,0.39426962720791897,0.8902138324103642,0.9817703090206553
N,0.9946659019214225,0.39372474231485266,0.8902138324103642,0.9817703090206553
N,0.9947159841479525,0.3932025609589974,0.8902138324103642,0.9817703090206553
N,0.9947086904008742,0.39265767606593105,0.8902138324103642,0.9817703090206553
N,0.9947013764902378,0.39211279117286474,0.8902138324103642,0.9817703090206553
N,0.9946940423323144,0.3915679062797984,0.8902138324103642,0.9817703090206553
N,0.9946863809633822,0.39100031784952094,0.8902138324103642,0.9817703090206553
N,0.994679005205321,0.39045543295645463,0.8902138324103642,0.9817703090206553
N,0.9946716089424302,0.38991054806338826,0.8902138324103642,0.9817703090206553
N,0.9946638826054173,0.38934295963311083,0.8902138324103642,0.9817703090206553
N,0.994656444212116,0.3887980747400445,0.8902138324103642,0.9817703090206553
N,0.9946489850520561,0.38825318984697815,0.8902138324103642,0.9817703090206553
N,0.99475799405906,0.38775371202833403,0.8902138324103642,0.9817703090206553
N,0.994750656167979,0.38720882713526766,0.8902138324103642,0.9817703090206553
N,0.9947432977045734,0.38666394224220135,0.8902138324103642,0.9817703090206553
N,0.9947359185822074,0.386119057349135,0.8902138324103642,0.9817703090206553
N,0.9947285187137586,0.3855741724560687,0.8902138324103642,0.9817703090206553
N,0.9947210980116136,0.3850292875630023,0.8902138324103642,0.9817703090206553
N,0.9947136563876652,0.384484402669936,0.8902138324103642,0.9817703090206553
N,0.9947650138227163,0.38396222131408075,0.8902138324103642,0.9817703090206553
N,0.9947576132414443,0.3834173364210144,0.8902138324103642,0.9817703090206553
N,0.9947501917064826,0.3828724515279481,0.8902138324103642,0.9817703090206553
N,0.9948018193632229,0.38235027017209283,0.8902138324103642,0.9817703090206553
N,0.9947944395149364,0.38180538527902647,0.8902138324103642,0.9817703090206553
N,0.9948462768793318,0.3812832039231712,0.8902138324103642,0.9817703090206553
N,0.994838939313045,0.3807383190301049,0.8902138324103642,0.9817703090206553
N,0.9948909879403552,0.38021613767424967,0.8902138324103642,0.9817703090206553
N,0.9948836932595634,0.3796712527811833,0.8902138324103642,0.9817703090206553
N,0.9948763777182008,0.379126367888117,0.8902138324103642,0.9817703090206553
N,0.9948687350835322,0.37855877945783956,0.8902138324103642,0.9817703090206553
N,0.9948613766730402,0.3780138945647732,0.8902138324103642,0.9817703090206553
N,0.9948539971278123,0.3774690096717069,0.8902138324103642,0.9817703090206553
N,0.9949065196548418,0.37694682831585163,0.8902138324103642,0.9817703090206553
N,0.9948991838694191,0.37640194342278527,0.8902138324103642,0.9817703090206553
N,0.9948918269230769,0.37585705852971896,0.8902138324103642,0.9817703090206553
N,0.9950048146364949,0.3753575807110748,0.8902138324103642,0.9817703090206553
N,0.9950578592092575,0.37483539935521953,0.8902138324103642,0.9817703090206553
N,0.9950507001448575,0.3742905144621532,0.8902138324103642,0.9817703090206553
N,0.9950435203094777,0.37374562956908686,0.8902138324103642,0.9817703090206553
N,0.9950363196125908,0.37320074467602055,0.8902138324103642,0.9817703090206553
N,0.9950290979631425,0.3726558597829542,0.8902138324103642,0.9817703090206553
N,0.9950218552695483,0.37211097488988787,0.8902138324103642,0.9817703090206553
N,0.9950145914396887,0.3715660899968215,0.8902138324103642,0.9817703090206553
N,0.9950070023747184,0.37099850156654407,0.8902138324103642,0.9817703090206553
N,0.9949993901695329,0.37043091313626664,0.8902138324103642,0.9817703090206553
N,0.9949920605838525,0.36988602824320027,0.8902138324103642,0.9817703090206553
N,0.9949844027157624,0.36931843981292284,0.8902138324103642,0.9817703090206553
N,0.9949770290964778,0.3687735549198565,0.8902138324103642,0.9817703090206553
N,0.9949696337647997,0.36822867002679016,0.8902138324103642,0.9817703090206553
N,0.9950236530073109,0.3677064886709349,0.8902138324103642,0.9817703090206553
N,0.9950163046822125,0.3671616037778686,0.8902138324103642,0.9817703090206553
N,0.9950089346232054,0.36661671888480224,0.8902138324103642,0.9817703090206553
N,0.9950015427337242,0.36607183399173593,0.8902138324103642,0.9817703090206553
N,0.9950556242274413,0.36552694909866956,0.8902138324103642,0.9817703090206553
N,0.9950479727638502,0.36495936066839213,0.8902138324103642,0.9817703090206553
N,0.9950406050461844,0.3644144757753258,0.8902138324103642,0.9817703090206553
N,0.9950332153721985,0.36386959088225945,0.8902138324103642,0.9817703090206553
N,0.9950879810980539,0.3633474095264042,0.8902138324103642,0.9817703090206553
N,0.9950806401394856,0.3628025246333379,0.8902138324103642,0.9817703090206553
N,0.9950732772061116,0.36225763974027153,0.8902138324103642,0.9817703090206553
N,0.9951283492598838,0.3617354583844163,0.8902138324103642,0.9817703090206553
N,0.9951210358416214,0.36119057349135,0.8902138324103642,0.9817703090206553
N,0.9951137004322496,0.3606456885982836,0.8902138324103642,0.9817703090206553
N,0.9951060358890701,0.3600781001680062,0.8902138324103642,0.9817703090206553
N,0.9950986552720875,0.3595332152749398,0.8902138324103642,0.9817703090206553
N,0.9950912523599749,0.3589883303818735,0.8902138324103642,0.9817703090206553
N,0.9951468549098702,0.35846614902601825,0.8902138324103642,0.9817703090206553
N,0.9951395025880571,0.3579212641329519,0.8902138324103642,0.9817703090206553
N,0.9951321279554938,0.3573763792398856,0.8902138324103642,0.9817703090206553
N,0.9951880460934532,0.35685419788403033,0.8902138324103642,0.9817703090206553
N,0.9951807228915662,0.35630931299096397,0.8902138324103642,0.9817703090206553
N,0.995236885558237,0.3557871316351088,0.8902138324103642,0.9817703090206553
N,0.9952296145528559,0.3552422467420424,0.8902138324103642,0.9817703090206553
N,0.9952223213148171,0.35469736184897604,0.8902138324103642,0.9817703090206553
N,0.9952150057419931,0.35415247695590973,0.8902138324103642,0.9817703090206553
N,0.9952076677316294,0.35360759206284337,0.8902138324103642,0.9817703090206553
N,0.9952003071803405,0.35306270716977706,0.8902138324103642,0.9817703090206553
N,0.9951929239841046,0.3525178222767107,0.8902138324103642,0.9817703090206553
N,0.9951852089619311,0.35195023384643326,0.8902138324103642,0.9817703090206553
N,0.9951777792065839,0.35140534895336695,0.8902138324103642,0.9817703090206553
N,0.9951703264859295,0.3508604640603006,0.8902138324103642,0.9817703090206553
N,0.9951628506933248,0.35031557916723427,0.8902138324103642,0.9817703090206553
N,0.9951550387596899,0.34974799073695684,0.8902138324103642,0.9817703090206553
N,0.995212215320911,0.3492258093811016,0.8902138324103642,0.9817703090206553
N,0.9952044585574493,0.34865822095082416,0.8902138324103642,0.9817703090206553
N,0.9951969883819043,0.3481133360577578,0.8902138324103642,0.9817703090206553
N,0.9951894948969642,0.3475684511646915,0.8902138324103642,0.9817703090206553
N,0.995181977993359,0.3470235662716251,0.8902138324103642,0.9817703090206553
N,0.9951741228642232,0.3464559778413477,0.8902138324103642,0.9817703090206553
N,0.995166557805356,0.3459110929482813,0.8902138324103642,0.9817703090206553
N,0.9952243883291901,0.3453889115924261,0.8902138324103642,0.9817703090206553
N,0.995216878521819,0.34484402669935976,0.8902138324103642,0.9817703090206553
N,0.9952093450584066,0.3442991418062934,0.8902138324103642,0.9817703090206553
N,0.9952017878270014,0.3437542569132271,0.8902138324103642,0.9817703090206553
N,0.9952600394996708,0.34323207555737184,0.8902138324103642,0.9817703090206553
N,0.9952525385731241,0.3426871906643055,0.8902138324103642,0.9817703090206553
N,0.9952446998216763,0.34211960223402804,0.8902138324103642,0.9817703090206553
N,0.9952371502282199,0.34157471734096173,0.8902138324103642,0.9817703090206553
N,0.9952295766249255,0.34102983244789536,0.8902138324103642,0.9817703090206553
N,0.9952216617998407,0.34046224401761793,0.8902138324103642,0.9817703090206553
N,0.9952137206674201,0.3398946555873405,0.8902138324103642,0.9817703090206553
N,0.9952060723084093,0.3393497706942742,0.8902138324103642,0.9817703090206553
N,0.9951983994664888,0.3388048858012078,0.8902138324103642,0.9817703090206553
N,0.9951907020239129,0.3382600009081415,0.8902138324103642,0.9817703090206553
N,0.9951829798621797,0.33771511601507515,0.8902138324103642,0.9817703090206553
N,0.995175232862025,0.33717023112200883,0.8902138324103642,0.9817703090206553
N,0.9951671365283931,0.33660264269173135,0.8902138324103642,0.9817703090206553
N,0.9951593384429205,0.33605775779866504,0.8902138324103642,0.9817703090206553
N,0.9951511886322312,0.3354901693683876,0.8902138324103642,0.9817703090206553
N,0.9951433389544688,0.33494528447532124,0.8902138324103642,0.9817703090206553
N,0.9952030268225119,0.334423103119466,0.8902138324103642,0.9817703090206553
N,0.9952629085741355,0.33390092176361075,0.8902138324103642,0.9817703090206553
N,0.9952548806941431,0.3333333333333333,0.8902138324103642,0.9817703090206553
N,0.9952471482889734,0.332788448440267,0.8902138324103642,0.9817703090206553
N,0.9952393906420022,0.33224356354720064,0.8902138324103642,0.9817703090206553
N,0.9952312827849309,0.3316759751169232,0.8902138324103642,0.9817703090206553
N,0.995223473217332,0.3311310902238569,0.8902138324103642,0.9817703090206553
N,0.9952156380288428,0.33058620533079053,0.8902138324103642,0.9817703090206553
N,0.9952077770931745,0.3300413204377242,0.8902138324103642,0.9817703090206553
N,0.9951998902832064,0.32949643554465785,0.8902138324103642,0.9817703090206553
N,0.9952603379585108,0.32895155065159154,0.8902138324103642,0.9817703090206553
N,0.9952525113526902,0.3284066657585252,0.8902138324103642,0.9817703090206553
N,0.9952446588559614,0.32786178086545886,0.8902138324103642,0.9817703090206553
N,0.995305812508629,0.3273395995096036,0.8902138324103642,0.9817703090206553
N,0.9952980224035403,0.32679471461653725,0.8902138324103642,0.9817703090206553
N,0.9952898801690102,0.3262271261862598,0.8902138324103642,0.9817703090206553
N,0.9952820370498855,0.32568224129319345,0.8902138324103642,0.9817703090206553
N,0.9953436652998818,0.32516005993733826,0.8902138324103642,0.9817703090206553
N,0.9953358858336234,0.3246151750442719,0.8902138324103642,0.9817703090206553
N,0.9953280803291262,0.32407029015120553,0.8902138324103642,0.9817703090206553
N,0.9953202486554446,0.3235254052581392,0.8902138324103642,0.9817703090206553
N,0.9953823549989506,0.323003223902284,0.8902138324103642,0.9817703090206553
N,0.9954446702642091,0.32248104254642873,0.8902138324103642,0.9817703090206553
N,0.9954369954369955,0.3219361576533624,0.8902138324103642,0.9817703090206553
N,0.9954996132480135,0.3214139762975072,0.8902138324103642,0.9817703090206553
N,0.9954920053532437,0.3208690914044408,0.8902138324103642,0.9817703090206553
N,0.9954840530623765,0.3203015029741634,0.8902138324103642,0.9817703090206553
N,0.9954763924229573,0.319756618081097,0.8902138324103642,0.9817703090206553
N,0.9954683849040572,0.3191890296508196,0.8902138324103642,0.9817703090206553
N,0.9954606709695724,0.31864414475775327,0.8902138324103642,0.9817703090206553
N,0.9954529307282416,0.3180992598646869,0.8902138324103642,0.9817703090206553
N,0.9954451640452637,0.3175543749716206,0.8902138324103642,0.9817703090206553
N,0.9955086618664005,0.31703219361576535,0.8902138324103642,0.9817703090206553
N,0.9955009640791259,0.316487308722699,0.8902138324103642,0.9817703090206553
N,0.9954932398597897,0.31594242382963267,0.8902138324103642,0.9817703090206553
N,0.9954854890720172,0.3153975389365663,0.8902138324103642,0.9817703090206553
N,0.995549493934391,0.31487535758071106,0.8902138324103642,0.9817703090206553
N,0.9955418134752283,0.31433047268764475,0.8902138324103642,0.9817703090206553
N,0.9956061370020889,0.3138082913317895,0.8902138324103642,0.9817703090206553
N,0.9955985280323255,0.31326340643872314,0.8902138324103642,0.9817703090206553
N,0.9955905739482435,0.3126958180084457,0.8902138324103642,0.9817703090206553
N,0.9955829109341057,0.3121509331153794,0.8902138324103642,0.9817703090206553
N,0.995575221238938,0.311606048222313,0.8902138324103642,0.9817703090206553
N,0.9955671826175423,0.3110384597920356,0.8902138324103642,0.9817703090206553
N,0.9955594380141224,0.3104935748989693,0.8902138324103642,0.9817703090206553
N,0.9956245898052942,0.30997139354311404,0.8902138324103642,0.9817703090206553
N,0.9956169186938417,0.30942650865004767,0.8902138324103642,0.9817703090206553
N,0.9956824002927186,0.3089043272941924,0.8902138324103642,0.9817703090206553
N,0.9956748039000073,0.3083594424011261,0.8902138324103642,0.9817703090206553
N,0.9957406183447162,0.30783726104527087,0.8902138324103642,0.9817703090206553
N,0.9957330979180461,0.3072923761522045,0.8902138324103642,0.9817703090206553
N,0.9957255508880537,0.3067474912591382,0.8902138324103642,0.9817703090206553
N,0.995717977113326,0.30620260636607183,0.8902138324103642,0.9817703090206553
N,0.9957843354781452,0.3056804250102166,0.8902138324103642,0.9817703090206553
N,0.9957768392976217,0.3051355401171503,0.8902138324103642,0.9817703090206553
N,0.995769316410599,0.3045906552240839,0.8902138324103642,0.9817703090206553
N,0.9957614515169542,0.3040230667938065,0.8902138324103642,0.9817703090206553
N,0.995753873659118,0.30347818190074016,0.8902138324103642,0.9817703090206553
N,0.9957462686567164,0.3029332970076738,0.8902138324103642,0.9817703090206553
N,0.9957383177570094,0.30236570857739636,0.8902138324103642,0.9817703090206553
N,0.9957306568796345,0.30182082368433,0.8902138324103642,0.9817703090206553
N,0.9957980040519246,0.30129864232847475,0.8902138324103642,0.9817703090206553
N,0.9957901067508645,0.3007310538981973,0.8902138324103642,0.9817703090206553
N,0.9957821797092716,0.3001634654679199,0.8902138324103642,0.9817703090206553
N,0.9957745416132197,0.2996185805748536,0.8902138324103642,0.9817703090206553
N,0.9957668758031597,0.2990736956817872,0.8902138324103642,0.9817703090206553
N,0.9957591821279819,0.2985288107887209,0.8902138324103642,0.9817703090206553
N,0.9957514604354754,0.29798392589565453,0.8902138324103642,0.9817703090206553
N,0.9957437105723189,0.2974390410025882,0.8902138324103642,0.9817703090206553
N,0.9957359323840707,0.29689415610952186,0.8902138324103642,0.9817703090206553
N,0.9957281257151576,0.29634927121645555,0.8902138324103642,0.9817703090206553
N,0.9957202904088651,0.2958043863233892,0.8902138324103642,0.9817703090206553
N,0.9957124263073271,0.29525950143032287,0.8902138324103642,0.9817703090206553
N,0.9957812380148807,0.2947373200744676,0.8902138324103642,0.9817703090206553
N,0.9957734573119188,0.29419243518140126,0.8902138324103642,0.9817703090206553
N,0.9957656478558781,0.29364755028833495,0.8902138324103642,0.9817703090206553
N,0.9957578094870806,0.2931026653952686,0.8902138324103642,0.9817703090206553
N,0.9958272158256704,0.29258048403941334,0.8902138324103642,0.9817703090206553
N,0.9958194627235426,0.292035599146347,0.8902138324103642,0.9817703090206553
N,0.9958113558796152,0.29146801071606954,0.8902138324103642,0.9817703090206553
N,0.9958035436742306,0.2909231258230032,0.8902138324103642,0.9817703090206553
N,0.9957957022734351,0.29037824092993686,0.8902138324103642,0.9817703090206553
N,0.9957878315132606,0.28983335603687055,0.8902138324103642,0.9817703090206553
N,0.9957799312285089,0.2892884711438042,0.8902138324103642,0.9817703090206553
N,0.9957720012527403,0.28874358625073787,0.8902138324103642,0.9817703090206553
N,0.9957640414182617,0.2881987013576715,0.8902138324103642,0.9817703090206553
N,0.9958343158060206,0.2876538164646052,0.8902138324103642,0.9817703090206553
N,0.99582644302701,0.28710893157153883,0.8902138324103642,0.9817703090206553
N,0.995818540433925,0.2865640466784725,0.8902138324103642,0.9817703090206553
N,0.9958106078570864,0.28601916178540615,0.8902138324103642,0.9817703090206553
N,0.9958026451255246,0.28547427689233984,0.8902138324103642,0.9817703090206553
N,0.9957946520669682,0.2849293919992735,0.8902138324103642,0.9817703090206553
N,0.9957866285078305,0.28438450710620716,0.8902138324103642,0.9817703090206553
N,0.9957785742731979,0.2838396222131408,0.8902138324103642,0.9817703090206553
N,0.9957704891868167,0.2832947373200745,0.8902138324103642,0.9817703090206553
N,0.9957623730710802,0.2827498524270081,0.8902138324103642,0.9817703090206553
N,0.9957542257470159,0.2822049675339418,0.8902138324103642,0.9817703090206553
N,0.9957460470342724,0.28166008264087544,0.8902138324103642,0.9817703090206553
N,0.9957378367511057,0.28111519774780913,0.8902138324103642,0.9817703090206553
N,0.9957295947143663,0.28057031285474276,0.8902138324103642,0.9817703090206553
N,0.9957213207394849,0.28002542796167645,0.8902138324103642,0.9817703090206553
N,0.9957130146404595,0.2794805430686101,0.8902138324103642,0.9817703090206553
N,0.9957046762298404,0.2789356581755438,0.8902138324103642,0.9817703090206553
N,0.9957775071051563,0.27841347681968853,0.8902138324103642,0.9817703090206553
N,0.9957692620616712,0.27786859192662217,0.8902138324103642,0.9817703090206553
N,0.9957609847558491,0.27732370703355586,0.8902138324103642,0.9817703090206553
N,0.995752674997958,0.2767788221404895,0.8902138324103642,0.9817703090206553
N,0.9958261723545299,0.27625664078463424,0.8902138324103642,0.9817703090206553
N,0.9958179581795817,0.27571175589156793,0.8902138324103642,0.9817703090206553
N,0.9958097116095637,0.27516687099850157,0.8902138324103642,0.9817703090206553
N,0.9958014324524574,0.2746219861054352,0.8902138324103642,0.9817703090206553
N,0.9957931205147241,0.2740771012123689,0.8902138324103642,0.9817703090206553
N,0.9957847756012894,0.2735322163193025,0.8902138324103642,0.9817703090206553
N,0.9957760477058142,0.2729646278890251,0.8902138324103642,0.9817703090206553
N,0.9957676348547718,0.2724197429959588,0.8902138324103642,0.9817703090206553
N,0.995759188425079,0.2718748581028924,0.8902138324103642,0.9817703090206553
N,0.9957507082152974,0.2713299732098261,0.8902138324103642,0.9817703090206553
N,0.9957421940223744,0.27078508831675974,0.8902138324103642,0.9817703090206553
N,0.9957336456416263,0.2702402034236934,0.8902138324103642,0.9817703090206553
N,0.9957250628667226,0.26969531853062706,0.8902138324103642,0.9817703090206553
N,0.9957164454896691,0.26915043363756075,0.8902138324103642,0.9817703090206553
N,0.9957077933007911,0.2686055487444944,0.8902138324103642,0.9817703090206553
N,0.9956991060887165,0.26806066385142807,0.8902138324103642,0.9817703090206553
N,0.9956903836403583,0.2675157789583617,0.8902138324103642,0.9817703090206553
N,0.995766299745978,0.26699359760250646,0.8902138324103642,0.9817703090206553
N,0.9958425250296963,0.2664714162466512,0.8902138324103642,0.9817703090206553
N,0.9958336876115976,0.2659038278163738,0.8902138324103642,0.9817703090206553
N,0.9958251682712789,0.2653589429233075,0.8902138324103642,0.9817703090206553
N,0.9958166140186118,0.2648140580302411,0.8902138324103642,0.9817703090206553
N,0.9959791256737103,0.264314580211597,0.8902138324103642,0.9817703090206553
N,0.995970852978997,0.2637696953185306,0.8902138324103642,0.9817703090206553
N,0.9959621993127148,0.2632021068882532,0.8902138324103642,0.9817703090206553
N,0.9959538567493113,0.2626572219951869,0.8902138324103642,0.9817703090206553
N,0.9959454796411318,0.2621123371021205,0.8902138324103642,0.9817703090206553
N,0.9959370677731674,0.2615674522090542,0.8902138324103642,0.9817703090206553
N,0.9959282682145023,0.2609998637787767,0.8902138324103642,0.9817703090206553
N,0.9959197847035333,0.2604549788857104,0.8902138324103642,0.9817703090206553
N,0.9959112657677252,0.25991009399264403,0.8902138324103642,0.9817703090206553
N,0.9959027111847267,0.2593652090995777,0.8902138324103642,0.9817703090206553
N,0.9958941207303224,0.25882032420651135,0.8902138324103642,0.9817703090206553
N,0.995885494178412,0.25827543931344504,0.8902138324103642,0.9817703090206553
N,0.9958768313009914,0.2577305544203787,0.8902138324103642,0.9817703090206553
N,0.996043956043956,0.25723107660173455,0.8902138324103642,0.9817703090206553
N,0.9960355915778345,0.2566861917086682,0.8902138324103642,0.9817703090206553
N,0.9960268408970511,0.25611860327839076,0.8902138324103642,0.9817703090206553
N,0.9960184038223323,0.25557371838532444,0.8902138324103642,0.9817703090206553
N,0.9960099308388012,0.2550288334922581,0.8902138324103642,0.9817703090206553
N,0.9960902790119068,0.25450665213640283,0.8902138324103642,0.9817703090206553
N,0.9960819234194123,0.2539617672433365,0.8902138324103642,0.9817703090206553
N,0.996073532036409,0.25341688235027016,0.8902138324103642,0.9817703090206553
N,0.996065104632445,0.25287199745720385,0.8902138324103642,0.9817703090206553
N,0.9960562875324908,0.2523044090269264,0.8902138324103642,0.9817703090206553
N,0.9960477858618522,0.25175952413386005,0.8902138324103642,0.9817703090206553
N,0.9960388908894491,0.2511919357035826,0.8902138324103642,0.9817703090206553
N,0.9960303139660772,0.2506470508105163,0.8902138324103642,0.9817703090206553
N,0.9960216998191682,0.25010216591744994,0.8902138324103642,0.9817703090206553
N,0.9960130482058717,0.2495572810243836,0.8902138324103642,0.9817703090206553
N,0.9960043588812205,0.24901239613131726,0.8902138324103642,0.9817703090206553
N,0.995995631598107,0.24846751123825092,0.8902138324103642,0.9817703090206553
N,0.9960777159536623,0.24792262634518458,0.8902138324103642,0.9817703090206553
N,0.9960691105219855,0.24737774145211824,0.8902138324103642,0.9817703090206553
N,0.9960604672469079,0.2468328565590519,0.8902138324103642,0.9817703090206553
N,0.996051785878248,0.24628797166598557,0.8902138324103642,0.9817703090206553
N,0.9960423377818683,0.245697679698497,0.8902138324103642,0.9817703090206553
N,0.9960332103321033,0.24513009126821958,0.8902138324103642,0.9817703090206553
N,0.9960244082840237,0.24458520637515324,0.8902138324103642,0.9817703090206553
N,0.9960155670867309,0.2440403214820869,0.8902138324103642,0.9817703090206553
N,0.9960066864784547,0.24349543658902056,0.8902138324103642,0.9817703090206553
N,0.9959970210389126,0.24290514462153204,0.8902138324103642,0.9817703090206553
N,0.9959880574734092,0.2423602597284657,0.8902138324103642,0.9817703090206553
N,0.9959790536749579,0.24181537483539936,0.8902138324103642,0.9817703090206553
N,0.9960637300843487,0.24129319347954412,0.8902138324103642,0.9817703090206553
N,0.9961487882772873,0.24077101212368887,0.8902138324103642,0.9817703090206553
N,0.9961400866126906,0.24022612723062253,0.8902138324103642,0.9817703090206553
N,0.9961313455368938,0.2396812423375562,0.8902138324103642,0.9817703090206553
N,0.9961225647815396,0.23913635744448986,0.8902138324103642,0.9817703090206553
N,0.9961137440758294,0.23859147255142352,0.8902138324103642,0.9817703090206553
N,0.9961998859965799,0.23806929119556827,0.8902138324103642,0.9817703090206553
N,0.9962864216339745,0.23754710983971303,0.8902138324103642,0.9817703090206553
N,0.9962779156327544,0.2370022249466467,0.8902138324103642,0.9817703090206553
N,0.9962693705758562,0.23645734005358035,0.8902138324103642,0.9817703090206553
N,0.9962607861936721,0.235912455160514,0.8902138324103642,0.9817703090206553
N,0.9962521622141073,0.23536757026744767,0.8902138324103642,0.9817703090206553
N,0.9962434983625506,0.23482268537438133,0.8902138324103642,0.9817703090206553
N,0.9962344308197354,0.2342550969441039,0.8902138324103642,0.9817703090206553
N,0.9962253193960511,0.23368750851382644,0.8902138324103642,0.9817703090206553
N,0.9962165308498254,0.2331426236207601,0.8902138324103642,0.9817703090206553
N,0.9962077012835473,0.23259773872769376,0.8902138324103642,0.9817703090206553
N,0.9961988304093568,0.23205285383462743,0.8902138324103642,0.9817703090206553
N,0.9961895456765999,0.23148526540435,0.8902138324103642,0.9817703090206553
N,0.9961805895602781,0.23094038051128365,0.8902138324103642,0.9817703090206553
N,0.996171591243742,0.23039549561821732,0.8902138324103642,0.9817703090206553
N,0.9963593427137656,0.22989601779957317,0.8902138324103642,0.9817703090206553
N,0.9963507249235625,0.22935113290650683,0.8902138324103642,0.9817703090206553
N,0.99634206623826,0.2288062480134405,0.8902138324103642,0.9817703090206553
N,0.9963333663660687,0.22826136312037415,0.8902138324103642,0.9817703090206553
N,0.9963246250124168,0.2277164782273078,0.8902138324103642,0.9817703090206553
N,0.9963154750049791,0.22714888979703038,0.8902138324103642,0.9817703090206553
N,0.9963062793251473,0.22658130136675295,0.8902138324103642,0.9817703090206553
N,0.99629740818573,0.2260364164736866,0.8902138324103642,0.9817703090206553
N,0.9963888052964189,0.22551423511783136,0.8902138324103642,0.9817703090206553
N,0.996379726468222,0.22494664668755393,0.8902138324103642,0.9817703090206553
N,0.9963709677419355,0.2244017617944876,0.8902138324103642,0.9817703090206553
N,0.9963621665319321,0.22385687690142125,0.8902138324103642,0.9817703090206553
N,0.9963529530949246,0.2232892884711438,0.8902138324103642,0.9817703090206553
N,0.9963440641819844,0.22274440357807745,0.8902138324103642,0.9817703090206553
N,0.9963351318334521,0.22219951868501112,0.8902138324103642,0.9817703090206553
N,0.9963261557301766,0.22165463379194478,0.8902138324103642,0.9817703090206553
N,0.9963171355498721,0.22110974889887844,0.8902138324103642,0.9817703090206553
N,0.9963080709670803,0.2205648640058121,0.8902138324103642,0.9817703090206553
N,0.9962989616531305,0.22001997911274576,0.8902138324103642,0.9817703090206553
N,0.9962898072761002,0.21947509421967942,0.8902138324103642,0.9817703090206553
N,0.9962806075007749,0.21893020932661308,0.8902138324103642,0.9817703090206553
N,0.9962713619886069,0.21838532443354675,0.8902138324103642,0.9817703090206553
N,0.9963659017755165,0.2178631430776915,0.8902138324103642,0.9817703090206553
N,0.9963568231497866,0.21731825818462516,0.8902138324103642,0.9817703090206553
N,0.9963476990504018,0.21677337329155882,0.8902138324103642,0.9817703090206553
N,0.9963385291348468,0.21622848839849249,0.8902138324103642,0.9817703090206553
N,0.9963293130571579,0.21568360350542615,0.8902138324103642,0.9817703090206553
N,0.9963200504678793,0.2151387186123598,0.8902138324103642,0.9817703090206553
N,0.9964161484136186,0.21461653725650456,0.8902138324103642,0.9817703090206553
N,0.9964070590721759,0.21407165236343823,0.8902138324103642,0.9817703090206553
N,0.9963979235088463,0.2135267674703719,0.8902138324103642,0.9817703090206553
N,0.9963883577650308,0.21295917904009445,0.8902138324103642,0.9817703090206553
N,0.9963791267305644,0.21241429414702812,0.8902138324103642,0.9817703090206553
N,0.9963698483877856,0.21186940925396178,0.8902138324103642,0.9817703090206553
N,0.9963605223720831,0.21132452436089544,0.8902138324103642,0.9817703090206553
N,0.9963511483150891,0.2107796394678291,0.8902138324103642,0.9817703090206553
N,0.996341725844631,0.21023475457476276,0.8902138324103642,0.9817703090206553
N,0.9963318588844535,0.2096671661444853,0.8902138324103642,0.9817703090206553
N,0.996322336398053,0.20912228125141896,0.8902138324103642,0.9817703090206553
N,0.9963123644251627,0.20855469282114153,0.8902138324103642,0.9817703090206553
N,0.996302740321879,0.2080098079280752,0.8902138324103642,0.9817703090206553
N,0.9962930658525948,0.20746492303500885,0.8902138324103642,0.9817703090206553
N,0.9962833406209007,0.2069200381419425,0.8902138324103642,0.9817703090206553
N,0.9962735642262166,0.20637515324887618,0.8902138324103642,0.9817703090206553
N,0.9962637362637362,0.20583026835580984,0.8902138324103642,0.9817703090206553
N,0.996253856324372,0.2052853834627435,0.8902138324103642,0.9817703090206553
N,0.9962439239946973,0.20474049856967716,0.8902138324103642,0.9817703090206553
N,0.9962339388568897,0.20419561367661082,0.8902138324103642,0.9817703090206553
N,0.9962239004886717,0.20365072878354448,0.8902138324103642,0.9817703090206553
N,0.9962133867914021,0.20308314035326705,0.8902138324103642,0.9817703090206553
N,0.9962032384142937,0.2025382554602007,0.8902138324103642,0.9817703090206553
N,0.9961930354943456,0.20199337056713437,0.8902138324103642,0.9817703090206553
N,0.9962950488379926,0.20147118921127913,0.8902138324103642,0.9817703090206553
N,0.99639761341889,0.20094900785542388,0.8902138324103642,0.9817703090206553
N,0.9963878541596117,0.20040412296235754,0.8902138324103642,0.9817703090206553
N,0.9963780418788908,0.1998592380692912,0.8902138324103642,0.9817703090206553
N,0.9963681761434571,0.19931435317622487,0.8902138324103642,0.9817703090206553
N,0.9963582565153067,0.19876946828315853,0.8902138324103642,0.9817703090206553
N,0.9963482825516375,0.19822458339009216,0.8902138324103642,0.9817703090206553
N,0.9963382538047831,0.19767969849702582,0.8902138324103642,0.9817703090206553
N,0.9963281698221457,0.19713481360395949,0.8902138324103642,0.9817703090206553
N,0.9963180301461282,0.19658992871089315,0.8902138324103642,0.9817703090206553
N,0.9963078343140649,0.1960450438178268,0.8902138324103642,0.9817703090206553
N,0.9962975818581511,0.19550015892476047,0.8902138324103642,0.9817703090206553
N,0.9962872723053718,0.19495527403169413,0.8902138324103642,0.9817703090206553
N,0.9962769051774287,0.1944103891386278,0.8902138324103642,0.9817703090206553
N,0.9962664799906662,0.19386550424556145,0.8902138324103642,0.9817703090206553
N,0.9962559962559963,0.19332061935249512,0.8902138324103642,0.9817703090206553
N,0.9962450129077681,0.19275303092221768,0.8902138324103642,0.9817703090206553
N,0.9962344080960226,0.19220814602915134,0.8902138324103642,0.9817703090206553
N,0.9962237432145385,0.191663261136085,0.8902138324103642,0.9817703090206553
N,0.9962130177514793,0.19111837624301867,0.8902138324103642,0.9817703090206553
N,0.9962022311891764,0.19057349134995233,0.8902138324103642,0.9817703090206553
N,0.9961913830040466,0.190028606456886,0.8902138324103642,0.9817703090206553
N,0.9961804726665076,0.18948372156381965,0.8902138324103642,0.9817703090206553
N,0.9961694996408906,0.1889388366707533,0.8902138324103642,0.9817703090206553
N,0.9961580021611238,0.18837124824047585,0.8902138324103642,0.9817703090206553
N,0.9961468994581577,0.18782636334740951,0.8902138324103642,0.9817703090206553
N,0.9961357323994686,0.18728147845434318,0.8902138324103642,0.9817703090206553
N,0.9961245004238828,0.18673659356127684,0.8902138324103642,0.9817703090206553
N,0.9961132029636828,0.1861917086682105,0.8902138324103642,0.9817703090206553
N,0.9961018394445121,0.18564682377514416,0.8902138324103642,0.9817703090206553
N,0.9960904092852779,0.18510193888207782,0.8902138324103642,0.9817703090206553
N,0.9960789118980518,0.18455705398901148,0.8902138324103642,0.9817703090206553
N,0.9960668633235005,0.18398946555873405,0.8902138324103642,0.9817703090206553
N,0.9960552268244576,0.1834445806656677,0.8902138324103642,0.9817703090206553
N,0.9961671612265084,0.18292239930981247,0.8902138324103642,0.9817703090206553
N,0.996155753968254,0.18237751441674613,0.8902138324103642,0.9817703090206553
N,0.9961442786069652,0.1818326295236798,0.8902138324103642,0.9817703090206553
N,0.9962574850299402,0.18131044816782454,0.8902138324103642,0.9817703090206553
N,0.9962462462462462,0.1807655632747582,0.8902138324103642,0.9817703090206553
N,0.9962349397590361,0.18022067838169187,0.8902138324103642,0.9817703090206553
N,0.9964753272910373,0.17972120056304772,0.8902138324103642,0.9817703090206553
N,0.9964646464646465,0.17917631566998138,0.8902138324103642,0.9817703090206553
N,0.9964539007092199,0.17863143077691504,0.8902138324103642,0.9817703090206553
N,0.9964430894308943,0.1780865458838487,0.8902138324103642,0.9817703090206553
N,0.9966870540265036,0.17758706806520455,0.8902138324103642,0.9817703090206553
N,0.996676891615542,0.1770421831721382,0.8902138324103642,0.9817703090206553
N,0.9969230769230769,0.17654270535349406,0.8902138324103642,0.9817703090206553
N,0.9969135802469136,0.17599782046042772,0.8902138324103642,0.9817703090206553
N,0.9969036253386659,0.1754302320301503,0.8902138324103642,0.9817703090206553
N,0.9968940080238126,0.17488534713708395,0.8902138324103642,0.9817703090206553
N,0.9968843307802155,0.1743404622440176,0.8902138324103642,0.9817703090206553
N,0.9968745930459695,0.17379557735095127,0.8902138324103642,0.9817703090206553
N,0.9968647942521228,0.17325069245788494,0.8902138324103642,0.9817703090206553
N,0.9968545216251639,0.1726831040276075,0.8902138324103642,0.9817703090206553
N,0.9968445963712859,0.17213821913454116,0.8902138324103642,0.9817703090206553
N,0.9969660994591742,0.17159333424147483,0.8902138324103642,0.9817703090206553
N,0.9969564642053725,0.1710484493484085,0.8902138324103642,0.9817703090206553
N,0.9969467675560866,0.17050356445534215,0.8902138324103642,0.9817703090206553
N,0.9969370089226262,0.1699586795622758,0.8902138324103642,0.9817703090206553
N,0.9969271877087509,0.16941379466920947,0.8902138324103642,0.9817703090206553
N,0.9969173033105482,0.16886890977614313,0.8902138324103642,0.9817703090206553
N,0.9969073551163103,0.1683240248830768,0.8902138324103642,0.9817703090206553
N,0.9968973425064077,0.16777913999001046,0.8902138324103642,0.9817703090206553
N,0.9968872648531601,0.16723425509694412,0.8902138324103642,0.9817703090206553
N,0.9968771215207061,0.16668937020387775,0.8902138324103642,0.9817703090206553
N,0.9968669118648685,0.1661444853108114,0.8902138324103642,0.9817703090206553
N,0.996856635233019,0.16559960041774507,0.8902138324103642,0.9817703090206553
N,0.9968462909639381,0.16505471552467874,0.8902138324103642,0.9817703090206553
N,0.9968354430379747,0.1644871270944013,0.8902138324103642,0.9817703090206553
N,0.9968249585864164,0.16394224220133496,0.8902138324103642,0.9817703090206553
N,0.996814404432133,0.16339735730826863,0.8902138324103642,0.9817703090206553
N,0.9968037798777099,0.1628524724152023,0.8902138324103642,0.9817703090206553
N,0.9967930842163971,0.16230758752213595,0.8902138324103642,0.9817703090206553
N,0.9967823167319529,0.1617627026290696,0.8902138324103642,0.9817703090206553
N,0.996771476698484,0.16121781773600327,0.8902138324103642,0.9817703090206553
N,0.9967605633802817,0.16067293284293693,0.8902138324103642,0.9817703090206553
N,0.9967491166077739,0.1601053444126595,0.8902138324103642,0.9817703090206553
N,0.9967380513402354,0.15956045951959316,0.8902138324103642,0.9817703090206553
N,0.9968692187277644,0.15903827816373792,0.8902138324103642,0.9817703090206553
N,0.9968584892189062,0.15849339327067158,0.8902138324103642,0.9817703090206553
N,0.9968476859148875,0.15794850837760524,0.8902138324103642,0.9817703090206553
N,0.9968368080517613,0.1574036234845389,0.8902138324103642,0.9817703090206553
N,0.9968258548549993,0.15685873859147256,0.8902138324103642,0.9817703090206553
N,0.996814825539308,0.15631385369840622,0.8902138324103642,0.9817703090206553
N,0.9968037193084411,0.15576896880533989,0.8902138324103642,0.9817703090206553
N,0.9969383292025077,0.15524678744948464,0.8902138324103642,0.9817703090206553
N,0.9969275786393562,0.1547019025564183,0.8902138324103642,0.9817703090206553
N,0.9970635736308912,0.15417972120056306,0.8902138324103642,0.9817703090206553
N,0.9970531899219095,0.15363483630749672,0.8902138324103642,0.9817703090206553
N,0.997042732515156,0.15308995141443038,0.8902138324103642,0.9817703090206553
N,0.9970322006232378,0.15254506652136404,0.8902138324103642,0.9817703090206553
N,0.9970215934475056,0.15200018162829768,0.8902138324103642,0.9817703090206553
N,0.9971603646689583,0.15147800027244246,0.8902138324103642,0.9817703090206553
N,0.9971501424928754,0.15093311537937612,0.8902138324103642,0.9817703090206553
N,0.9972903808520247,0.15041093402352088,0.8902138324103642,0.9817703090206553
N,0.9972805559752228,0.14986604913045454,0.8902138324103642,0.9817703090206553
N,0.9974222896133434,0.1493438677745993,0.8902138324103642,0.9817703090206553
N,0.9974128747527012,0.14879898288153295,0.8902138324103642,0.9817703090206553
N,0.9974033908660456,0.14825409798846662,0.8902138324103642,0.9817703090206553
N,0.9973938371914763,0.14770921309540028,0.8902138324103642,0.9817703090206553
N,0.9973842129558393,0.1471643282023339,0.8902138324103642,0.9817703090206553
N,0.9975289575289575,0.1466421468464787,0.8902138324103642,0.9817703090206553
N,0.9975197643776159,0.14609726195341236,0.8902138324103642,0.9817703090206553
N,0.9975105025672942,0.145552377060346,0.8902138324103642,0.9817703090206553
N,0.997501171325941,0.14500749216727965,0.8902138324103642,0.9817703090206553
N,0.9974917698698855,0.1444626072742133,0.8902138324103642,0.9817703090206553
N,0.9974819011646208,0.14389501884393588,0.8902138324103642,0.9817703090206553
N,0.9974723538704582,0.14335013395086954,0.8902138324103642,0.9817703090206553
N,0.9974627339042182,0.1428052490578032,0.8902138324103642,0.9817703090206553
N,0.9974530404329831,0.14226036416473686,0.8902138324103642,0.9817703090206553
N,0.9976030680728667,0.14173818280888162,0.8902138324103642,0.9817703090206553
N,0.9975938402309913,0.14119329791581528,0.8902138324103642,0.9817703090206553
N,0.9975841520373652,0.14062570948553785,0.8902138324103642,0.9817703090206553
N,0.9975747776879548,0.1400808245924715,0.8902138324103642,0.9817703090206553
N,0.9975653303035221,0.13953593969940517,0.8902138324103642,0.9817703090206553
N,0.997555809027212,0.13899105480633883,0.8902138324103642,0.9817703090206553
N,0.9975462129887126,0.1384461699132725,0.8902138324103642,0.9817703090206553
N,0.9975361366622865,0.13787858148299506,0.8902138324103642,0.9817703090206553
N,0.9975263852242744,0.13733369658992872,0.8902138324103642,0.9817703090206553
N,0.9975165562913907,0.13678881169686238,0.8902138324103642,0.9817703090206553
N,0.9975066489361702,0.13624392680379604,0.8902138324103642,0.9817703090206553
N,0.9974966622162884,0.13569904191072968,0.8902138324103642,0.9817703090206553
N,0.9974865951742627,0.13515415701766334,0.8902138324103642,0.9817703090206553
N,0.9976446837146703,0.13463197566180812,0.8902138324103642,0.9817703090206553
N,0.9976351351351351,0.13408709076874176,0.8902138324103642,0.9817703090206553
N,0.9977947413061917,0.13354220587567542,0.8902138324103642,0.9817703090206553
N,0.9977857264520524,0.13299732098260908,0.8902138324103642,0.9817703090206553
N,0.9977766375919275,0.13245243608954274,0.8902138324103642,0.9817703090206553
N,0.9977674738107505,0.1319075511964764,0.8902138324103642,0.9817703090206553
N,0.9979306777030522,0.13138536984062116,0.8902138324103642,0.9817703090206553
N,0.9979220779220779,0.13084048494755482,0.8902138324103642,0.9817703090206553
N,0.9980872891671013,0.13031830359169957,0.8902138324103642,0.9817703090206553
N,0.998079273616204,0.12977341869863324,0.8902138324103642,0.9817703090206553
N,0.9980711906014378,0.1292285338055669,0.8902138324103642,0.9817703090206553
N,0.9980630392674766,0.12868364891250056,0.8902138324103642,0.9817703090206553
N,0.9982316534040672,0.12816146755664531,0.8902138324103642,0.9817703090206553
N,0.9982241164979577,0.12761658266357898,0.8902138324103642,0.9817703090206553
N,0.9982165150704476,0.12707169777051264,0.8902138324103642,0.9817703090206553
N,0.9983879634605051,0.1265495164146574,0.8902138324103642,0.9817703090206553
N,0.9983810037776578,0.12600463152159105,0.8902138324103642,0.9817703090206553
N,0.9983739837398374,0.12545974662852472,0.8902138324103642,0.9817703090206553
N,0.998548357829795,0.12493756527266948,0.8902138324103642,0.9817703090206553
N,0.9985420083834518,0.12439268037960315,0.8902138324103642,0.9817703090206553
N,0.9985356031484532,0.12384779548653681,0.8902138324103642,0.9817703090206553
N,0.9987129987129987,0.12332561413068156,0.8902138324103642,0.9817703090206553
N,0.9987072945521699,0.12278072923761522,0.8902138324103642,0.9817703090206553
N,0.9987015396030421,0.12223584434454889,0.8902138324103642,0.9817703090206553
N,0.9986957331842743,0.12169095945148255,0.8902138324103642,0.9817703090206553
N,0.9986898746022833,0.1211460745584162,0.8902138324103642,0.9817703090206553
N,0.9986839631509682,0.12060118966534986,0.8902138324103642,0.9817703090206553
N,0.9986779981114259,0.12005630477228352,0.8902138324103642,0.9817703090206553
N,0.99867197875166,0.11951141987921718,0.8902138324103642,0.9817703090206553
N,0.9986659043262817,0.11896653498615084,0.8902138324103642,0.9817703090206553
N,0.9986597740762014,0.1184216500930845,0.8902138324103642,0.9817703090206553
N,0.9986535872283131,0.11787676520001816,0.8902138324103642,0.9817703090206553
N,0.9986473429951691,0.11733188030695182,0.8902138324103642,0.9817703090206553
N,0.9986410405746458,0.11678699541388549,0.8902138324103642,0.9817703090206553
N,0.9988297249853716,0.11626481405803024,0.8902138324103642,0.9817703090206553
N,0.9988242210464433,0.1157199291649639,0.8902138324103642,0.9817703090206553
N,0.9988186650915535,0.11517504427189756,0.8902138324103642,0.9817703090206553
N,0.998813056379822,0.11463015937883123,0.8902138324103642,0.9817703090206553
N,0.9988073941562313,0.11408527448576489,0.8902138324103642,0.9817703090206553
N,0.9988016776512882,0.11354038959269855,0.8902138324103642,0.9817703090206553
N,0.9987959060806743,0.1129955046996322,0.8902138324103642,0.9817703090206553
N,0.9987900786448881,0.11245061980656586,0.8902138324103642,0.9817703090206553
N,0.9987841945288753,0.11190573491349952,0.8902138324103642,0.9817703090206553
N,0.9989818774180411,0.11138355355764427,0.8902138324103642,0.9817703090206553
N,0.9989768774299161,0.11083866866457794,0.8902138324103642,0.9817703090206553
N,0.9989718280896566,0.1102937837715116,0.8902138324103642,0.9817703090206553
N,0.9989667286629469,0.10974889887844526,0.8902138324103642,0.9817703090206553
N,0.9991692627206646,0.10922671752259001,0.8902138324103642,0.9817703090206553
N,0.9991651012314757,0.10868183262952368,0.8902138324103642,0.9817703090206553
N,0.999160897839312,0.10813694773645734,0.8902138324103642,0.9817703090206553
N,0.9993674889310563,0.10761476638060209,0.8902138324103642,0.9817703090206553
N,0.9993642720915448,0.10706988148753575,0.8902138324103642,0.9817703090206553
N,0.9993608862377503,0.10650229305725832,0.8902138324103642,0.9817703090206553
N,0.9993574641250803,0.10593470462698089,0.8902138324103642,0.9817703090206553
N,0.9993541442411195,0.10538981973391455,0.8902138324103642,0.9817703090206553
N,0.999350789872322,0.1048449348408482,0.8902138324103642,0.9817703090206553
N,0.999347400478573,0.10430004994778186,0.8902138324103642,0.9817703090206553
N,0.9993438320209974,0.10373246151750443,0.8902138324103642,0.9817703090206553
N,0.9993403693931399,0.10318757662443809,0.8902138324103642,0.9817703090206553
N,0.9993367234136635,0.10261998819416066,0.8902138324103642,0.9817703090206553
N,0.9993328885923949,0.10202969622667211,0.8902138324103642,0.9817703090206553
N,0.9993293091884641,0.10148481133360578,0.8902138324103642,0.9817703090206553
N,0.9993256911665542,0.10093992644053944,0.8902138324103642,0.9817703090206553
N,0.9993220338983051,0.1003950415474731,0.8902138324103642,0.9817703090206553
N,0.9993183367416496,0.09985015665440676,0.8902138324103642,0.9817703090206553
N,0.9993145990404386,0.09930527176134042,0.8902138324103642,0.9817703090206553
N,0.9993108201240524,0.09876038686827408,0.8902138324103642,0.9817703090206553
N,0.9993069993069993,0.09821550197520773,0.8902138324103642,0.9817703090206553
N,0.9993031358885017,0.09767061708214139,0.8902138324103642,0.9817703090206553
N,0.9992992291520673,0.09712573218907505,0.8902138324103642,0.9817703090206553
N,0.9992952783650458,0.09658084729600871,0.8902138324103642,0.9817703090206553
N,0.9992912827781715,0.09603596240294238,0.8902138324103642,0.9817703090206553
N,0.9992872416250891,0.09549107750987604,0.8902138324103642,0.9817703090206553
N,0.9992831541218637,0.0949461926168097,0.8902138324103642,0.9817703090206553
N,0.9992790194664743,0.09440130772374336,0.8902138324103642,0.9817703090206553
N,0.9992748368382887,0.09385642283067702,0.8902138324103642,0.9817703090206553
N,0.9992706053975201,0.09331153793761068,0.8902138324103642,0.9817703090206553
N,0.9992663242846662,0.09276665304454434,0.8902138324103642,0.9817703090206553
N,0.9992619926199262,0.092221768151478,0.8902138324103642,0.9817703090206553
N,0.9992576095025983,0.09167688325841165,0.8902138324103642,0.9817703090206553
N,0.9992531740104555,0.09113199836534532,0.8902138324103642,0.9817703090206553
N,0.9992486851990984,0.09058711347227898,0.8902138324103642,0.9817703090206553
N,0.99949609473419,0.09006493211642373,0.8902138324103642,0.9817703090206553
N,0.9994930291508238,0.0895200472233574,0.8902138324103642,0.9817703090206553
N,0.9994899260392757,0.08897516233029105,0.8902138324103642,0.9817703090206553
N,0.9994867847061842,0.08843027743722472,0.8902138324103642,0.9817703090206553
N,0.9994836044410018,0.08788539254415838,0.8902138324103642,0.9817703090206553
N,0.9994802494802495,0.08731780411388095,0.8902138324103642,0.9817703090206553
N,0.999476850640858,0.0867502156836035,0.8902138324103642,0.9817703090206553
N,0.9994735456699131,0.08620533079053716,0.8902138324103642,0.9817703090206553
N,0.9994701986754967,0.08566044589747082,0.8902138324103642,0.9817703090206553
N,0.999466808850973,0.08511556100440448,0.8902138324103642,0.9817703090206553
N,0.9994633753689295,0.08457067611133814,0.8902138324103642,0.9817703090206553
N,0.9994597514856834,0.08400308768106071,0.8902138324103642,0.9817703090206553
N,0.9997280391623606,0.08345820278799437,0.8902138324103642,0.9817703090206553
N,0.9997262523952916,0.08291331789492803,0.8902138324103642,0.9817703090206553
N,0.99972444199504,0.0823684330018617,0.8902138324103642,0.9817703090206553
N,0.9997226074895977,0.08182354810879534,0.8902138324103642,0.9817703090206553
N,0.9997207483943032,0.081278663215729,0.8902138324103642,0.9817703090206553
N,0.999718785151856,0.08071107478545157,0.8902138324103642,0.9817703090206553
N,0.9997168742921857,0.08016618989238523,0.8902138324103642,0.9817703090206553
N,0.999714937286203,0.0796213049993189,0.8902138324103642,0.9817703090206553
N,0.9997129735935706,0.07907642010625256,0.8902138324103642,0.9817703090206553
N,0.9997109826589595,0.07853153521318622,0.8902138324103642,0.9817703090206553
N,0.9997089639115251,0.07798665032011988,0.8902138324103642,0.9817703090206553
N,0.9997068308413954,0.07741906188984243,0.8902138324103642,0.9817703090206553
N,0.9997046662728883,0.076851473459565,0.8902138324103642,0.9817703090206553
N,0.999702380952381,0.07626118149207646,0.8902138324103642,0.9817703090206553
N,0.9997001499250375,0.07569359306179903,0.8902138324103642,0.9817703090206553
N,0.9996977938954367,0.07510330109431049,0.8902138324103642,0.9817703090206553
N,0.9996954933008526,0.07453571266403305,0.8902138324103642,0.9817703090206553
N,0.9996932515337423,0.07399082777096672,0.8902138324103642,0.9817703090206553
N,0.9996909765142151,0.07344594287790038,0.8902138324103642,0.9817703090206553
N,0.9996886674968867,0.07290105798483404,0.8902138324103642,0.9817703090206553
N,0.9996862252902416,0.0723334695545566,0.8902138324103642,0.9817703090206553
N,0.9996838444514701,0.07178858466149025,0.8902138324103642,0.9817703090206553
N,0.9996814272061166,0.07124369976842392,0.8902138324103642,0.9817703090206553
N,0.9996789727126806,0.07069881487535758,0.8902138324103642,0.9817703090206553
N,0.9996764801035264,0.07015392998229124,0.8902138324103642,0.9817703090206553
N,0.999673735725938,0.06956363801480271,0.8902138324103642,0.9817703090206553
N,0.9996711608023676,0.06901875312173637,0.8902138324103642,0.9817703090206553
N,0.9996684350132626,0.06845116469145893,0.8902138324103642,0.9817703090206553
N,0.9996657754010695,0.06790627979839259,0.8902138324103642,0.9817703090206553
N,0.9996629592180654,0.06733869136811516,0.8902138324103642,0.9817703090206553
N,0.9996600951733514,0.06677110293783771,0.8902138324103642,0.9817703090206553
N,0.9996571820363387,0.06620351450756028,0.8902138324103642,0.9817703090206553
N,0.9996543380573799,0.06565862961449394,0.8902138324103642,0.9817703090206553
N,0.9996513249651325,0.0650910411842165,0.8902138324103642,0.9817703090206553
N,0.9996482588814632,0.06452345275393906,0.8902138324103642,0.9817703090206553
N,0.9996452642781128,0.06397856786087272,0.8902138324103642,0.9817703090206553
N,0.9996420901932713,0.06341097943059529,0.8902138324103642,0.9817703090206553
N,0.9996389891696751,0.06286609453752895,0.8902138324103642,0.9817703090206553
N,0.9996358339402768,0.06232120964446261,0.8902138324103642,0.9817703090206553
N,0.9996326230712711,0.061776324751396265,0.8902138324103642,0.9817703090206553
N,0.9996293550778355,0.06123143985832993,0.8902138324103642,0.9817703090206553
N,0.9996260284218399,0.06068655496526359,0.8902138324103642,0.9817703090206553
N,0.9996224990562477,0.06011896653498615,0.8902138324103642,0.9817703090206553
N,0.9996190476190476,0.05957408164191981,0.8902138324103642,0.9817703090206553
N,0.9996155324875048,0.05902919674885347,0.8902138324103642,0.9817703090206553
N,0.999611801242236,0.05846160831857603,0.8902138324103642,0.9817703090206553
N,0.9996081504702194,0.05791672342550969,0.8902138324103642,0.9817703090206553
N,0.999604273842501,0.057349134995232254,0.8902138324103642,0.9817703090206553
N,0.9996004794246903,0.056804250102165915,0.8902138324103642,0.9817703090206553
N,0.99959661153691,0.05625936520909958,0.8902138324103642,0.9817703090206553
N,0.9995925020374898,0.05569177677882214,0.8902138324103642,0.9817703090206553
N,0.9995883079456567,0.055124188348544705,0.8902138324103642,0.9817703090206553
N,0.9995841995841996,0.054579303455478366,0.8902138324103642,0.9817703090206553
N,0.999580008399832,0.05403441856241202,0.8902138324103642,0.9817703090206553
N,0.9995755517826825,0.05346683013213459,0.8902138324103642,0.9817703090206553
N,0.9995711835334476,0.05292194523906825,0.8902138324103642,0.9817703090206553
N,0.9995667244367418,0.052377060346001904,0.8902138324103642,0.9817703090206553
N,0.9995621716287215,0.051832175452935565,0.8902138324103642,0.9817703090206553
N,0.9995575221238938,0.05128729055986923,0.8902138324103642,0.9817703090206553
N,0.9995527728085868,0.05074240566680289,0.8902138324103642,0.9817703090206553
N,0.9995479204339964,0.05019752077373655,0.8902138324103642,0.9817703090206553
N,0.9995423340961098,0.049584525269036915,0.8902138324103642,0.9817703090206553
N,0.999537251272559,0.049039640375970577,0.8902138324103642,0.9817703090206553
N,0.9995320542817033,0.04849475548290424,0.8902138324103642,0.9817703090206553
N,0.9995267392333176,0.0479498705898379,0.8902138324103642,0.9817703090206553
N,0.9995206136145733,0.047336875085138265,0.8902138324103642,0.9817703090206553
N,0.9995147986414362,0.046769286654860825,0.8902138324103642,0.9817703090206553
N,0.9995090819833088,0.04622440176179449,0.8902138324103642,0.9817703090206553
N,0.9995027349577325,0.04563410979430595,0.8902138324103642,0.9817703090206553
N,0.9994967287367891,0.045089224901239615,0.8902138324103642,0.9817703090206553
N,0.999490575649516,0.044544340008173276,0.8902138324103642,0.9817703090206553
N,0.999484270242393,0.04399945511510693,0.8902138324103642,0.9817703090206553
N,0.9994769874476988,0.0433864596104073,0.8902138324103642,0.9817703090206553
N,0.9994703389830508,0.042841574717340965,0.8902138324103642,0.9817703090206553
N,0.9994635193133047,0.04229668982427462,0.8902138324103642,0.9817703090206553
N,0.9994562262098967,0.04172910139399719,0.8902138324103642,0.9817703090206553
N,0.9994490358126722,0.04118421650093085,0.8902138324103642,0.9817703090206553
N,0.9994413407821229,0.04061662807065341,0.8902138324103642,0.9817703090206553
N,0.9994337485843715,0.04007174317758707,0.8902138324103642,0.9817703090206553
N,0.9994259471871412,0.03952685828452073,0.8902138324103642,0.9817703090206553
N,0.9994169096209913,0.0389138627798211,0.8902138324103642,0.9817703090206553
N,0.9994082840236687,0.03834627434954366,0.8902138324103642,0.9817703090206553
N,0.9993993993993994,0.037778685919266225,0.8902138324103642,0.9817703090206553
N,0.9993906154783668,0.03723380102619988,0.8902138324103642,0.9817703090206553
N,0.9993815708101422,0.03668891613313354,0.8902138324103642,0.9817703090206553
N,0.9993722536095417,0.0361440312400672,0.8902138324103642,0.9817703090206553
N,0.9993614303959132,0.03553103573536757,0.8902138324103642,0.9817703090206553
N,0.9993510707332901,0.034963447305090135,0.8902138324103642,0.9817703090206553
N,0.9993399339933994,0.034373155337601595,0.8902138324103642,0.9817703090206553
N,0.9993293091884641,0.033828270444535256,0.8902138324103642,0.9817703090206553
N,0.9993183367416496,0.03328338555146892,0.8902138324103642,0.9817703090206553
N,0.9993065187239945,0.03271579712119148,0.8902138324103642,0.9817703090206553
N,0.9992947813822285,0.03217091222812514,0.8902138324103642,0.9817703090206553
N,0.9992821249102656,0.03160332379784771,0.8902138324103642,0.9817703090206553
N,0.9992695398100804,0.031058438904781365,0.8902138324103642,0.9817703090206553
N,0.9992565055762082,0.030513554011715027,0.8902138324103642,0.9817703090206553
N,0.9992429977289932,0.029968669118648684,0.8902138324103642,0.9817703090206553
N,0.9992289899768697,0.029423784225582346,0.8902138324103642,0.9817703090206553
N,0.9992138364779874,0.02885619579530491,0.8902138324103642,0.9817703090206553
N,0.999198717948718,0.028311310902238568,0.8902138324103642,0.9817703090206553
N,0.9991830065359477,0.02776642600917223,0.8902138324103642,0.9817703090206553
N,0.9991659716430359,0.027198837578894793,0.8902138324103642,0.9817703090206553
N,0.9991489361702127,0.02665395268582845,0.8902138324103642,0.9817703090206553
N,0.999128160418483,0.026018253643917723,0.8902138324103642,0.9817703090206553
N,0.9991087344028521,0.025450665213640287,0.8902138324103642,0.9817703090206553
N,0.9990884229717412,0.024883076783362847,0.8902138324103642,0.9817703090206553
N,0.9990662931839402,0.024292784815874314,0.8902138324103642,0.9817703090206553
N,0.9990448901623686,0.023747899922807972,0.8902138324103642,0.9817703090206553
N,0.9990215264187867,0.023180311492530536,0.8902138324103642,0.9817703090206553
N,0.998997995991984,0.022635426599464197,0.8902138324103642,0.9817703090206553
N,0.998972250770812,0.022067838169186758,0.8902138324103642,0.9817703090206553
N,0.9989462592202318,0.02152295327612042,0.8902138324103642,0.9817703090206553
N,0.9989177489177489,0.020955364845842983,0.8902138324103642,0.9817703090206553
N,0.9988876529477196,0.020387776415565544,0.8902138324103642,0.9817703090206553
N,0.9988571428571429,0.019842891522499205,0.8902138324103642,0.9817703090206553
N,0.9988249118683902,0.019298006629432866,0.8902138324103642,0.9817703090206553
N,0.9987893462469734,0.018730418199155427,0.8902138324103642,0.9817703090206553
N,0.9987531172069826,0.01818553330608909,0.8902138324103642,0.9817703090206553
N,1.0,0.017663351950233847,0.8902138324103642,0.9817703090206553
N,1.0,0.01707305998274531,0.8902138324103642,0.9817703090206553
N,1.0,0.01652817508967897,0.8902138324103642,0.9817703090206553
N,1.0,0.015983290196612633,0.8902138324103642,0.9817703090206553
N,1.0,0.015415701766335195,0.8902138324103642,0.9817703090206553
N,1.0,0.014870816873268855,0.8902138324103642,0.9817703090206553
N,1.0,0.014325931980202515,0.8902138324103642,0.9817703090206553
N,1.0,0.013735640012713981,0.8902138324103642,0.9817703090206553
N,1.0,0.013190755119647641,0.8902138324103642,0.9817703090206553
N,1.0,0.012600463152159106,0.8902138324103642,0.9817703090206553
N,1.0,0.012055578259092767,0.8902138324103642,0.9817703090206553
N,1.0,0.01148798982881533,0.8902138324103642,0.9817703090206553
N,1.0,0.010943104935748989,0.8902138324103642,0.9817703090206553
N,1.0,0.01039822004268265,0.8902138324103642,0.9817703090206553
N,1.0,0.00985333514961631,0.8902138324103642,0.9817703090206553
N,1.0,0.00930845025654997,0.8902138324103642,0.9817703090206553
N,1.0,0.008763565363483631,0.8902138324103642,0.9817703090206553
N,1.0,0.008218680470417291,0.8902138324103642,0.9817703090206553
N,1.0,0.0076737955773509515,0.8902138324103642,0.9817703090206553
N,1.0,0.007128910684284611,0.8902138324103642,0.9817703090206553
N,1.0,0.006561322254007174,0.8902138324103642,0.9817703090206553
N,1.0,0.005993733823729737,0.8902138324103642,0.9817703090206553
N,1.0,0.0054261453934523,0.8902138324103642,0.9817703090206553
N,1.0,0.00488126050038596,0.8902138324103642,0.9817703090206553
N,1.0,0.004336375607319621,0.8902138324103642,0.9817703090206553
N,1.0,0.003791490714253281,0.8902138324103642,0.9817703090206553
N,1.0,0.003246605821186941,0.8902138324103642,0.9817703090206553
N,1.0,0.002701720928120601,0.8902138324103642,0.9817703090206553
N,1.0,0.0021568360350542617,0.8902138324103642,0.9817703090206553
N,1.0,0.0016119511419879218,0.8902138324103642,0.9817703090206553
N,1.0,0.0010443627117104845,0.8902138324103642,0.9817703090206553
N,1.0,0.0004994778186441448,0.8902138324103642,0.9817703090206553
S,0.036986135252031205,1.0,0.036986135252031205,0.29333261226418417
S,0.037004084603874304,1.0,0.036986135252031205,0.29333261226418417
S,0.037022051385798095,1.0,0.036986135252031205,0.29333261226418417
S,0.03704003562320366,1.0,0.036986135252031205,0.29333261226418417
S,0.03705803734154145,1.0,0.036986135252031205,0.29333261226418417
S,0.03707605656631144,1.0,0.036986135252031205,0.29333261226418417
S,0.0370940933230632,1.0,0.036986135252031205,0.29333261226418417
S,0.037112147637396065,1.0,0.036986135252031205,0.29333261226418417
S,0.037130219534959215,1.0,0.036986135252031205,0.29333261226418417
S,0.03714830904145183,1.0,0.036986135252031205,0.29333261226418417
S,0.037166416182623174,1.0,0.036986135252031205,0.29333261226418417
S,0.03718454098427277,1.0,0.036986135252031205,0.29333261226418417
S,0.037202683472250454,1.0,0.036986135252031205,0.29333261226418417
S,0.03722084367245657,1.0,0.036986135252031205,0.29333261226418417
S,0.03723902161084205,1.0,0.036986135252031205,0.29333261226418417
S,0.037257217313408524,1.0,0.036986135252031205,0.29333261226418417
S,0.0372754308062085,1.0,0.036986135252031205,0.29333261226418417
S,0.037293662115345426,1.0,0.036986135252031205,0.29333261226418417
S,0.03731191126697386,1.0,0.036986135252031205,0.29333261226418417
S,0.03733017828729958,1.0,0.036986135252031205,0.29333261226418417
S,0.037348463202579694,1.0,0.036986135252031205,0.29333261226418417
S,0.0373667660391228,1.0,0.036986135252031205,0.29333261226418417
S,0.037385086823289074,1.0,0.036986135252031205,0.29333261226418417
S,0.037403425581490415,1.0,0.036986135252031205,0.29333261226418417
S,0.037421782340190585,1.0,0.036986135252031205,0.29333261226418417
S,0.037440157125905316,1.0,0.036986135252031205,0.29333261226418417
S,0.03745854996520244,1.0,0.036986135252031205,0.29333261226418417
S,0.03747696088470203,1.0,0.036986135252031205,0.29333261226418417
S,0.03749538991107651,1.0,0.036986135252031205,0.29333261226418417
S,0.0375138370710508,1.0,0.036986135252031205,0.29333261226418417
S,0.037532302391402435,1.0,0.036986135252031205,0.29333261226418417
S,0.037550785898961714,1.0,0.036986135252031205,0.29333261226418417
S,0.037569287620611784,1.0,0.036986135252031205,0.29333261226418417
S,0.03758780758328883,1.0,0.036986135252031205,0.29333261226418417
S,0.037606345813982166,1.0,0.036986135252031205,0.29333261226418417
S,0.03762490233973437,1.0,0.036986135252031205,0.29333261226418417
S,0.03764347718764142,1.0,0.036986135252031205,0.29333261226418417
S,0.03766207038485285,1.0,0.036986135252031205,0.29333261226418417
S,0.03768068195857184,1.0,0.036986135252031205,0.29333261226418417
S,0.03769931193605537,1.0,0.036986135252031205,0.29333261226418417
S,0.03771796034461437,1.0,0.036986135252031205,0.29333261226418417
S,0.037736627211613805,1.0,0.036986135252031205,0.29333261226418417
S,0.03775531256447287,1.0,0.036986135252031205,0.29333261226418417
S,0.037774016430665074,1.0,0.036986135252031205,0.29333261226418417
S,0.037792738837718394,1.0,0.036986135252031205,0.29333261226418417
S,0.03781147981321542,1.0,0.036986135252031205,0.29333261226418417
S,0.03783023938479348,1.0,0.036986135252031205,0.29333261226418417
S,0.03784901758014478,1.0,0.036986135252031205,0.29333261226418417
S,0.03786781442701651,1.0,0.036986135252031205,0.29333261226418417
S,0.03788741433924763,1.0,0.036986135252031205,0.29333261226418417
S,0.03790624935269383,1.0,0.036986135252031205,0.29333261226418417
S,0.03792510310239778,1.0,0.036986135252031205,0.29333261226418417
S,0.03794397561633042,1.0,0.036986135252031205,0.29333261226418417
S,0.037962866922518414,1.0,0.036986135252031205,0.29333261226418417
S,0.03798177704904423,1.0,0.036986135252031205,0.29333261226418417
S,0.03800070602404635,1.0,0.036986135252031205,0.29333261226418417
S,0.03801965387571936,1.0,0.036986135252031205,0.29333261226418417
S,0.03803862063231412,1.0,0.036986135252031205,0.29333261226418417
S,0.03805760632213788,1.0,0.036986135252031205,0.29333261226418417
S,0.03807661097355444,1.0,0.036986135252031205,0.29333261226418417
S,0.03809563461498428,1.0,0.036986135252031205,0.29333261226418417
S,0.03811467727490472,1.0,0.036986135252031205,0.29333261226418417
S,0.038133738981850004,1.0,0.036986135252031205,0.29333261226418417
S,0.03815281976441155,1.0,0.036986135252031205,0.29333261226418417
S,0.03817191965123798,1.0,0.036986135252031205,0.29333261226418417
S,0.038191038671035335,1.0,0.036986135252031205,0.29333261226418417
S,0.03821017685256718,1.0,0.036986135252031205,0.29333261226418417
S,0.038229334224654785,1.0,0.036986135252031205,0.29333261226418417
S,0.038248510816177236,1.0,0.036986135252031205,0.29333261226418417
S,0.0382677066560716,1.0,0.036986135252031205,0.29333261226418417
S,0.03828692177333305,1.0,0.036986135252031205,0.29333261226418417
S,0.03830615619701505,1.0,0.036986135252031205,0.29333261226418417
S,0.03832540995622945,1.0,0.036986135252031205,0.29333261226418417
S,0.03834468308014667,1.0,0.036986135252031205,0.29333261226418417
S,0.03836397559799585,1.0,0.036986135252031205,0.29333261226418417
S,0.03838328753906496,1.0,0.036986135252031205,0.29333261226418417
S,0.038402618932700985,1.0,0.036986135252031205,0.29333261226418417
S,0.038421969808310065,1.0,0.036986135252031205,0.29333261226418417
S,0.03844134019535763,1.0,0.036986135252031205,0.29333261226418417
S,0.03846073012336857,1.0,0.036986135252031205,0.29333261226418417
S,0.038480139621927374,1.0,0.036986135252031205,0.29333261226418417
S,0.038499568720678265,1.0,0.036986135252031205,0.29333261226418417
S,0.03851901744932539,1.0,0.036986135252031205,0.29333261226418417
S,0.03853848583763294,1.0,0.036986135252031205,0.29333261226418417
S,0.03855797391542529,1.0,0.036986135252031205,0.29333261226418417
S,0.03857748171258722,1.0,0.036986135252031205,0.29333261226418417
S,0.03859700925906397,1.0,0.036986135252031205,0.29333261226418417
S,0.03861655658486147,1.0,0.036986135252031205,0.29333261226418417
S,0.03863612372004645,1.0,0.036986135252031205,0.29333261226418417
S,0.038655710694746624,1.0,0.036986135252031205,0.29333261226418417
S,0.038675317539150836,1.0,0.036986135252031205,0.29333261226418417
S,0.03869494428350919,1.0,0.036986135252031205,0.29333261226418417
S,0.03871459095813324,1.0,0.036986135252031205,0.29333261226418417
S,0.038734257593396125,1.0,0.036986135252031205,0.29333261226418417
S,0.038753944219732744,1.0,0.036986135252031205,0.29333261226418417
S,0.03877365086763989,1.0,0.036986135252031205,0.29333261226418417
S,0.038793377567676424,1.0,0.036986135252031205,0.29333261226418417
S,0.03881312435046343,1.0,0.036986135252031205,0.29333261226418417
S,0.03883289124668435,1.0,0.036986135252031205,0.29333261226418417
S,0.0388526782870852,1.0,0.036986135252031205,0.29333261226418417
S,0.03887248550247467,1.0,0.036986135252031205,0.29333261226418417
S,0.03889231292372431,1.0,0.036986135252031205,0.29333261226418417
S,0.0389121605817687,1.0,0.036986135252031205,0.29333261226418417
S,0.038932028507605576,1.0,0.036986135252031205,0.29333261226418417
S,0.03895191673229603,1.0,0.036986135252031205,0.29333261226418417
S,0.03897182528696467,1.0,0.036986135252031205,0.29333261226418417
S,0.03899175420279974,1.0,0.036986135252031205,0.29333261226418417
S,0.03901170351105332,1.0,0.036986135252031205,0.29333261226418417
S,0.039031673243041486,1.0,0.036986135252031205,0.29333261226418417
S,0.03905166343014447,1.0,0.036986135252031205,0.29333261226418417
S,0.03907167410380682,1.0,0.036986135252031205,0.29333261226418417
S,0.039091705295537564,1.0,0.036986135252031205,0.29333261226418417
S,0.03911175703691038,1.0,0.036986135252031205,0.29333261226418417
S,0.039131829359563775,1.0,0.036986135252031205,0.29333261226418417
S,0.039151922295201216,1.0,0.036986135252031205,0.29333261226418417
S,0.03917203587559133,1.0,0.036986135252031205,0.29333261226418417
S,0.03919217013256805,1.0,0.036986135252031205,0.29333261226418417
S,0.03921232509803081,1.0,0.036986135252031205,0.29333261226418417
S,0.039232500803944685,1.0,0.036986135252031205,0.29333261226418417
S,0.03925269728234058,1.0,0.036986135252031205,0.29333261226418417
S,0.03927291456531536,1.0,0.036986135252031205,0.29333261226418417
S,0.0392931526850321,1.0,0.036986135252031205,0.29333261226418417
S,0.03931341167372016,1.0,0.036986135252031205,0.29333261226418417
S,0.039333691563675444,1.0,0.036986135252031205,0.29333261226418417
S,0.03935399238726049,1.0,0.036986135252031205,0.29333261226418417
S,0.03937431417690471,1.0,0.036986135252031205,0.29333261226418417
S,0.03939465696510452,1.0,0.036986135252031205,0.29333261226418417
S,0.03941502078442353,1.0,0.036986135252031205,0.29333261226418417
S,0.03943540566749273,1.0,0.036986135252031205,0.29333261226418417
S,0.039455811647010626,1.0,0.036986135252031205,0.29333261226418417
S,0.03947623875574347,1.0,0.036986135252031205,0.29333261226418417
S,0.03949668702652537,1.0,0.036986135252031205,0.29333261226418417
S,0.03951715649225852,1.0,0.036986135252031205,0.29333261226418417
S,0.03953764718591336,1.0,0.036986135252031205,0.29333261226418417
S,0.03955815914052874,1.0,0.036986135252031205,0.29333261226418417
S,0.039578692389212106,1.0,0.036986135252031205,0.29333261226418417
S,0.03959924696513968,1.0,0.036986135252031205,0.29333261226418417
S,0.03961982290155665,1.0,0.036986135252031205,0.29333261226418417
S,0.03964042023177732,1.0,0.036986135252031205,0.29333261226418417
S,0.03966103898918533,1.0,0.036986135252031205,0.29333261226418417
S,0.039681679207233776,1.0,0.036986135252031205,0.29333261226418417
S,0.03970234091944547,1.0,0.036986135252031205,0.29333261226418417
S,0.039723024159413055,1.0,0.036986135252031205,0.29333261226418417
S,0.03974372896079922,1.0,0.036986135252031205,0.29333261226418417
S,0.039764455357336866,1.0,0.036986135252031205,0.29333261226418417
S,0.039785203382829315,1.0,0.036986135252031205,0.29333261226418417
S,0.039805973071150455,1.0,0.036986135252031205,0.29333261226418417
S,0.039826764456244966,1.0,0.036986135252031205,0.29333261226418417
S,0.03984757757212847,1.0,0.036986135252031205,0.29333261226418417
S,0.03986841245288774,1.0,0.036986135252031205,0.29333261226418417
S,0.039889269132680864,1.0,0.036986135252031205,0.29333261226418417
S,0.039910147645737463,1.0,0.036986135252031205,0.29333261226418417
S,0.039931048026358856,1.0,0.036986135252031205,0.29333261226418417
S,0.03995197030891824,1.0,0.036986135252031205,0.29333261226418417
S,0.039972914527860906,1.0,0.036986135252031205,0.29333261226418417
S,0.0399938807177044,1.0,0.036986135252031205,0.29333261226418417
S,0.04001486891303872,1.0,0.036986135252031205,0.29333261226418417
S,0.04003587914852655,1.0,0.036986135252031205,0.29333261226418417
S,0.04005691145890336,1.0,0.036986135252031205,0.29333261226418417
S,0.04007796587897768,1.0,0.036986135252031205,0.29333261226418417
S,0.040099042443631265,1.0,0.036986135252031205,0.29333261226418417
S,0.040120141187819265,1.0,0.036986135252031205,0.29333261226418417
S,0.04014126214657045,1.0,0.036986135252031205,0.29333261226418417
S,0.04016240535498738,1.0,0.036986135252031205,0.29333261226418417
S,0.040183570848246634,1.0,0.036986135252031205,0.29333261226418417
S,0.04020475866159896,1.0,0.036986135252031205,0.29333261226418417
S,0.04022596883036951,1.0,0.036986135252031205,0.29333261226418417
S,0.04024720138995799,1.0,0.036986135252031205,0.29333261226418417
S,0.040268456375838924,1.0,0.036986135252031205,0.29333261226418417
S,0.04028973382356179,1.0,0.036986135252031205,0.29333261226418417
S,0.04031103376875124,1.0,0.036986135252031205,0.29333261226418417
S,0.040332356247107314,1.0,0.036986135252031205,0.29333261226418417
S,0.04035370129440561,1.0,0.036986135252031205,0.29333261226418417
S,0.04037506894649752,1.0,0.036986135252031205,0.29333261226418417
S,0.040396459239310394,1.0,0.036986135252031205,0.29333261226418417
S,0.04041787220884776,1.0,0.036986135252031205,0.29333261226418417
S,0.04043930789118953,1.0,0.036986135252031205,0.29333261226418417
S,0.04046076632249221,1.0,0.036986135252031205,0.29333261226418417
S,0.04046012609224643,0.9994535519125683,0.036986135252031205,0.29333261226418417
S,0.04048161837940727,0.9994535519125683,0.036986135252031205,0.29333261226418417
S,0.04050313351196935,0.9994535519125683,0.036986135252031205,0.29333261226418417
S,0.04052467152637759,0.9994535519125683,0.036986135252031205,0.29333261226418417
S,0.040546232459154494,0.9994535519125683,0.036986135252031205,0.29333261226418417
S,0.0405678163469003,0.9994535519125683,0.036986135252031205,0.29333261226418417
S,0.04058942322629325,0.9994535519125683,0.036986135252031205,0.29333261226418417
S,0.04061105313408975,0.9994535519125683,0.036986135252031205,0.29333261226418417
S,0.040632706107124605,0.9994535519125683,0.036986135252031205,0.29333261226418417
S,0.04065438218231123,0.9994535519125683,0.036986135252031205,0.29333261226418417
S,0.04067608139664183,0.9994535519125683,0.036986135252031205,0.29333261226418417
S,0.040697803787187646,0.9994535519125683,0.036986135252031205,0.29333261226418417
S,0.04071954939109914,0.9994535519125683,0.036986135252031205,0.29333261226418417
S,0.04074131824560622,0.9994535519125683,0.036986135252031205,0.29333261226418417
S,0.040763110388018456,0.9994535519125683,0.036986135252031205,0.29333261226418417
S,0.040784925855725275,0.9994535519125683,0.036986135252031205,0.29333261226418417
S,0.0408067646861962,0.9994535519125683,0.036986135252031205,0.29333261226418417
S,0.040828626916981046,0.9994535519125683,0.036986135252031205,0.29333261226418417
S,0.04085051258571014,0.9994535519125683,0.036986135252031205,0.29333261226418417
S,0.040872421730094526,0.9994535519125683,0.036986135252031205,0.29333261226418417
S,0.04089435438792621,0.9994535519125683,0.036986135252031205,0.29333261226418417
S,0.04091631059707836,0.9994535519125683,0.036986135252031205,0.29333261226418417
S,0.04093829039550552,0.9994535519125683,0.036986135252031205,0.29333261226418417
S,0.04096029382124381,0.9994535519125683,0.036986135252031205,0.29333261226418417
S,0.04098232091241121,0.9994535519125683,0.036986135252031205,0.29333261226418417
S,0.041004371707207714,0.9994535519125683,0.036986135252031205,0.29333261226418417
S,0.04102644624391557,0.9994535519125683,0.036986135252031205,0.29333261226418417
S,0.04104854456089952,0.9994535519125683,0.036986135252031205,0.29333261226418417
S,0.041070666696607014,0.9994535519125683,0.036986135252031205,0.29333261226418417
S,0.0410928126895684,0.9994535519125683,0.036986135252031205,0.29333261226418417
S,0.04111498257839721,0.9994535519125683,0.036986135252031205,0.29333261226418417
S,0.041137176401790335,0.9994535519125683,0.036986135252031205,0.29333261226418417
S,0.04115939419852825,0.9994535519125683,0.036986135252031205,0.29333261226418417
S,0.04118163600747529,0.9994535519125683,0.036986135252031205,0.29333261226418417
S,0.04120390186757981,0.9994535519125683,0.036986135252031205,0.29333261226418417
S,0.04122619181787445,0.9994535519125683,0.036986135252031205,0.29333261226418417
S,0.041248505897476376,0.9994535519125683,0.036986135252031205,0.29333261226418417
S,0.041270844145587474,0.9994535519125683,0.036986135252031205,0.29333261226418417
S,0.041293206601494596,0.9994535519125683,0.036986135252031205,0.29333261226418417
S,0.04131559330456979,0.9994535519125683,0.036986135252031205,0.29333261226418417
S,0.041338004294270536,0.9994535519125683,0.036986135252031205,0.29333261226418417
S,0.04136043961013998,0.9994535519125683,0.036986135252031205,0.29333261226418417
S,0.041382899291807135,0.9994535519125683,0.036986135252031205,0.29333261226418417
S,0.041405383378987165,0.9994535519125683,0.036986135252031205,0.29333261226418417
S,0.04142789191148157,0.9994535519125683,0.036986135252031205,0.29333261226418417
S,0.04145042492917847,0.9994535519125683,0.036986135252031205,0.29333261226418417
S,0.04147298247205279,0.9994535519125683,0.036986135252031205,0.29333261226418417
S,0.041495564580166525,0.9994535519125683,0.036986135252031205,0.29333261226418417
S,0.04151817129366899,0.9994535519125683,0.036986135252031205,0.29333261226418417
S,0.04154080265279702,0.9994535519125683,0.036986135252031205,0.29333261226418417
S,0.04156345869787524,0.9994535519125683,0.036986135252031205,0.29333261226418417
S,0.041586139469316295,0.9994535519125683,0.036986135252031205,0.29333261226418417
S,0.04160884500762108,0.9994535519125683,0.036986135252031205,0.29333261226418417
S,0.04163157535337901,0.9994535519125683,0.036986135252031205,0.29333261226418417
S,0.04165433054726821,0.9994535519125683,0.036986135252031205,0.29333261226418417
S,0.04167711063005583,0.9994535519125683,0.036986135252031205,0.29333261226418417
S,0.04169991564259821,0.9994535519125683,0.036986135252031205,0.29333261226418417
S,0.04172274562584118,0.9994535519125683,0.036986135252031205,0.29333261226418417
S,0.041745600620820306,0.9994535519125683,0.036986135252031205,0.29333261226418417
S,0.04176848066866108,0.9994535519125683,0.036986135252031205,0.29333261226418417
S,0.04179138581057923,0.9994535519125683,0.036986135252031205,0.29333261226418417
S,0.041814316087880936,0.9994535519125683,0.036986135252031205,0.29333261226418417
S,0.04183727154196308,0.9994535519125683,0.036986135252031205,0.29333261226418417
S,0.041860252214313505,0.9994535519125683,0.036986135252031205,0.29333261226418417
S,0.041883258146511254,0.9994535519125683,0.036986135252031205,0.29333261226418417
S,0.04190628938022683,0.9994535519125683,0.036986135252031205,0.29333261226418417
S,0.04192934595722244,0.9994535519125683,0.036986135252031205,0.29333261226418417
S,0.04195242791935225,0.9994535519125683,0.036986135252031205,0.29333261226418417
S,0.04197553530856264,0.9994535519125683,0.036986135252031205,0.29333261226418417
S,0.04199866816689247,0.9994535519125683,0.036986135252031205,0.29333261226418417
S,0.042021826536473295,0.9994535519125683,0.036986135252031205,0.29333261226418417
S,0.042045010459529665,0.9994535519125683,0.036986135252031205,0.29333261226418417
S,0.042068219978379374,0.9994535519125683,0.036986135252031205,0.29333261226418417
S,0.042091455135433685,0.9994535519125683,0.036986135252031205,0.29333261226418417
S,0.04211471597319763,0.9994535519125683,0.036986135252031205,0.29333261226418417
S,0.04213800253427025,0.9994535519125683,0.036986135252031205,0.29333261226418417
S,0.04216131486134483,0.9994535519125683,0.036986135252031205,0.29333261226418417
S,0.042184652997209214,0.9994535519125683,0.036986135252031205,0.29333261226418417
S,0.042208016984746036,0.9994535519125683,0.036986135252031205,0.29333261226418417
S,0.04223140686693297,0.9994535519125683,0.036986135252031205,0.29333261226418417
S,0.04225482268684302,0.9994535519125683,0.036986135252031205,0.29333261226418417
S,0.04227826448764476,0.9994535519125683,0.036986135252031205,0.29333261226418417
S,0.04230173231260263,0.9994535519125683,0.036986135252031205,0.29333261226418417
S,0.04232522620507718,0.9994535519125683,0.036986135252031205,0.29333261226418417
S,0.04234874620852532,0.9994535519125683,0.036986135252031205,0.29333261226418417
S,0.042372292366500634,0.9994535519125683,0.036986135252031205,0.29333261226418417
S,0.04239586472265362,0.9994535519125683,0.036986135252031205,0.29333261226418417
S,0.04241946332073196,0.9994535519125683,0.036986135252031205,0.29333261226418417
S,0.042443088204580794,0.9994535519125683,0.036986135252031205,0.29333261226418417
S,0.04246673941814298,0.9994535519125683,0.036986135252031205,0.29333261226418417
S,0.042490417005459406,0.9994535519125683,0.036986135252031205,0.29333261226418417
S,0.04251412101066921,0.9994535519125683,0.036986135252031205,0.29333261226418417
S,0.04253785147801009,0.9994535519125683,0.036986135252031205,0.29333261226418417
S,0.04256160845181858,0.9994535519125683,0.036986135252031205,0.29333261226418417
S,0.0425853919765303,0.9994535519125683,0.036986135252031205,0.29333261226418417
S,0.04260920209668025,0.9994535519125683,0.036986135252031205,0.29333261226418417
S,0.0426330388569031,0.9994535519125683,0.036986135252031205,0.29333261226418417
S,0.04265690230193344,0.9994535519125683,0.036986135252031205,0.29333261226418417
S,0.04268079247660607,0.9994535519125683,0.036986135252031205,0.29333261226418417
S,0.04270470942585631,0.9994535519125683,0.036986135252031205,0.29333261226418417
S,0.042728653194720245,0.9994535519125683,0.036986135252031205,0.29333261226418417
S,0.04275262382833501,0.9994535519125683,0.036986135252031205,0.29333261226418417
S,0.0427766213719391,0.9994535519125683,0.036986135252031205,0.29333261226418417
S,0.04280064587087263,0.9994535519125683,0.036986135252031205,0.29333261226418417
S,0.04282469737057763,0.9994535519125683,0.036986135252031205,0.29333261226418417
S,0.04284877591659834,0.9994535519125683,0.036986135252031205,0.29333261226418417
S,0.042872881554581466,0.9994535519125683,0.036986135252031205,0.29333261226418417
S,0.04289701433027652,0.9994535519125683,0.036986135252031205,0.29333261226418417
S,0.042921174289536054,0.9994535519125683,0.036986135252031205,0.29333261226418417
S,0.042945361478316,0.9994535519125683,0.036986135252031205,0.29333261226418417
S,0.042969575942675906,0.9994535519125683,0.036986135252031205,0.29333261226418417
S,0.0429938177287793,0.9994535519125683,0.036986135252031205,0.29333261226418417
S,0.0430180868828939,0.9994535519125683,0.036986135252031205,0.29333261226418417
S,0.043042383451392,0.9994535519125683,0.036986135252031205,0.29333261226418417
S,0.043066707480750664,0.9994535519125683,0.036986135252031205,0.29333261226418417
S,0.04309105901755213,0.9994535519125683,0.036986135252031205,0.29333261226418417
S,0.043115438108484005,0.9994535519125683,0.036986135252031205,0.29333261226418417
S,0.043139844800339645,0.9994535519125683,0.036986135252031205,0.29333261226418417
S,0.043164279140018406,0.9994535519125683,0.036986135252031205,0.29333261226418417
S,0.043188741174525966,0.9994535519125683,0.036986135252031205,0.29333261226418417
S,0.0432132309509746,0.9994535519125683,0.036986135252031205,0.29333261226418417
S,0.04323774851658353,0.9994535519125683,0.036986135252031205,0.29333261226418417
S,0.04326229391867919,0.9994535519125683,0.036986135252031205,0.29333261226418417
S,0.043286867204695524,0.9994535519125683,0.036986135252031205,0.29333261226418417
S,0.043311468422174336,0.9994535519125683,0.036986135252031205,0.29333261226418417
S,0.04333609761876555,0.9994535519125683,0.036986135252031205,0.29333261226418417
S,0.043360754842227546,0.9994535519125683,0.036986135252031205,0.29333261226418417
S,0.04338544014042745,0.9994535519125683,0.036986135252031205,0.29333261226418417
S,0.043410153561341466,0.9994535519125683,0.036986135252031205,0.29333261226418417
S,0.04343489515305517,0.9994535519125683,0.036986135252031205,0.29333261226418417
S,0.04346069765231442,0.9994535519125683,0.036986135252031205,0.29333261226418417
S,0.043485496909177364,0.9994535519125683,0.036986135252031205,0.29333261226418417
S,0.043510324483775814,0.9994535519125683,0.036986135252031205,0.29333261226418417
S,0.04353518042464058,0.9994535519125683,0.036986135252031205,0.29333261226418417
S,0.04356006478041345,0.9994535519125683,0.036986135252031205,0.29333261226418417
S,0.04358497759984749,0.9994535519125683,0.036986135252031205,0.29333261226418417
S,0.043609918931807344,0.9994535519125683,0.036986135252031205,0.29333261226418417
S,0.043634888825269585,0.9994535519125683,0.036986135252031205,0.29333261226418417
S,0.04365988732932302,0.9994535519125683,0.036986135252031205,0.29333261226418417
S,0.043684914493169004,0.9994535519125683,0.036986135252031205,0.29333261226418417
S,0.043709970366121786,0.9994535519125683,0.036986135252031205,0.29333261226418417
S,0.0437350549976088,0.9994535519125683,0.036986135252031205,0.29333261226418417
S,0.043760168437171024,0.9994535519125683,0.036986135252031205,0.29333261226418417
S,0.043785310734463276,0.9994535519125683,0.036986135252031205,0.29333261226418417
S,0.043810481939254575,0.9994535519125683,0.036986135252031205,0.29333261226418417
S,0.043835682101428436,0.9994535519125683,0.036986135252031205,0.29333261226418417
S,0.04386091127098321,0.9994535519125683,0.036986135252031205,0.29333261226418417
S,0.04388616949803244,0.9994535519125683,0.036986135252031205,0.29333261226418417
S,0.043911456832805146,0.9994535519125683,0.036986135252031205,0.29333261226418417
S,0.0439367733256462,0.9994535519125683,0.036986135252031205,0.29333261226418417
S,0.04396211902701663,0.9994535519125683,0.036986135252031205,0.29333261226418417
S,0.043987493987493985,0.9994535519125683,0.036986135252031205,0.29333261226418417
S,0.044012898257772645,0.9994535519125683,0.036986135252031205,0.29333261226418417
S,0.04403833188866416,0.9994535519125683,0.036986135252031205,0.29333261226418417
S,0.04406379493109762,0.9994535519125683,0.036986135252031205,0.29333261226418417
S,0.04408928743611995,0.9994535519125683,0.036986135252031205,0.29333261226418417
S,0.044114809454896285,0.9994535519125683,0.036986135252031205,0.29333261226418417
S,0.0441403610387103,0.9994535519125683,0.036986135252031205,0.29333261226418417
S,0.04416594223896455,0.9994535519125683,0.036986135252031205,0.29333261226418417
S,0.04419155310718083,0.9994535519125683,0.036986135252031205,0.29333261226418417
S,0.04421719369500048,0.9994535519125683,0.036986135252031205,0.29333261226418417
S,0.04424286405418481,0.9994535519125683,0.036986135252031205,0.29333261226418417
S,0.044268564236615356,0.9994535519125683,0.036986135252031205,0.29333261226418417
S,0.044294294294294295,0.9994535519125683,0.036986135252031205,0.29333261226418417
S,0.044320054279344774,0.9994535519125683,0.036986135252031205,0.29333261226418417
S,0.04434584424401125,0.9994535519125683,0.036986135252031205,0.29333261226418417
S,0.04437166424065987,0.9994535519125683,0.036986135252031205,0.29333261226418417
S,0.04439751432177881,0.9994535519125683,0.036986135252031205,0.29333261226418417
S,0.04442339453997863,0.9994535519125683,0.036986135252031205,0.29333261226418417
S,0.04444930494799261,0.9994535519125683,0.036986135252031205,0.29333261226418417
S,0.044475245598677174,0.9994535519125683,0.036986135252031205,0.29333261226418417
S,0.044501216545012164,0.9994535519125683,0.036986135252031205,0.29333261226418417
S,0.044527217840101274,0.9994535519125683,0.036986135252031205,0.29333261226418417
S,0.044553249537172365,0.9994535519125683,0.036986135252031205,0.29333261226418417
S,0.04457931168957785,0.9994535519125683,0.036986135252031205,0.29333261226418417
S,0.04460540435079505,0.9994535519125683,0.036986135252031205,0.29333261226418417
S,0.04463152757442655,0.9994535519125683,0.036986135252031205,0.29333261226418417
S,0.04465768141420061,0.9994535519125683,0.036986135252031205,0.29333261226418417
S,0.044683865923971465,0.9994535519125683,0.036986135252031205,0.29333261226418417
S,0.04471008115771976,0.9994535519125683,0.036986135252031205,0.29333261226418417
S,0.04473632716955288,0.9994535519125683,0.036986135252031205,0.29333261226418417
S,0.04476260401370533,0.9994535519125683,0.036986135252031205,0.29333261226418417
S,0.04478891174453913,0.9994535519125683,0.036986135252031205,0.29333261226418417
S,0.044815250416544154,0.9994535519125683,0.036986135252031205,0.29333261226418417
S,0.04484162008433853,0.9994535519125683,0.036986135252031205,0.29333261226418417
S,0.04486802080266902,0.9994535519125683,0.036986135252031205,0.29333261226418417
S,0.04489445262641139,0.9994535519125683,0.036986135252031205,0.29333261226418417
S,0.04492091561057078,0.9994535519125683,0.036986135252031205,0.29333261226418417
S,0.04494740981028212,0.9994535519125683,0.036986135252031205,0.29333261226418417
S,0.044973935280810465,0.9994535519125683,0.036986135252031205,0.29333261226418417
S,0.04500049207755142,0.9994535519125683,0.036986135252031205,0.29333261226418417
S,0.04502708025603151,0.9994535519125683,0.036986135252031205,0.29333261226418417
S,0.04505369987190856,0.9994535519125683,0.036986135252031205,0.29333261226418417
S,0.0450803509809721,0.9994535519125683,0.036986135252031205,0.29333261226418417
S,0.04510703363914373,0.9994535519125683,0.036986135252031205,0.29333261226418417
S,0.045133747902477546,0.9994535519125683,0.036986135252031205,0.29333261226418417
S,0.045160493827160496,0.9994535519125683,0.036986135252031205,0.29333261226418417
S,0.0451872714695128,0.9994535519125683,0.036986135252031205,0.29333261226418417
S,0.045214080885988335,0.9994535519125683,0.036986135252031205,0.29333261226418417
S,0.04524092213317503,0.9994535519125683,0.036986135252031205,0.29333261226418417
S,0.045267795267795265,0.9994535519125683,0.036986135252031205,0.29333261226418417
S,0.04529470034670629,0.9994535519125683,0.036986135252031205,0.29333261226418417
S,0.04532163742690058,0.9994535519125683,0.036986135252031205,0.29333261226418417
S,0.0453486065655063,0.9994535519125683,0.036986135252031205,0.29333261226418417
S,0.04537560781978763,0.9994535519125683,0.036986135252031205,0.29333261226418417
S,0.04540264124714527,0.9994535519125683,0.036986135252031205,0.29333261226418417
S,0.04542970690511674,0.9994535519125683,0.036986135252031205,0.29333261226418417
S,0.045456804851376875,0.9994535519125683,0.036986135252031205,0.29333261226418417
S,0.045483935143738184,0.9994535519125683,0.036986135252031205,0.29333261226418417
S,0.04551109784015129,0.9994535519125683,0.036986135252031205,0.29333261226418417
S,0.04553829299870531,0.9994535519125683,0.036986135252031205,0.29333261226418417
S,0.0455655206776283,0.9994535519125683,0.036986135252031205,0.29333261226418417
S,0.045592780935287666,0.9994535519125683,0.036986135252031205,0.29333261226418417
S,0.04562007383019056,0.9994535519125683,0.036986135252031205,0.29333261226418417
S,0.04564739942098433,0.9994535519125683,0.036986135252031205,0.29333261226418417
S,0.045674757766456894,0.9994535519125683,0.036986135252031205,0.29333261226418417
S,0.04570214892553723,0.9994535519125683,0.036986135252031205,0.29333261226418417
S,0.04572957295729573,0.9994535519125683,0.036986135252031205,0.29333261226418417
S,0.04575702992094466,0.9994535519125683,0.036986135252031205,0.29333261226418417
S,0.04578451987583859,0.9994535519125683,0.036986135252031205,0.29333261226418417
S,0.0458120428814748,0.9994535519125683,0.036986135252031205,0.29333261226418417
S,0.04584074788841826,0.9994535519125683,0.036986135252031205,0.29333261226418417
S,0.04586833855799373,0.9994535519125683,0.036986135252031205,0.29333261226418417
S,0.045895962460164114,0.9994535519125683,0.036986135252031205,0.29333261226418417
S,0.04592477276151258,0.9994535519125683,0.036986135252031205,0.29333261226418417
S,0.045952464700266316,0.9994535519125683,0.036986135252031205,0.29333261226418417
S,0.045980190054804165,0.9994535519125683,0.036986135252031205,0.29333261226418417
S,0.04600794888564673,0.9994535519125683,0.036986135252031205,0.29333261226418417
S,0.04603574125346086,0.9994535519125683,0.036986135252031205,0.29333261226418417
S,0.04606356721906009,0.9994535519125683,0.036986135252031205,0.29333261226418417
S,0.04606622650068041,0.9989071038251366,0.036986135252031205,0.29333261226418417
S,0.0460941045942811,0.9989071038251366,0.036986135252031205,0.29333261226418417
S,0.04612201645052228,0.9989071038251366,0.036986135252031205,0.29333261226418417
S,0.04614996213077506,0.9989071038251366,0.036986135252031205,0.29333261226418417
S,0.04617794169655939,0.9989071038251366,0.036986135252031205,0.29333261226418417
S,0.046205955209544514,0.9989071038251366,0.036986135252031205,0.29333261226418417
S,0.046234002731549394,0.9989071038251366,0.036986135252031205,0.29333261226418417
S,0.0462620843245432,0.9989071038251366,0.036986135252031205,0.29333261226418417
S,0.046290200050645734,0.9989071038251366,0.036986135252031205,0.29333261226418417
S,0.04631834997212791,0.9989071038251366,0.036986135252031205,0.29333261226418417
S,0.0463465341514122,0.9989071038251366,0.036986135252031205,0.29333261226418417
S,0.04637475265107311,0.9989071038251366,0.036986135252031205,0.29333261226418417
S,0.04640300553383764,0.9989071038251366,0.036986135252031205,0.29333261226418417
S,0.046431292862585724,0.9989071038251366,0.036986135252031205,0.29333261226418417
S,0.04645961470035073,0.9989071038251366,0.036986135252031205,0.29333261226418417
S,0.04648797111031992,0.9989071038251366,0.036986135252031205,0.29333261226418417
S,0.0465163621558349,0.9989071038251366,0.036986135252031205,0.29333261226418417
S,0.04654478790039212,0.9989071038251366,0.036986135252031205,0.29333261226418417
S,0.04657324840764331,0.9989071038251366,0.036986135252031205,0.29333261226418417
S,0.046601743741396015,0.9989071038251366,0.036986135252031205,0.29333261226418417
S,0.046630273965614,0.9989071038251366,0.036986135252031205,0.29333261226418417
S,0.046658839144417784,0.9989071038251366,0.036986135252031205,0.29333261226418417
S,0.0466874393420851,0.9989071038251366,0.036986135252031205,0.29333261226418417
S,0.04671607462305137,0.9989071038251366,0.036986135252031205,0.29333261226418417
S,0.046744745051910196,0.9989071038251366,0.036986135252031205,0.29333261226418417
S,0.04677345069341385,0.9989071038251366,0.036986135252031205,0.29333261226418417
S,0.04680219161247376,0.9989071038251366,0.036986135252031205,0.29333261226418417
S,0.04683096787416099,0.9989071038251366,0.036986135252031205,0.29333261226418417
S,0.046859779543706744,0.9989071038251366,0.036986135252031205,0.29333261226418417
S,0.04688862668650285,0.9989071038251366,0.036986135252031205,0.29333261226418417
S,0.04691750936810225,0.9989071038251366,0.036986135252031205,0.29333261226418417
S,0.04694642765421953,0.9989071038251366,0.036986135252031205,0.29333261226418417
S,0.04697538161073136,0.9989071038251366,0.036986135252031205,0.29333261226418417
S,0.04700437130367704,0.9989071038251366,0.036986135252031205,0.29333261226418417
S,0.04703339679925899,0.9989071038251366,0.036986135252031205,0.29333261226418417
S,0.04706245816384326,0.9989071038251366,0.036986135252031205,0.29333261226418417
S,0.047091555463960016,0.9989071038251366,0.036986135252031205,0.29333261226418417
S,0.04712068876630407,0.9989071038251366,0.036986135252031205,0.29333261226418417
S,0.04714985813773536,0.9989071038251366,0.036986135252031205,0.29333261226418417
S,0.04717906364527951,0.9989071038251366,0.036986135252031205,0.29333261226418417
S,0.0472083053561283,0.9989071038251366,0.036986135252031205,0.29333261226418417
S,0.047237583337640186,0.9989071038251366,0.036986135252031205,0.29333261226418417
S,0.04726689765734085,0.9989071038251366,0.036986135252031205,0.29333261226418417
S,0.04729624838292367,0.9989071038251366,0.036986135252031205,0.29333261226418417
S,0.047325635582250294,0.9989071038251366,0.036986135252031205,0.29333261226418417
S,0.04735505932335112,0.9989071038251366,0.036986135252031205,0.29333261226418417
S,0.04738451967442584,0.9989071038251366,0.036986135252031205,0.29333261226418417
S,0.04741401670384396,0.9989071038251366,0.036986135252031205,0.29333261226418417
S,0.04744355048014534,0.9989071038251366,0.036986135252031205,0.29333261226418417
S,0.04747312107204072,0.9989071038251366,0.036986135252031205,0.29333261226418417
S,0.04750272854841225,0.9989071038251366,0.036986135252031205,0.29333261226418417
S,0.047532372978314,0.9989071038251366,0.036986135252031205,0.29333261226418417
S,0.047562054430972577,0.9989071038251366,0.036986135252031205,0.29333261226418417
S,0.04759177297578755,0.9989071038251366,0.036986135252031205,0.29333261226418417
S,0.0476215286823321,0.9989071038251366,0.036986135252031205,0.29333261226418417
S,0.04765132162035347,0.9989071038251366,0.036986135252031205,0.29333261226418417
S,0.04768115185977359,0.9989071038251366,0.036986135252031205,0.29333261226418417
S,0.047711019470689564,0.9989071038251366,0.036986135252031205,0.29333261226418417
S,0.04774092452337425,0.9989071038251366,0.036986135252031205,0.29333261226418417
S,0.0477708670882768,0.9989071038251366,0.036986135252031205,0.29333261226418417
S,0.04780084723602322,0.9989071038251366,0.036986135252031205,0.29333261226418417
S,0.047830865037416924,0.9989071038251366,0.036986135252031205,0.29333261226418417
S,0.04786092056343928,0.9989071038251366,0.036986135252031205,0.29333261226418417
S,0.047891013885250196,0.9989071038251366,0.036986135252031205,0.29333261226418417
S,0.04792114507418865,0.9989071038251366,0.036986135252031205,0.29333261226418417
S,0.04795131420177325,0.9989071038251366,0.036986135252031205,0.29333261226418417
S,0.04798152133970287,0.9989071038251366,0.036986135252031205,0.29333261226418417
S,0.04801176655985712,0.9989071038251366,0.036986135252031205,0.29333261226418417
S,0.048042049934296976,0.9989071038251366,0.036986135252031205,0.29333261226418417
S,0.04807237153526534,0.9989071038251366,0.036986135252031205,0.29333261226418417
S,0.048102731435187625,0.9989071038251366,0.036986135252031205,0.29333261226418417
S,0.04813312970667229,0.9989071038251366,0.036986135252031205,0.29333261226418417
S,0.04816356642251146,0.9989071038251366,0.036986135252031205,0.29333261226418417
S,0.04816767730029001,0.9983606557377049,0.036986135252031205,0.29333261226418417
S,0.04819817443148842,0.9983606557377049,0.036986135252031205,0.29333261226418417
S,0.048228710205374586,0.9983606557377049,0.036986135252031205,0.29333261226418417
S,0.04825928469544086,0.9983606557377049,0.036986135252031205,0.29333261226418417
S,0.04828989797536607,0.9983606557377049,0.036986135252031205,0.29333261226418417
S,0.048320550119016134,0.9983606557377049,0.036986135252031205,0.29333261226418417
S,0.04835124120044461,0.9983606557377049,0.036986135252031205,0.29333261226418417
S,0.04838197129389333,0.9983606557377049,0.036986135252031205,0.29333261226418417
S,0.048412740473792994,0.9983606557377049,0.036986135252031205,0.29333261226418417
S,0.048443548814763746,0.9983606557377049,0.036986135252031205,0.29333261226418417
S,0.04847439639161581,0.9983606557377049,0.036986135252031205,0.29333261226418417
S,0.048505283279350074,0.9983606557377049,0.036986135252031205,0.29333261226418417
S,0.0485362095531587,0.9983606557377049,0.036986135252031205,0.29333261226418417
S,0.04856717528842575,0.9983606557377049,0.036986135252031205,0.29333261226418417
S,0.048598180560727774,0.9983606557377049,0.036986135252031205,0.29333261226418417
S,0.048629225445834444,0.9983606557377049,0.036986135252031205,0.29333261226418417
S,0.048660310019709156,0.9983606557377049,0.036986135252031205,0.29333261226418417
S,0.04869143435850967,0.9983606557377049,0.036986135252031205,0.29333261226418417
S,0.04872259853858873,0.9983606557377049,0.036986135252031205,0.29333261226418417
S,0.048753802636494634,0.9983606557377049,0.036986135252031205,0.29333261226418417
S,0.048785046728971965,0.9983606557377049,0.036986135252031205,0.29333261226418417
S,0.04881633089296211,0.9983606557377049,0.036986135252031205,0.29333261226418417
S,0.048847655205603975,0.9983606557377049,0.036986135252031205,0.29333261226418417
S,0.04887901974423458,0.9983606557377049,0.036986135252031205,0.29333261226418417
S,0.048910424586389674,0.9983606557377049,0.036986135252031205,0.29333261226418417
S,0.048941869809804445,0.9983606557377049,0.036986135252031205,0.29333261226418417
S,0.04897335549241409,0.9983606557377049,0.036986135252031205,0.29333261226418417
S,0.04900488171235449,0.9983606557377049,0.036986135252031205,0.29333261226418417
S,0.04903644854796285,0.9983606557377049,0.036986135252031205,0.29333261226418417
S,0.04906805607777837,0.9983606557377049,0.036986135252031205,0.29333261226418417
S,0.04909970438054286,0.9983606557377049,0.036986135252031205,0.29333261226418417
S,0.04913139353520142,0.9983606557377049,0.036986135252031205,0.29333261226418417
S,0.049163123620903075,0.9983606557377049,0.036986135252031205,0.29333261226418417
S,0.049194894717001454,0.9983606557377049,0.036986135252031205,0.29333261226418417
S,0.04922670690305545,0.9983606557377049,0.036986135252031205,0.29333261226418417
S,0.049258560258829874,0.9983606557377049,0.036986135252031205,0.29333261226418417
S,0.04929045486429612,0.9983606557377049,0.036986135252031205,0.29333261226418417
S,0.04932239079963285,0.9983606557377049,0.036986135252031205,0.29333261226418417
S,0.049354368145226646,0.9983606557377049,0.036986135252031205,0.29333261226418417
S,0.049386386981672706,0.9983606557377049,0.036986135252031205,0.29333261226418417
S,0.049418447389775494,0.9983606557377049,0.036986135252031205,0.29333261226418417
S,0.04945054945054945,0.9983606557377049,0.036986135252031205,0.29333261226418417
S,0.04948269324521965,0.9983606557377049,0.036986135252031205,0.29333261226418417
S,0.0495148788552225,0.9983606557377049,0.036986135252031205,0.29333261226418417
S,0.04954710636220643,0.9983606557377049,0.036986135252031205,0.29333261226418417
S,0.04957937584803256,0.9983606557377049,0.036986135252031205,0.29333261226418417
S,0.049584532667137346,0.9978142076502732,0.036986135252031205,0.29333261226418417
S,0.049616868648443016,0.9978142076502732,0.036986135252031205,0.29333261226418417
S,0.04964924683234542,0.9978142076502732,0.036986135252031205,0.29333261226418417
S,0.049681667301518205,0.9978142076502732,0.036986135252031205,0.29333261226418417
S,0.04971413013885108,0.9978142076502732,0.036986135252031205,0.29333261226418417
S,0.04974663542745055,0.9978142076502732,0.036986135252031205,0.29333261226418417
S,0.04977918325064064,0.9978142076502732,0.036986135252031205,0.29333261226418417
S,0.04981177369196355,0.9978142076502732,0.036986135252031205,0.29333261226418417
S,0.04984440683518043,0.9978142076502732,0.036986135252031205,0.29333261226418417
S,0.04987708276427206,0.9978142076502732,0.036986135252031205,0.29333261226418417
S,0.04990980156343957,0.9978142076502732,0.036986135252031205,0.29333261226418417
S,0.04994256331710519,0.9978142076502732,0.036986135252031205,0.29333261226418417
S,0.04997536810991297,0.9978142076502732,0.036986135252031205,0.29333261226418417
S,0.050008216026729474,0.9978142076502732,0.036986135252031205,0.29333261226418417
S,0.05004110715264456,0.9978142076502732,0.036986135252031205,0.29333261226418417
S,0.050074041572972086,0.9978142076502732,0.036986135252031205,0.29333261226418417
S,0.05010701937325065,0.9978142076502732,0.036986135252031205,0.29333261226418417
S,0.05014004063924433,0.9978142076502732,0.036986135252031205,0.29333261226418417
S,0.05017310545694345,0.9978142076502732,0.036986135252031205,0.29333261226418417
S,0.0502062139125653,0.9978142076502732,0.036986135252031205,0.29333261226418417
S,0.05023936609255489,0.9978142076502732,0.036986135252031205,0.29333261226418417
S,0.05024503055999119,0.9972677595628415,0.036986135252031205,0.29333261226418417
S,0.050278252245302774,0.9972677595628415,0.036986135252031205,0.29333261226418417
S,0.0503115178916028,0.9972677595628415,0.036986135252031205,0.29333261226418417
S,0.050317241379310346,0.9967213114754099,0.036986135252031205,0.29333261226418417
S,0.05035057693369403,0.9967213114754099,0.036986135252031205,0.29333261226418417
S,0.05038395668747583,0.9967213114754099,0.036986135252031205,0.29333261226418417
S,0.0504173807286196,0.9967213114754099,0.036986135252031205,0.29333261226418417
S,0.05045084914532279,0.9967213114754099,0.036986135252031205,0.29333261226418417
S,0.05048436202601716,0.9967213114754099,0.036986135252031205,0.29333261226418417
S,0.050517919459369634,0.9967213114754099,0.036986135252031205,0.29333261226418417
S,0.05055152153428302,0.9967213114754099,0.036986135252031205,0.29333261226418417
S,0.05058516833989683,0.9967213114754099,0.036986135252031205,0.29333261226418417
S,0.050618859965588056,0.9967213114754099,0.036986135252031205,0.29333261226418417
S,0.05065259650097195,0.9967213114754099,0.036986135252031205,0.29333261226418417
S,0.050686378035902854,0.9967213114754099,0.036986135252031205,0.29333261226418417
S,0.050720204660474943,0.9967213114754099,0.036986135252031205,0.29333261226418417
S,0.0507540764650231,0.9967213114754099,0.036986135252031205,0.29333261226418417
S,0.050789407735360455,0.9967213114754099,0.036986135252031205,0.29333261226418417
S,0.05082337206386358,0.9967213114754099,0.036986135252031205,0.29333261226418417
S,0.050857381848598913,0.9967213114754099,0.036986135252031205,0.29333261226418417
S,0.05089143718088223,0.9967213114754099,0.036986135252031205,0.29333261226418417
S,0.05092553815227406,0.9967213114754099,0.036986135252031205,0.29333261226418417
S,0.0509596848545805,0.9967213114754099,0.036986135252031205,0.29333261226418417
S,0.050993877379854065,0.9967213114754099,0.036986135252031205,0.29333261226418417
S,0.05102811582039446,0.9967213114754099,0.036986135252031205,0.29333261226418417
S,0.051062400268749475,0.9967213114754099,0.036986135252031205,0.29333261226418417
S,0.05109673081771578,0.9967213114754099,0.036986135252031205,0.29333261226418417
S,0.051131107560339756,0.9967213114754099,0.036986135252031205,0.29333261226418417
S,0.05116553058991837,0.9967213114754099,0.036986135252031205,0.29333261226418417
S,0.0511719298245614,0.9961748633879781,0.036986135252031205,0.29333261226418417
S,0.051206426785764446,0.9961748633879781,0.036986135252031205,0.29333261226418417
S,0.05124097028979397,0.9961748633879781,0.036986135252031205,0.29333261226418417
S,0.05127556043090597,0.9961748633879781,0.036986135252031205,0.29333261226418417
S,0.05131019730361113,0.9961748633879781,0.036986135252031205,0.29333261226418417
S,0.05134488100267568,0.9961748633879781,0.036986135252031205,0.29333261226418417
S,0.05137961162312223,0.9961748633879781,0.036986135252031205,0.29333261226418417
S,0.0514143892602307,0.9961748633879781,0.036986135252031205,0.29333261226418417
S,0.05144921400953913,0.9961748633879781,0.036986135252031205,0.29333261226418417
S,0.05148408596684459,0.9961748633879781,0.036986135252031205,0.29333261226418417
S,0.05151900522820404,0.9961748633879781,0.036986135252031205,0.29333261226418417
S,0.05155397188993524,0.9961748633879781,0.036986135252031205,0.29333261226418417
S,0.0515889860486176,0.9961748633879781,0.036986135252031205,0.29333261226418417
S,0.05162404780109308,0.9961748633879781,0.036986135252031205,0.29333261226418417
S,0.05165915724446712,0.9961748633879781,0.036986135252031205,0.29333261226418417
S,0.051694314476109456,0.9961748633879781,0.036986135252031205,0.29333261226418417
S,0.05172951959365512,0.9961748633879781,0.036986135252031205,0.29333261226418417
S,0.05173637731777267,0.9956284153005465,0.036986135252031205,0.29333261226418417
S,0.05177165913676015,0.9956284153005465,0.036986135252031205,0.29333261226418417
S,0.051806989109727315,0.9956284153005465,0.036986135252031205,0.29333261226418417
S,0.05184236733532508,0.9956284153005465,0.036986135252031205,0.29333261226418417
S,0.05187779391247402,0.9956284153005465,0.036986135252031205,0.29333261226418417
S,0.05191326894036527,0.9956284153005465,0.036986135252031205,0.29333261226418417
S,0.0519487925184615,0.9956284153005465,0.036986135252031205,0.29333261226418417
S,0.05198436474649776,0.9956284153005465,0.036986135252031205,0.29333261226418417
S,0.05201998572448251,0.9956284153005465,0.036986135252031205,0.29333261226418417
S,0.0520556555526985,0.9956284153005465,0.036986135252031205,0.29333261226418417
S,0.05209137433170369,0.9956284153005465,0.036986135252031205,0.29333261226418417
S,0.05209853231482276,0.9950819672131147,0.036986135252031205,0.29333261226418417
S,0.05213432964012712,0.9950819672131147,0.036986135252031205,0.29333261226418417
S,0.05217017619252256,0.9950819672131147,0.036986135252031205,0.29333261226418417
S,0.05220607207362174,0.9950819672131147,0.036986135252031205,0.29333261226418417
S,0.052242017385317155,0.9950819672131147,0.036986135252031205,0.29333261226418417
S,0.0522780122297821,0.9950819672131147,0.036986135252031205,0.29333261226418417
S,0.05231405670947169,0.9950819672131147,0.036986135252031205,0.29333261226418417
S,0.05235015092712376,0.9950819672131147,0.036986135252031205,0.29333261226418417
S,0.052386294985759904,0.9950819672131147,0.036986135252031205,0.29333261226418417
S,0.052422488988686414,0.9950819672131147,0.036986135252031205,0.29333261226418417
S,0.05245873303949529,0.9950819672131147,0.036986135252031205,0.29333261226418417
S,0.05249502724206521,0.9950819672131147,0.036986135252031205,0.29333261226418417
S,0.052531371700562525,0.9950819672131147,0.036986135252031205,0.29333261226418417
S,0.05256776651944228,0.9950819672131147,0.036986135252031205,0.29333261226418417
S,0.05260421180344917,0.9950819672131147,0.036986135252031205,0.29333261226418417
S,0.05264070765761859,0.9950819672131147,0.036986135252031205,0.29333261226418417
S,0.05267725418727762,0.9950819672131147,0.036986135252031205,0.29333261226418417
S,0.05271385149804603,0.9950819672131147,0.036986135252031205,0.29333261226418417
S,0.05275049969583732,0.9950819672131147,0.036986135252031205,0.29333261226418417
S,0.052787198886859725,0.9950819672131147,0.036986135252031205,0.29333261226418417
S,0.05282394917761726,0.9950819672131147,0.036986135252031205,0.29333261226418417
S,0.052860750674910736,0.9950819672131147,0.036986135252031205,0.29333261226418417
S,0.05289760348583878,0.9950819672131147,0.036986135252031205,0.29333261226418417
S,0.0529345077177989,0.9950819672131147,0.036986135252031205,0.29333261226418417
S,0.05297146347848852,0.9950819672131147,0.036986135252031205,0.29333261226418417
S,0.05300847087590604,0.9950819672131147,0.036986135252031205,0.29333261226418417
S,0.05304553001835183,0.9950819672131147,0.036986135252031205,0.29333261226418417
S,0.05308264101442938,0.9950819672131147,0.036986135252031205,0.29333261226418417
S,0.053119803973046296,0.9950819672131147,0.036986135252031205,0.29333261226418417
S,0.05315701900341536,0.9950819672131147,0.036986135252031205,0.29333261226418417
S,0.05319428621505565,0.9950819672131147,0.036986135252031205,0.29333261226418417
S,0.05323160571779356,0.9950819672131147,0.036986135252031205,0.29333261226418417
S,0.053268977621763934,0.9950819672131147,0.036986135252031205,0.29333261226418417
S,0.053306402037411084,0.9950819672131147,0.036986135252031205,0.29333261226418417
S,0.05334387907548994,0.9950819672131147,0.036986135252031205,0.29333261226418417
S,0.0533814088470671,0.9950819672131147,0.036986135252031205,0.29333261226418417
S,0.053418991463521956,0.9950819672131147,0.036986135252031205,0.29333261226418417
S,0.05345662703654778,0.9950819672131147,0.036986135252031205,0.29333261226418417
S,0.05349431567815281,0.9950819672131147,0.036986135252031205,0.29333261226418417
S,0.05353205750066144,0.9950819672131147,0.036986135252031205,0.29333261226418417
S,0.05356985261671521,0.9950819672131147,0.036986135252031205,0.29333261226418417
S,0.053607701139274044,0.9950819672131147,0.036986135252031205,0.29333261226418417
S,0.05361614376196789,0.994535519125683,0.036986135252031205,0.29333261226418417
S,0.05365407859438106,0.994535519125683,0.036986135252031205,0.29333261226418417
S,0.05369206714458507,0.994535519125683,0.036986135252031205,0.29333261226418417
S,0.05373010952676173,0.994535519125683,0.036986135252031205,0.29333261226418417
S,0.0537682058554167,0.994535519125683,0.036986135252031205,0.29333261226418417
S,0.05380635624538064,0.994535519125683,0.036986135252031205,0.29333261226418417
S,0.0538445608118103,0.994535519125683,0.036986135252031205,0.29333261226418417
S,0.05388281967018978,0.994535519125683,0.036986135252031205,0.29333261226418417
S,0.053921132936331585,0.994535519125683,0.036986135252031205,0.29333261226418417
S,0.053959500726377896,0.994535519125683,0.036986135252031205,0.29333261226418417
S,0.05399792315680166,0.994535519125683,0.036986135252031205,0.29333261226418417
S,0.05403640034440783,0.994535519125683,0.036986135252031205,0.29333261226418417
S,0.05407493240633449,0.994535519125683,0.036986135252031205,0.29333261226418417
S,0.05411351946005411,0.994535519125683,0.036986135252031205,0.29333261226418417
S,0.05415216162337469,0.994535519125683,0.036986135252031205,0.29333261226418417
S,0.05419085901444097,0.994535519125683,0.036986135252031205,0.29333261226418417
S,0.05422961175173564,0.994535519125683,0.036986135252031205,0.29333261226418417
S,0.05426841995408057,0.994535519125683,0.036986135252031205,0.29333261226418417
S,0.05430728374063796,0.994535519125683,0.036986135252031205,0.29333261226418417
S,0.05434620323091164,0.994535519125683,0.036986135252031205,0.29333261226418417
S,0.054385178544748246,0.994535519125683,0.036986135252031205,0.29333261226418417
S,0.05442420980233845,0.994535519125683,0.036986135252031205,0.29333261226418417
S,0.05446329712421821,0.994535519125683,0.036986135252031205,0.29333261226418417
S,0.05450244063127003,0.994535519125683,0.036986135252031205,0.29333261226418417
S,0.05454164044472414,0.994535519125683,0.036986135252031205,0.29333261226418417
S,0.05458089668615984,0.994535519125683,0.036986135252031205,0.29333261226418417
S,0.054620209477506676,0.994535519125683,0.036986135252031205,0.29333261226418417
S,0.05465957894104574,0.994535519125683,0.036986135252031205,0.29333261226418417
S,0.054699005199410934,0.994535519125683,0.036986135252031205,0.29333261226418417
S,0.05473848837559024,0.994535519125683,0.036986135252031205,0.29333261226418417
S,0.05477802859292701,0.994535519125683,0.036986135252031205,0.29333261226418417
S,0.05481762597512123,0.994535519125683,0.036986135252031205,0.29333261226418417
S,0.05485728064623082,0.994535519125683,0.036986135252031205,0.29333261226418417
S,0.05489699273067294,0.994535519125683,0.036986135252031205,0.29333261226418417
S,0.05493676235322527,0.994535519125683,0.036986135252031205,0.29333261226418417
S,0.05497658963902734,0.994535519125683,0.036986135252031205,0.29333261226418417
S,0.055016474713581814,0.994535519125683,0.036986135252031205,0.29333261226418417
S,0.05505641770275584,0.994535519125683,0.036986135252031205,0.29333261226418417
S,0.05509641873278237,0.994535519125683,0.036986135252031205,0.29333261226418417
S,0.05513647793026144,0.994535519125683,0.036986135252031205,0.29333261226418417
S,0.055176595422161585,0.994535519125683,0.036986135252031205,0.29333261226418417
S,0.05521677133582112,0.994535519125683,0.036986135252031205,0.29333261226418417
S,0.05525700579894951,0.994535519125683,0.036986135252031205,0.29333261226418417
S,0.05529729893962872,0.994535519125683,0.036986135252031205,0.29333261226418417
S,0.05533765088631457,0.994535519125683,0.036986135252031205,0.29333261226418417
S,0.055378061767838126,0.994535519125683,0.036986135252031205,0.29333261226418417
S,0.05541853171340702,0.994535519125683,0.036986135252031205,0.29333261226418417
S,0.05545906085260688,0.994535519125683,0.036986135252031205,0.29333261226418417
S,0.055499649315402674,0.994535519125683,0.036986135252031205,0.29333261226418417
S,0.055540297232140136,0.994535519125683,0.036986135252031205,0.29333261226418417
S,0.05558100473354711,0.994535519125683,0.036986135252031205,0.29333261226418417
S,0.055621771950735005,0.994535519125683,0.036986135252031205,0.29333261226418417
S,0.055662599015200175,0.994535519125683,0.036986135252031205,0.29333261226418417
S,0.05570348605882533,0.994535519125683,0.036986135252031205,0.29333261226418417
S,0.05574443321388098,0.994535519125683,0.036986135252031205,0.29333261226418417
S,0.05578544061302682,0.994535519125683,0.036986135252031205,0.29333261226418417
S,0.05582650838931321,0.994535519125683,0.036986135252031205,0.29333261226418417
S,0.05583694017251435,0.9939890710382514,0.036986135252031205,0.29333261226418417
S,0.055878106472521734,0.9939890710382514,0.036986135252031205,0.29333261226418417
S,0.05591933351778413,0.9939890710382514,0.036986135252031205,0.29333261226418417
S,0.05596062144285494,0.9939890710382514,0.036986135252031205,0.29333261226418417
S,0.056001970382685264,0.9939890710382514,0.036986135252031205,0.29333261226418417
S,0.05604338047262532,0.9939890710382514,0.036986135252031205,0.29333261226418417
S,0.05608485184842599,0.9939890710382514,0.036986135252031205,0.29333261226418417
S,0.05612638464624024,0.9939890710382514,0.036986135252031205,0.29333261226418417
S,0.05616797900262467,0.9939890710382514,0.036986135252031205,0.29333261226418417
S,0.05620963505454096,0.9939890710382514,0.036986135252031205,0.29333261226418417
S,0.056251352939357395,0.9939890710382514,0.036986135252031205,0.29333261226418417
S,0.05629313279485037,0.9939890710382514,0.036986135252031205,0.29333261226418417
S,0.05633497475920592,0.9939890710382514,0.036986135252031205,0.29333261226418417
S,0.05637687897102123,0.9939890710382514,0.036986135252031205,0.29333261226418417
S,0.05641884556930616,0.9939890710382514,0.036986135252031205,0.29333261226418417
S,0.056460874693484805,0.9939890710382514,0.036986135252031205,0.29333261226418417
S,0.05650296648339701,0.9939890710382514,0.036986135252031205,0.29333261226418417
S,0.056545121079299945,0.9939890710382514,0.036986135252031205,0.29333261226418417
S,0.056587338621869654,0.9939890710382514,0.036986135252031205,0.29333261226418417
S,0.05662961925220261,0.9939890710382514,0.036986135252031205,0.29333261226418417
S,0.056671963111817304,0.9939890710382514,0.036986135252031205,0.29333261226418417
S,0.056714370342655814,0.9939890710382514,0.036986135252031205,0.29333261226418417
S,0.056756841087085404,0.9939890710382514,0.036986135252031205,0.29333261226418417
S,0.05679937548790008,0.9939890710382514,0.036986135252031205,0.29333261226418417
S,0.056841973688322237,0.9939890710382514,0.036986135252031205,0.29333261226418417
S,0.05688463583200425,0.9939890710382514,0.036986135252031205,0.29333261226418417
S,0.05689606609708009,0.9934426229508196,0.036986135252031205,0.29333261226418417
S,0.05693883303579818,0.9934426229508196,0.036986135252031205,0.29333261226418417
S,0.056981664315937944,0.9934426229508196,0.036986135252031205,0.29333261226418417
S,0.05702456008280794,0.9934426229508196,0.036986135252031205,0.29333261226418417
S,0.057067520482154625,0.9934426229508196,0.036986135252031205,0.29333261226418417
S,0.05711054566016398,0.9934426229508196,0.036986135252031205,0.29333261226418417
S,0.05712219812002892,0.992896174863388,0.036986135252031205,0.29333261226418417
S,0.0571653295579676,0.992896174863388,0.036986135252031205,0.29333261226418417
S,0.057208526179906176,0.992896174863388,0.036986135252031205,0.29333261226418417
S,0.057251788133724044,0.992896174863388,0.036986135252031205,0.29333261226418417
S,0.057295115567748245,0.992896174863388,0.036986135252031205,0.29333261226418417
S,0.05733850863075515,0.992896174863388,0.036986135252031205,0.29333261226418417
S,0.05738196747197221,0.992896174863388,0.036986135252031205,0.29333261226418417
S,0.05742549224107961,0.992896174863388,0.036986135252031205,0.29333261226418417
S,0.05746908308821204,0.992896174863388,0.036986135252031205,0.29333261226418417
S,0.05751274016396037,0.992896174863388,0.036986135252031205,0.29333261226418417
S,0.05755646361937344,0.992896174863388,0.036986135252031205,0.29333261226418417
S,0.05760025360595974,0.992896174863388,0.036986135252031205,0.29333261226418417
S,0.05764411027568922,0.992896174863388,0.036986135252031205,0.29333261226418417
S,0.05768803378099502,0.992896174863388,0.036986135252031205,0.29333261226418417
S,0.0577320242747752,0.992896174863388,0.036986135252031205,0.29333261226418417
S,0.05777608191039461,0.992896174863388,0.036986135252031205,0.29333261226418417
S,0.05782020684168655,0.992896174863388,0.036986135252031205,0.29333261226418417
S,0.057864399222954686,0.992896174863388,0.036986135252031205,0.29333261226418417
S,0.05790865920897473,0.992896174863388,0.036986135252031205,0.29333261226418417
S,0.05795298695499633,0.992896174863388,0.036986135252031205,0.29333261226418417
S,0.05799738261674487,0.992896174863388,0.036986135252031205,0.29333261226418417
S,0.058041846350423254,0.992896174863388,0.036986135252031205,0.29333261226418417
S,0.058086378312713786,0.992896174863388,0.036986135252031205,0.29333261226418417
S,0.058130978660779986,0.992896174863388,0.036986135252031205,0.29333261226418417
S,0.058175647552268436,0.992896174863388,0.036986135252031205,0.29333261226418417
S,0.058188343106155276,0.9923497267759562,0.036986135252031205,0.29333261226418417
S,0.058233124899791565,0.9923497267759562,0.036986135252031205,0.29333261226418417
S,0.05827797567472161,0.9923497267759562,0.036986135252031205,0.29333261226418417
S,0.05832289559045509,0.9923497267759562,0.036986135252031205,0.29333261226418417
S,0.05836788480699386,0.9923497267759562,0.036986135252031205,0.29333261226418417
S,0.05841294348483386,0.9923497267759562,0.036986135252031205,0.29333261226418417
S,0.058458071784967,0.9923497267759562,0.036986135252031205,0.29333261226418417
S,0.05850326986888309,0.9923497267759562,0.036986135252031205,0.29333261226418417
S,0.05854853789857175,0.9923497267759562,0.036986135252031205,0.29333261226418417
S,0.05859387603652438,0.9923497267759562,0.036986135252031205,0.29333261226418417
S,0.05863928444573606,0.9923497267759562,0.036986135252031205,0.29333261226418417
S,0.058684763289707544,0.9923497267759562,0.036986135252031205,0.29333261226418417
S,0.05873031273244721,0.9923497267759562,0.036986135252031205,0.29333261226418417
S,0.058743567336634626,0.9918032786885246,0.036986135252031205,0.29333261226418417
S,0.05875684254850517,0.9912568306010929,0.036986135252031205,0.29333261226418417
S,0.058802554377775616,0.9912568306010929,0.036986135252031205,0.29333261226418417
S,0.05884833738848337,0.9912568306010929,0.036986135252031205,0.29333261226418417
S,0.0588941917470212,0.9912568306010929,0.036986135252031205,0.29333261226418417
S,0.05894011762030087,0.9912568306010929,0.036986135252031205,0.29333261226418417
S,0.05898611517575521,0.9912568306010929,0.036986135252031205,0.29333261226418417
S,0.0590321845813401,0.9912568306010929,0.036986135252031205,0.29333261226418417
S,0.05907832600553656,0.9912568306010929,0.036986135252031205,0.29333261226418417
S,0.059124539617352756,0.9912568306010929,0.036986135252031205,0.29333261226418417
S,0.05917082558632612,0.9912568306010929,0.036986135252031205,0.29333261226418417
S,0.05921718408252538,0.9912568306010929,0.036986135252031205,0.29333261226418417
S,0.05926361527655265,0.9912568306010929,0.036986135252031205,0.29333261226418417
S,0.05931011933954553,0.9912568306010929,0.036986135252031205,0.29333261226418417
S,0.059356696443179216,0.9912568306010929,0.036986135252031205,0.29333261226418417
S,0.0594033467596686,0.9912568306010929,0.036986135252031205,0.29333261226418417
S,0.05945007046177039,0.9912568306010929,0.036986135252031205,0.29333261226418417
S,0.059496867722785264,0.9912568306010929,0.036986135252031205,0.29333261226418417
S,0.05951091416379452,0.9907103825136612,0.036986135252031205,0.29333261226418417
S,0.05955783318550639,0.9907103825136612,0.036986135252031205,0.29333261226418417
S,0.059604826248479466,0.9907103825136612,0.036986135252031205,0.29333261226418417
S,0.05965189352811503,0.9907103825136612,0.036986135252031205,0.29333261226418417
S,0.059699035200368795,0.9907103825136612,0.036986135252031205,0.29333261226418417
S,0.05974625144175317,0.9907103825136612,0.036986135252031205,0.29333261226418417
S,0.0597935424293394,0.9907103825136612,0.036986135252031205,0.29333261226418417
S,0.059840908340759814,0.9907103825136612,0.036986135252031205,0.29333261226418417
S,0.05988834935421002,0.9907103825136612,0.036986135252031205,0.29333261226418417
S,0.059935865648451186,0.9907103825136612,0.036986135252031205,0.29333261226418417
S,0.05998345740281224,0.9907103825136612,0.036986135252031205,0.29333261226418417
S,0.060031124797192144,0.9907103825136612,0.036986135252031205,0.29333261226418417
S,0.060078868012062164,0.9907103825136612,0.036986135252031205,0.29333261226418417
S,0.060126687228468145,0.9907103825136612,0.036986135252031205,0.29333261226418417
S,0.06017458262803279,0.9907103825136612,0.036986135252031205,0.29333261226418417
S,0.06022255439295798,0.9907103825136612,0.036986135252031205,0.29333261226418417
S,0.06027060270602706,0.9907103825136612,0.036986135252031205,0.29333261226418417
S,0.06031872775060718,0.9907103825136612,0.036986135252031205,0.29333261226418417
S,0.060366929710651614,0.9907103825136612,0.036986135252031205,0.29333261226418417
S,0.060415208770702125,0.9907103825136612,0.036986135252031205,0.29333261226418417
S,0.06046356511589128,0.9907103825136612,0.036986135252031205,0.29333261226418417
S,0.06051199893194486,0.9907103825136612,0.036986135252031205,0.29333261226418417
S,0.06056051040518422,0.9907103825136612,0.036986135252031205,0.29333261226418417
S,0.06060909972252867,0.9907103825136612,0.036986135252031205,0.29333261226418417
S,0.06065776707149788,0.9907103825136612,0.036986135252031205,0.29333261226418417
S,0.060673028628829735,0.9901639344262295,0.036986135252031205,0.29333261226418417
S,0.06072182567608324,0.9901639344262295,0.036986135252031205,0.29333261226418417
S,0.06077070127779455,0.9901639344262295,0.036986135252031205,0.29333261226418417
S,0.06081965562380425,0.9901639344262295,0.036986135252031205,0.29333261226418417
S,0.06086868890456515,0.9901639344262295,0.036986135252031205,0.29333261226418417
S,0.06091780131114473,0.9901639344262295,0.036986135252031205,0.29333261226418417
S,0.06096699303522762,0.9901639344262295,0.036986135252031205,0.29333261226418417
S,0.06101626426911809,0.9901639344262295,0.036986135252031205,0.29333261226418417
S,0.06106561520574259,0.9901639344262295,0.036986135252031205,0.29333261226418417
S,0.06111504603865223,0.9901639344262295,0.036986135252031205,0.29333261226418417
S,0.061164556962025315,0.9901639344262295,0.036986135252031205,0.29333261226418417
S,0.06121414817066991,0.9901639344262295,0.036986135252031205,0.29333261226418417
S,0.061263819860026374,0.9901639344262295,0.036986135252031205,0.29333261226418417
S,0.061313572226169934,0.9901639344262295,0.036986135252031205,0.29333261226418417
S,0.061363405465813266,0.9901639344262295,0.036986135252031205,0.29333261226418417
S,0.0614133197763091,0.9901639344262295,0.036986135252031205,0.29333261226418417
S,0.061463315355652796,0.9901639344262295,0.036986135252031205,0.29333261226418417
S,0.061513392402484976,0.9901639344262295,0.036986135252031205,0.29333261226418417
S,0.06156355111609418,0.9901639344262295,0.036986135252031205,0.29333261226418417
S,0.061613791696419465,0.9901639344262295,0.036986135252031205,0.29333261226418417
S,0.06166411434405309,0.9901639344262295,0.036986135252031205,0.29333261226418417
S,0.06171451926024318,0.9901639344262295,0.036986135252031205,0.29333261226418417
S,0.06173091999863654,0.9896174863387979,0.036986135252031205,0.29333261226418417
S,0.06178146214989936,0.9896174863387979,0.036986135252031205,0.29333261226418417
S,0.06183208713168766,0.9896174863387979,0.036986135252031205,0.29333261226418417
S,0.06188279514778746,0.9896174863387979,0.036986135252031205,0.29333261226418417
S,0.061933586402653805,0.9896174863387979,0.036986135252031205,0.29333261226418417
S,0.06198446110141356,0.9896174863387979,0.036986135252031205,0.29333261226418417
S,0.062035419449868116,0.9896174863387979,0.036986135252031205,0.29333261226418417
S,0.06208646165449621,0.9896174863387979,0.036986135252031205,0.29333261226418417
S,0.06213758792245668,0.9896174863387979,0.036986135252031205,0.29333261226418417
S,0.06218879846159129,0.9896174863387979,0.036986135252031205,0.29333261226418417
S,0.06220572567618655,0.9890710382513661,0.036986135252031205,0.29333261226418417
S,0.06225707701303615,0.9890710382513661,0.036986135252031205,0.29333261226418417
S,0.06230851320183139,0.9890710382513661,0.036986135252031205,0.29333261226418417
S,0.06236003445305771,0.9890710382513661,0.036986135252031205,0.29333261226418417
S,0.062411640977897316,0.9890710382513661,0.036986135252031205,0.29333261226418417
S,0.06246333298823205,0.9890710382513661,0.036986135252031205,0.29333261226418417
S,0.0625151106966463,0.9890710382513661,0.036986135252031205,0.29333261226418417
S,0.06256697431642988,0.9890710382513661,0.036986135252031205,0.29333261226418417
S,0.06261892406158104,0.9890710382513661,0.036986135252031205,0.29333261226418417
S,0.06267096014680933,0.9890710382513661,0.036986135252031205,0.29333261226418417
S,0.06272308278753855,0.9890710382513661,0.036986135252031205,0.29333261226418417
S,0.06277529219990982,0.9890710382513661,0.036986135252031205,0.29333261226418417
S,0.06282758860078448,0.9890710382513661,0.036986135252031205,0.29333261226418417
S,0.06287997220774709,0.9890710382513661,0.036986135252031205,0.29333261226418417
S,0.06293244323910852,0.9890710382513661,0.036986135252031205,0.29333261226418417
S,0.06298500191390889,0.9890710382513661,0.036986135252031205,0.29333261226418417
S,0.06303764845192074,0.9890710382513661,0.036986135252031205,0.29333261226418417
S,0.0630925822643614,0.9890710382513661,0.036986135252031205,0.29333261226418417
S,0.06314540887524421,0.9890710382513661,0.036986135252031205,0.29333261226418417
S,0.06319832402234637,0.9890710382513661,0.036986135252031205,0.29333261226418417
S,0.06325132792843165,0.9890710382513661,0.036986135252031205,0.29333261226418417
S,0.06330442081701175,0.9890710382513661,0.036986135252031205,0.29333261226418417
S,0.06335760291234949,0.9890710382513661,0.036986135252031205,0.29333261226418417
S,0.06341087443946189,0.9890710382513661,0.036986135252031205,0.29333261226418417
S,0.06342917251051894,0.9885245901639345,0.036986135252031205,0.29333261226418417
S,0.06348259404828747,0.9885245901639345,0.036986135252031205,0.29333261226418417
S,0.06353610564765383,0.9885245901639345,0.036986135252031205,0.29333261226418417
S,0.06358970753655793,0.9885245901639345,0.036986135252031205,0.29333261226418417
S,0.06364339994370954,0.9885245901639345,0.036986135252031205,0.29333261226418417
S,0.06369718309859156,0.9885245901639345,0.036986135252031205,0.29333261226418417
S,0.06375105723146321,0.9885245901639345,0.036986135252031205,0.29333261226418417
S,0.06380502257336343,0.9885245901639345,0.036986135252031205,0.29333261226418417
S,0.0638590793561141,0.9885245901639345,0.036986135252031205,0.29333261226418417
S,0.06391322781232335,0.9885245901639345,0.036986135252031205,0.29333261226418417
S,0.06396746817538897,0.9885245901639345,0.036986135252031205,0.29333261226418417
S,0.0640218006795017,0.9885245901639345,0.036986135252031205,0.29333261226418417
S,0.06407622555964862,0.9885245901639345,0.036986135252031205,0.29333261226418417
S,0.06413074305161656,0.9885245901639345,0.036986135252031205,0.29333261226418417
S,0.06418535339199546,0.9885245901639345,0.036986135252031205,0.29333261226418417
S,0.06424005681818182,0.9885245901639345,0.036986135252031205,0.29333261226418417
S,0.06429485356838215,0.9885245901639345,0.036986135252031205,0.29333261226418417
S,0.06434974388161639,0.9885245901639345,0.036986135252031205,0.29333261226418417
S,0.06440472799772144,0.9885245901639345,0.036986135252031205,0.29333261226418417
S,0.06445980615735462,0.9885245901639345,0.036986135252031205,0.29333261226418417
S,0.0644793152639087,0.9879781420765027,0.036986135252031205,0.29333261226418417
S,0.06453455168475157,0.9879781420765027,0.036986135252031205,0.29333261226418417
S,0.0645898828236639,0.9879781420765027,0.036986135252031205,0.29333261226418417
S,0.06464530892448513,0.9879781420765027,0.036986135252031205,0.29333261226418417
S,0.06466504437446322,0.987431693989071,0.036986135252031205,0.29333261226418417
S,0.06472063037249284,0.987431693989071,0.036986135252031205,0.29333261226418417
S,0.06477631201605966,0.987431693989071,0.036986135252031205,0.29333261226418417
S,0.06479621125143513,0.9868852459016394,0.036986135252031205,0.29333261226418417
S,0.06485205400746911,0.9868852459016394,0.036986135252031205,0.29333261226418417
S,0.0648720529039678,0.9863387978142076,0.036986135252031205,0.29333261226418417
S,0.06492805755395684,0.9863387978142076,0.036986135252031205,0.29333261226418417
S,0.06498415898617511,0.9863387978142076,0.036986135252031205,0.29333261226418417
S,0.06504035745171519,0.9863387978142076,0.036986135252031205,0.29333261226418417
S,0.06509665320253895,0.9863387978142076,0.036986135252031205,0.29333261226418417
S,0.06511695062084898,0.985792349726776,0.036986135252031205,0.29333261226418417
S,0.06517341040462428,0.985792349726776,0.036986135252031205,0.29333261226418417
S,0.06522996818050332,0.985792349726776,0.036986135252031205,0.29333261226418417
S,0.06528662420382166,0.985792349726776,0.036986135252031205,0.29333261226418417
S,0.06534337873080266,0.985792349726776,0.036986135252031205,0.29333261226418417
S,0.06540023201856149,0.985792349726776,0.036986135252031205,0.29333261226418417
S,0.06545718432510886,0.985792349726776,0.036986135252031205,0.29333261226418417
S,0.06551423590935503,0.985792349726776,0.036986135252031205,0.29333261226418417
S,0.06557138703111369,0.985792349726776,0.036986135252031205,0.29333261226418417
S,0.06562863795110593,0.985792349726776,0.036986135252031205,0.29333261226418417
S,0.06568598893096417,0.985792349726776,0.036986135252031205,0.29333261226418417
S,0.06574823237845324,0.985792349726776,0.036986135252031205,0.29333261226418417
S,0.06580579266068433,0.985792349726776,0.036986135252031205,0.29333261226418417
S,0.06586345381526104,0.985792349726776,0.036986135252031205,0.29333261226418417
S,0.06592121610757874,0.985792349726776,0.036986135252031205,0.29333261226418417
S,0.0659790798039646,0.985792349726776,0.036986135252031205,0.29333261226418417
S,0.06603704517168167,0.985792349726776,0.036986135252031205,0.29333261226418417
S,0.0660951124789331,0.985792349726776,0.036986135252031205,0.29333261226418417
S,0.06615328199486616,0.985792349726776,0.036986135252031205,0.29333261226418417
S,0.06621155398957645,0.985792349726776,0.036986135252031205,0.29333261226418417
S,0.06626992873411211,0.985792349726776,0.036986135252031205,0.29333261226418417
S,0.06632840650047797,0.985792349726776,0.036986135252031205,0.29333261226418417
S,0.0663869875616398,0.985792349726776,0.036986135252031205,0.29333261226418417
S,0.06644567219152854,0.985792349726776,0.036986135252031205,0.29333261226418417
S,0.0665044606650446,0.985792349726776,0.036986135252031205,0.29333261226418417
S,0.06656335325806213,0.985792349726776,0.036986135252031205,0.29333261226418417
S,0.06662235024743333,0.985792349726776,0.036986135252031205,0.29333261226418417
S,0.06668145191099283,0.985792349726776,0.036986135252031205,0.29333261226418417
S,0.06674065852756197,0.985792349726776,0.036986135252031205,0.29333261226418417
S,0.06679997037695327,0.985792349726776,0.036986135252031205,0.29333261226418417
S,0.0668593877399748,0.985792349726776,0.036986135252031205,0.29333261226418417
S,0.0669189108984346,0.985792349726776,0.036986135252031205,0.29333261226418417
S,0.06697854013514518,0.985792349726776,0.036986135252031205,0.29333261226418417
S,0.06703827573392791,0.985792349726776,0.036986135252031205,0.29333261226418417
S,0.06709811797961765,0.985792349726776,0.036986135252031205,0.29333261226418417
S,0.06715806715806716,0.985792349726776,0.036986135252031205,0.29333261226418417
S,0.06721812355615173,0.985792349726776,0.036986135252031205,0.29333261226418417
S,0.0672782874617737,0.985792349726776,0.036986135252031205,0.29333261226418417
S,0.06733855916386712,0.985792349726776,0.036986135252031205,0.29333261226418417
S,0.0673989389524023,0.985792349726776,0.036986135252031205,0.29333261226418417
S,0.06745942711839055,0.985792349726776,0.036986135252031205,0.29333261226418417
S,0.06752002395388876,0.985792349726776,0.036986135252031205,0.29333261226418417
S,0.0675807297520042,0.985792349726776,0.036986135252031205,0.29333261226418417
S,0.06764154480689914,0.985792349726776,0.036986135252031205,0.29333261226418417
S,0.0677024694137957,0.985792349726776,0.036986135252031205,0.29333261226418417
S,0.06772594095109308,0.9852459016393442,0.036986135252031205,0.29333261226418417
S,0.0677870516580194,0.9852459016393442,0.036986135252031205,0.29333261226418417
S,0.0678482727477986,0.9852459016393442,0.036986135252031205,0.29333261226418417
S,0.06790960451977401,0.9852459016393442,0.036986135252031205,0.29333261226418417
S,0.06797104727437231,0.9852459016393442,0.036986135252031205,0.29333261226418417
S,0.06803260131310844,0.9852459016393442,0.036986135252031205,0.29333261226418417
S,0.06809426693859053,0.9852459016393442,0.036986135252031205,0.29333261226418417
S,0.06815604445452483,0.9852459016393442,0.036986135252031205,0.29333261226418417
S,0.06821793416572078,0.9852459016393442,0.036986135252031205,0.29333261226418417
S,0.06820419601605696,0.9841530054644809,0.036986135252031205,0.29333261226418417
S,0.06826624213478887,0.9841530054644809,0.036986135252031205,0.29333261226418417
S,0.06832840124440398,0.9841530054644809,0.036986135252031205,0.29333261226418417
S,0.06839067365383154,0.9841530054644809,0.036986135252031205,0.29333261226418417
S,0.06845305967312809,0.9841530054644809,0.036986135252031205,0.29333261226418417
S,0.06851555961348246,0.9841530054644809,0.036986135252031205,0.29333261226418417
S,0.06857817378722109,0.9841530054644809,0.036986135252031205,0.29333261226418417
S,0.0686409025078131,0.9841530054644809,0.036986135252031205,0.29333261226418417
S,0.06870374608987564,0.9841530054644809,0.036986135252031205,0.29333261226418417
S,0.06876670484917907,0.9841530054644809,0.036986135252031205,0.29333261226418417
S,0.06879156156844761,0.9836065573770492,0.036986135252031205,0.29333261226418417
S,0.06885471654808355,0.9836065573770492,0.036986135252031205,0.29333261226418417
S,0.06887969982387625,0.9830601092896175,0.036986135252031205,0.29333261226418417
S,0.06894305204261517,0.9830601092896175,0.036986135252031205,0.29333261226418417
S,0.06900652090525508,0.9830601092896175,0.036986135252031205,0.29333261226418417
S,0.06907010673423943,0.9830601092896175,0.036986135252031205,0.29333261226418417
S,0.06913380985320114,0.9830601092896175,0.036986135252031205,0.29333261226418417
S,0.06919763058696823,0.9830601092896175,0.036986135252031205,0.29333261226418417
S,0.06926156926156926,0.9830601092896175,0.036986135252031205,0.29333261226418417
S,0.06932562620423892,0.9830601092896175,0.036986135252031205,0.29333261226418417
S,0.06938980174342359,0.9830601092896175,0.036986135252031205,0.29333261226418417
S,0.06945409620878697,0.9830601092896175,0.036986135252031205,0.29333261226418417
S,0.06940258134322591,0.9814207650273225,0.036986135252031205,0.29333261226418417
S,0.06946700703952967,0.9814207650273225,0.036986135252031205,0.29333261226418417
S,0.0694928377855207,0.9808743169398907,0.036986135252031205,0.29333261226418417
S,0.06955746725567698,0.9808743169398907,0.036986135252031205,0.29333261226418417
S,0.0696222170506555,0.9808743169398907,0.036986135252031205,0.29333261226418417
S,0.069687087506794,0.9808743169398907,0.036986135252031205,0.29333261226418417
S,0.06975207896168494,0.9808743169398907,0.036986135252031205,0.29333261226418417
S,0.06981719175418125,0.9808743169398907,0.036986135252031205,0.29333261226418417
S,0.0698824262244024,0.9808743169398907,0.036986135252031205,0.29333261226418417
S,0.06994778271374016,0.9808743169398907,0.036986135252031205,0.29333261226418417
S,0.07001326156486465,0.9808743169398907,0.036986135252031205,0.29333261226418417
S,0.0700788631217303,0.9808743169398907,0.036986135252031205,0.29333261226418417
S,0.07014458772958186,0.9808743169398907,0.036986135252031205,0.29333261226418417
S,0.0702104357349605,0.9808743169398907,0.036986135252031205,0.29333261226418417
S,0.0702764074857098,0.9808743169398907,0.036986135252031205,0.29333261226418417
S,0.07034250333098205,0.9808743169398907,0.036986135252031205,0.29333261226418417
S,0.07040872362124422,0.9808743169398907,0.036986135252031205,0.29333261226418417
S,0.07047506870828425,0.9808743169398907,0.036986135252031205,0.29333261226418417
S,0.07054153894521732,0.9808743169398907,0.036986135252031205,0.29333261226418417
S,0.07060813468649202,0.9808743169398907,0.036986135252031205,0.29333261226418417
S,0.07063548310890622,0.980327868852459,0.036986135252031205,0.29333261226418417
S,0.07066288326633562,0.9797814207650273,0.036986135252031205,0.29333261226418417
S,0.07072978303747535,0.9797814207650273,0.036986135252031205,0.29333261226418417
S,0.07075732448866777,0.9792349726775956,0.036986135252031205,0.29333261226418417
S,0.07082444075567149,0.9792349726775956,0.036986135252031205,0.29333261226418417
S,0.07089168446870797,0.9792349726775956,0.036986135252031205,0.29333261226418417
S,0.07095905599113012,0.9792349726775956,0.036986135252031205,0.29333261226418417
S,0.07102655568767341,0.9792349726775956,0.036986135252031205,0.29333261226418417
S,0.07109418392446243,0.9792349726775956,0.036986135252031205,0.29333261226418417
S,0.07116194106901755,0.9792349726775956,0.036986135252031205,0.29333261226418417
S,0.07122982749026155,0.9792349726775956,0.036986135252031205,0.29333261226418417
S,0.07125805681546908,0.978688524590164,0.036986135252031205,0.29333261226418417
S,0.07132616487455197,0.978688524590164,0.036986135252031205,0.29333261226418417
S,0.07139440325281034,0.978688524590164,0.036986135252031205,0.29333261226418417
S,0.07146277232463491,0.978688524590164,0.036986135252031205,0.29333261226418417
S,0.0715312724658519,0.978688524590164,0.036986135252031205,0.29333261226418417
S,0.07159990405372992,0.978688524590164,0.036986135252031205,0.29333261226418417
S,0.07166866746698679,0.978688524590164,0.036986135252031205,0.29333261226418417
S,0.07173756308579668,0.978688524590164,0.036986135252031205,0.29333261226418417
S,0.07180659129179696,0.978688524590164,0.036986135252031205,0.29333261226418417
S,0.07187575246809536,0.978688524590164,0.036986135252031205,0.29333261226418417
S,0.07194504699927694,0.978688524590164,0.036986135252031205,0.29333261226418417
S,0.07201447527141133,0.978688524590164,0.036986135252031205,0.29333261226418417
S,0.07208403767205988,0.978688524590164,0.036986135252031205,0.29333261226418417
S,0.07215373459028282,0.978688524590164,0.036986135252031205,0.29333261226418417
S,0.0722235664166465,0.978688524590164,0.036986135252031205,0.29333261226418417
S,0.0722935335432308,0.978688524590164,0.036986135252031205,0.29333261226418417
S,0.07236363636363637,0.978688524590164,0.036986135252031205,0.29333261226418417
S,0.072433875272992,0.978688524590164,0.036986135252031205,0.29333261226418417
S,0.07250425066796211,0.978688524590164,0.036986135252031205,0.29333261226418417
S,0.07257476294675419,0.978688524590164,0.036986135252031205,0.29333261226418417
S,0.0726454125091263,0.978688524590164,0.036986135252031205,0.29333261226418417
S,0.07271619975639464,0.978688524590164,0.036986135252031205,0.29333261226418417
S,0.07278712509144111,0.978688524590164,0.036986135252031205,0.29333261226418417
S,0.07285818891872102,0.978688524590164,0.036986135252031205,0.29333261226418417
S,0.0729293916442707,0.978688524590164,0.036986135252031205,0.29333261226418417
S,0.07300073367571533,0.978688524590164,0.036986135252031205,0.29333261226418417
S,0.07307221542227663,0.978688524590164,0.036986135252031205,0.29333261226418417
S,0.07314383729478069,0.978688524590164,0.036986135252031205,0.29333261226418417
S,0.07321559970566593,0.978688524590164,0.036986135252031205,0.29333261226418417
S,0.07328750306899091,0.978688524590164,0.036986135252031205,0.29333261226418417
S,0.07335954780044236,0.978688524590164,0.036986135252031205,0.29333261226418417
S,0.07343173431734318,0.978688524590164,0.036986135252031205,0.29333261226418417
S,0.07350406303866043,0.978688524590164,0.036986135252031205,0.29333261226418417
S,0.07357653438501356,0.978688524590164,0.036986135252031205,0.29333261226418417
S,0.07364914877868246,0.978688524590164,0.036986135252031205,0.29333261226418417
S,0.0737219066436157,0.978688524590164,0.036986135252031205,0.29333261226418417
S,0.07375360527400082,0.9781420765027322,0.036986135252031205,0.29333261226418417
S,0.0738266105749402,0.9781420765027322,0.036986135252031205,0.29333261226418417
S,0.07389976054826192,0.9781420765027322,0.036986135252031205,0.29333261226418417
S,0.07397305562443177,0.9781420765027322,0.036986135252031205,0.29333261226418417
S,0.07404649623562505,0.9781420765027322,0.036986135252031205,0.29333261226418417
S,0.07412008281573498,0.9781420765027322,0.036986135252031205,0.29333261226418417
S,0.07419381580038133,0.9781420765027322,0.036986135252031205,0.29333261226418417
S,0.07426769562691893,0.9781420765027322,0.036986135252031205,0.29333261226418417
S,0.07434172273444638,0.9781420765027322,0.036986135252031205,0.29333261226418417
S,0.07441589756381475,0.9781420765027322,0.036986135252031205,0.29333261226418417
S,0.0744902205576363,0.9781420765027322,0.036986135252031205,0.29333261226418417
S,0.07456469216029327,0.9781420765027322,0.036986135252031205,0.29333261226418417
S,0.07463931281794679,0.9781420765027322,0.036986135252031205,0.29333261226418417
S,0.07471408297854579,0.9781420765027322,0.036986135252031205,0.29333261226418417
S,0.07478900309183588,0.9781420765027322,0.036986135252031205,0.29333261226418417
S,0.07482225010455876,0.9775956284153006,0.036986135252031205,0.29333261226418417
S,0.07485556392866113,0.9770491803278688,0.036986135252031205,0.29333261226418417
S,0.07493085240130752,0.9770491803278688,0.036986135252031205,0.29333261226418417
S,0.07500629247420086,0.9770491803278688,0.036986135252031205,0.29333261226418417
S,0.07508188460569414,0.9770491803278688,0.036986135252031205,0.29333261226418417
S,0.07515762925598991,0.9770491803278688,0.036986135252031205,0.29333261226418417
S,0.07523352688714971,0.9770491803278688,0.036986135252031205,0.29333261226418417
S,0.07530957796310336,0.9770491803278688,0.036986135252031205,0.29333261226418417
S,0.07538578294965849,0.9770491803278688,0.036986135252031205,0.29333261226418417
S,0.07546214231451,0.9770491803278688,0.036986135252031205,0.29333261226418417
S,0.07553865652724968,0.9770491803278688,0.036986135252031205,0.29333261226418417
S,0.07561532605937579,0.9770491803278688,0.036986135252031205,0.29333261226418417
S,0.07569215138430277,0.9770491803278688,0.036986135252031205,0.29333261226418417
S,0.07576913297737096,0.9770491803278688,0.036986135252031205,0.29333261226418417
S,0.07584627131585646,0.9770491803278688,0.036986135252031205,0.29333261226418417
S,0.07592356687898089,0.9770491803278688,0.036986135252031205,0.29333261226418417
S,0.07600102014792146,0.9770491803278688,0.036986135252031205,0.29333261226418417
S,0.07607863160582078,0.9770491803278688,0.036986135252031205,0.29333261226418417
S,0.07615640173779709,0.9770491803278688,0.036986135252031205,0.29333261226418417
S,0.07619169438048946,0.9765027322404372,0.036986135252031205,0.29333261226418417
S,0.07626973965002135,0.9765027322404372,0.036986135252031205,0.29333261226418417
S,0.07634794497137486,0.9765027322404372,0.036986135252031205,0.29333261226418417
S,0.07642631083739629,0.9765027322404372,0.036986135252031205,0.29333261226418417
S,0.07650483774295745,0.9765027322404372,0.036986135252031205,0.29333261226418417
S,0.07658352618496614,0.9765027322404372,0.036986135252031205,0.29333261226418417
S,0.07666237666237666,0.9765027322404372,0.036986135252031205,0.29333261226418417
S,0.0767413896762003,0.9765027322404372,0.036986135252031205,0.29333261226418417
S,0.07682056572951595,0.9765027322404372,0.036986135252031205,0.29333261226418417
S,0.07689990532748085,0.9765027322404372,0.036986135252031205,0.29333261226418417
S,0.07697940897734126,0.9765027322404372,0.036986135252031205,0.29333261226418417
S,0.07705907718844329,0.9765027322404372,0.036986135252031205,0.29333261226418417
S,0.0771389104722438,0.9765027322404372,0.036986135252031205,0.29333261226418417
S,0.07721890934232133,0.9765027322404372,0.036986135252031205,0.29333261226418417
S,0.07729907431438705,0.9765027322404372,0.036986135252031205,0.29333261226418417
S,0.07737940590629601,0.9765027322404372,0.036986135252031205,0.29333261226418417
S,0.07745990463805809,0.9765027322404372,0.036986135252031205,0.29333261226418417
S,0.07754057103184935,0.9765027322404372,0.036986135252031205,0.29333261226418417
S,0.07762140561202328,0.9765027322404372,0.036986135252031205,0.29333261226418417
S,0.07770240890512219,0.9765027322404372,0.036986135252031205,0.29333261226418417
S,0.07778358143988857,0.9765027322404372,0.036986135252031205,0.29333261226418417
S,0.07786492374727669,0.9765027322404372,0.036986135252031205,0.29333261226418417
S,0.0779464363604641,0.9765027322404372,0.036986135252031205,0.29333261226418417
S,0.07802811981486334,0.9765027322404372,0.036986135252031205,0.29333261226418417
S,0.07810997464813357,0.9765027322404372,0.036986135252031205,0.29333261226418417
S,0.07819200140019253,0.9765027322404372,0.036986135252031205,0.29333261226418417
S,0.0782742006132282,0.9765027322404372,0.036986135252031205,0.29333261226418417
S,0.07835657283171095,0.9765027322404372,0.036986135252031205,0.29333261226418417
S,0.07844256178394277,0.9765027322404372,0.036986135252031205,0.29333261226418417
S,0.0785252889220899,0.9765027322404372,0.036986135252031205,0.29333261226418417
S,0.07860819073593454,0.9765027322404372,0.036986135252031205,0.29333261226418417
S,0.07869126777929455,0.9765027322404372,0.036986135252031205,0.29333261226418417
S,0.0787745206083315,0.9765027322404372,0.036986135252031205,0.29333261226418417
S,0.07885794978156303,0.9765027322404372,0.036986135252031205,0.29333261226418417
S,0.07894155585987543,0.9765027322404372,0.036986135252031205,0.29333261226418417
S,0.07902533940653607,0.9765027322404372,0.036986135252031205,0.29333261226418417
S,0.07910930098720616,0.9765027322404372,0.036986135252031205,0.29333261226418417
S,0.07919344116995347,0.9765027322404372,0.036986135252031205,0.29333261226418417
S,0.07923339692116588,0.9759562841530055,0.036986135252031205,0.29333261226418417
S,0.0793178487365102,0.9759562841530055,0.036986135252031205,0.29333261226418417
S,0.07940248077179567,0.9759562841530055,0.036986135252031205,0.29333261226418417
S,0.07948729360452178,0.9759562841530055,0.036986135252031205,0.29333261226418417
S,0.07957228781465805,0.9759562841530055,0.036986135252031205,0.29333261226418417
S,0.07961286294099282,0.9754098360655737,0.036986135252031205,0.29333261226418417
S,0.07965352502567308,0.9748633879781421,0.036986135252031205,0.29333261226418417
S,0.07973897108121396,0.9748633879781421,0.036986135252031205,0.29333261226418417
S,0.07982460065327308,0.9748633879781421,0.036986135252031205,0.29333261226418417
S,0.07986562150055991,0.9743169398907103,0.036986135252031205,0.29333261226418417
S,0.07995157167840007,0.9743169398907103,0.036986135252031205,0.29333261226418417
S,0.08003770705211653,0.9743169398907103,0.036986135252031205,0.29333261226418417
S,0.08012402822091404,0.9743169398907103,0.036986135252031205,0.29333261226418417
S,0.08021053578658509,0.9743169398907103,0.036986135252031205,0.29333261226418417
S,0.08029723035352399,0.9743169398907103,0.036986135252031205,0.29333261226418417
S,0.08038411252874081,0.9743169398907103,0.036986135252031205,0.29333261226418417
S,0.0804711829218757,0.9743169398907103,0.036986135252031205,0.29333261226418417
S,0.08055844214521303,0.9743169398907103,0.036986135252031205,0.29333261226418417
S,0.08064589081369578,0.9743169398907103,0.036986135252031205,0.29333261226418417
S,0.08073352954494001,0.9743169398907103,0.036986135252031205,0.29333261226418417
S,0.08082135895924936,0.9743169398907103,0.036986135252031205,0.29333261226418417
S,0.08090937967962972,0.9743169398907103,0.036986135252031205,0.29333261226418417
S,0.08099759233180394,0.9743169398907103,0.036986135252031205,0.29333261226418417
S,0.08108599754422666,0.9743169398907103,0.036986135252031205,0.29333261226418417
S,0.08108354199863418,0.973224043715847,0.036986135252031205,0.29333261226418417
S,0.08117223462923294,0.973224043715847,0.036986135252031205,0.29333261226418417
S,0.08126112150385545,0.973224043715847,0.036986135252031205,0.29333261226418417
S,0.08135020326131641,0.973224043715847,0.036986135252031205,0.29333261226418417
S,0.08143948054323472,0.973224043715847,0.036986135252031205,0.29333261226418417
S,0.08152895399404898,0.973224043715847,0.036986135252031205,0.29333261226418417
S,0.08157279684707391,0.9726775956284153,0.036986135252031205,0.29333261226418417
S,0.08166261412120934,0.9726775956284153,0.036986135252031205,0.29333261226418417
S,0.08175262940338952,0.9726775956284153,0.036986135252031205,0.29333261226418417
S,0.08179686422364246,0.9721311475409836,0.036986135252031205,0.29333261226418417
S,0.08188722669735328,0.9721311475409836,0.036986135252031205,0.29333261226418417
S,0.08197778904197964,0.9721311475409836,0.036986135252031205,0.29333261226418417
S,0.08206855192139134,0.9721311475409836,0.036986135252031205,0.29333261226418417
S,0.08215951600240151,0.9721311475409836,0.036986135252031205,0.29333261226418417
S,0.08225068195478293,0.9721311475409836,0.036986135252031205,0.29333261226418417
S,0.08234205045128443,0.9721311475409836,0.036986135252031205,0.29333261226418417
S,0.08243362216764746,0.9721311475409836,0.036986135252031205,0.29333261226418417
S,0.08252539778262281,0.9721311475409836,0.036986135252031205,0.29333261226418417
S,0.08261737797798728,0.9721311475409836,0.036986135252031205,0.29333261226418417
S,0.0827095634385606,0.9721311475409836,0.036986135252031205,0.29333261226418417
S,0.08280195485222248,0.9721311475409836,0.036986135252031205,0.29333261226418417
S,0.08289455290992964,0.9721311475409836,0.036986135252031205,0.29333261226418417
S,0.08298735830573307,0.9721311475409836,0.036986135252031205,0.29333261226418417
S,0.0830803717367954,0.9721311475409836,0.036986135252031205,0.29333261226418417
S,0.0831735939034083,0.9721311475409836,0.036986135252031205,0.29333261226418417
S,0.08326702550901006,0.9721311475409836,0.036986135252031205,0.29333261226418417
S,0.08336066726020336,0.9721311475409836,0.036986135252031205,0.29333261226418417
S,0.08345451986677299,0.9721311475409836,0.036986135252031205,0.29333261226418417
S,0.08354858404170384,0.9721311475409836,0.036986135252031205,0.29333261226418417
S,0.08364286050119893,0.9721311475409836,0.036986135252031205,0.29333261226418417
S,0.08373734996469757,0.9721311475409836,0.036986135252031205,0.29333261226418417
S,0.08378493002214787,0.9715846994535519,0.036986135252031205,0.29333261226418417
S,0.08387979431051563,0.9715846994535519,0.036986135252031205,0.29333261226418417
S,0.08392764369716148,0.9710382513661202,0.036986135252031205,0.29333261226418417
S,0.08402288524280108,0.9710382513661202,0.036986135252031205,0.29333261226418417
S,0.08411834319526627,0.9710382513661202,0.036986135252031205,0.29333261226418417
S,0.0842140182929719,0.9710382513661202,0.036986135252031205,0.29333261226418417
S,0.08430991127769606,0.9710382513661202,0.036986135252031205,0.29333261226418417
S,0.08440602289459935,0.9710382513661202,0.036986135252031205,0.29333261226418417
S,0.08450235389224404,0.9710382513661202,0.036986135252031205,0.29333261226418417
S,0.08459890502261366,0.9710382513661202,0.036986135252031205,0.29333261226418417
S,0.08469567704113246,0.9710382513661202,0.036986135252031205,0.29333261226418417
S,0.08479267070668511,0.9710382513661202,0.036986135252031205,0.29333261226418417
S,0.08488988678163666,0.9710382513661202,0.036986135252031205,0.29333261226418417
S,0.08498732603185231,0.9710382513661202,0.036986135252031205,0.29333261226418417
S,0.08508498922671774,0.9710382513661202,0.036986135252031205,0.29333261226418417
S,0.0851828771391592,0.9710382513661202,0.036986135252031205,0.29333261226418417
S,0.08523299899217737,0.9704918032786886,0.036986135252031205,0.29333261226418417
S,0.08528323643876423,0.9699453551912568,0.036986135252031205,0.29333261226418417
S,0.08538169224108903,0.9699453551912568,0.036986135252031205,0.29333261226418417
S,0.0854803756320732,0.9699453551912568,0.036986135252031205,0.29333261226418417
S,0.08557928740176463,0.9699453551912568,0.036986135252031205,0.29333261226418417
S,0.08567842834387218,0.9699453551912568,0.036986135252031205,0.29333261226418417
S,0.08577779925578698,0.9699453551912568,0.036986135252031205,0.29333261226418417
S,0.0858774009386037,0.9699453551912568,0.036986135252031205,0.29333261226418417
S,0.08597723419714216,0.9699453551912568,0.036986135252031205,0.29333261226418417
S,0.08607729983996897,0.9699453551912568,0.036986135252031205,0.29333261226418417
S,0.08617759867941933,0.9699453551912568,0.036986135252031205,0.29333261226418417
S,0.08627813153161912,0.9699453551912568,0.036986135252031205,0.29333261226418417
S,0.08637889921650689,0.9699453551912568,0.036986135252031205,0.29333261226418417
S,0.08647990255785627,0.9699453551912568,0.036986135252031205,0.29333261226418417
S,0.08658114238329838,0.9699453551912568,0.036986135252031205,0.29333261226418417
S,0.08668261952434439,0.9699453551912568,0.036986135252031205,0.29333261226418417
S,0.08678433481640835,0.9699453551912568,0.036986135252031205,0.29333261226418417
S,0.08688628909883009,0.9699453551912568,0.036986135252031205,0.29333261226418417
S,0.08698848321489831,0.9699453551912568,0.036986135252031205,0.29333261226418417
S,0.08709091801187381,0.9699453551912568,0.036986135252031205,0.29333261226418417
S,0.08719359434101293,0.9699453551912568,0.036986135252031205,0.29333261226418417
S,0.0872965130575911,0.9699453551912568,0.036986135252031205,0.29333261226418417
S,0.08739967502092669,0.9699453551912568,0.036986135252031205,0.29333261226418417
S,0.08750308109440473,0.9699453551912568,0.036986135252031205,0.29333261226418417
S,0.08760673214550121,0.9699453551912568,0.036986135252031205,0.29333261226418417
S,0.08771062904580719,0.9699453551912568,0.036986135252031205,0.29333261226418417
S,0.08781477267105328,0.9699453551912568,0.036986135252031205,0.29333261226418417
S,0.08791916390113429,0.9699453551912568,0.036986135252031205,0.29333261226418417
S,0.0880238036201339,0.9699453551912568,0.036986135252031205,0.29333261226418417
S,0.08812869271634974,0.9699453551912568,0.036986135252031205,0.29333261226418417
S,0.08823383208231844,0.9699453551912568,0.036986135252031205,0.29333261226418417
S,0.08833922261484099,0.9699453551912568,0.036986135252031205,0.29333261226418417
S,0.08844486521500822,0.9699453551912568,0.036986135252031205,0.29333261226418417
S,0.08850087303566974,0.9693989071038251,0.036986135252031205,0.29333261226418417
S,0.08860696268917637,0.9693989071038251,0.036986135252031205,0.29333261226418417
S,0.0887133069960494,0.9693989071038251,0.036986135252031205,0.29333261226418417
S,0.08881990687428028,0.9693989071038251,0.036986135252031205,0.29333261226418417
S,0.088926763246278,0.9693989071038251,0.036986135252031205,0.29333261226418417
S,0.08898368883312421,0.9688524590163935,0.036986135252031205,0.29333261226418417
S,0.08909100045223858,0.9688524590163935,0.036986135252031205,0.29333261226418417
S,0.0891985712129597,0.9688524590163935,0.036986135252031205,0.29333261226418417
S,0.08930640205510502,0.9688524590163935,0.036986135252031205,0.29333261226418417
S,0.08936406273639619,0.9683060109289617,0.036986135252031205,0.29333261226418417
S,0.08947235546579146,0.9683060109289617,0.036986135252031205,0.29333261226418417
S,0.0895809109751782,0.9683060109289617,0.036986135252031205,0.29333261226418417
S,0.08963911525029103,0.9677595628415301,0.036986135252031205,0.29333261226418417
S,0.08974813763746009,0.9677595628415301,0.036986135252031205,0.29333261226418417
S,0.08985742554163073,0.9677595628415301,0.036986135252031205,0.29333261226418417
S,0.08991617983235967,0.9672131147540983,0.036986135252031205,0.29333261226418417
S,0.09002593967753421,0.9672131147540983,0.036986135252031205,0.29333261226418417
S,0.09008504354025564,0.9666666666666667,0.036986135252031205,0.29333261226418417
S,0.09019527864171722,0.9666666666666667,0.036986135252031205,0.29333261226418417
S,0.09030578385828782,0.9666666666666667,0.036986135252031205,0.29333261226418417
S,0.09041656018400204,0.9666666666666667,0.036986135252031205,0.29333261226418417
S,0.090527608617778,0.9666666666666667,0.036986135252031205,0.29333261226418417
S,0.09063893016344725,0.9666666666666667,0.036986135252031205,0.29333261226418417
S,0.09075052582978504,0.9666666666666667,0.036986135252031205,0.29333261226418417
S,0.09086239663054085,0.9666666666666667,0.036986135252031205,0.29333261226418417
S,0.09097454358446902,0.9666666666666667,0.036986135252031205,0.29333261226418417
S,0.09103547706091344,0.966120218579235,0.036986135252031205,0.29333261226418417
S,0.09114811568799298,0.966120218579235,0.036986135252031205,0.29333261226418417
S,0.09126103339699582,0.966120218579235,0.036986135252031205,0.29333261226418417
S,0.09137423122641997,0.966120218579235,0.036986135252031205,0.29333261226418417
S,0.09148771021992239,0.966120218579235,0.036986135252031205,0.29333261226418417
S,0.09160147142635097,0.966120218579235,0.036986135252031205,0.29333261226418417
S,0.09171551589977693,0.966120218579235,0.036986135252031205,0.29333261226418417
S,0.09182984469952735,0.966120218579235,0.036986135252031205,0.29333261226418417
S,0.0919444588902179,0.966120218579235,0.036986135252031205,0.29333261226418417
S,0.092059359541786,0.966120218579235,0.036986135252031205,0.29333261226418417
S,0.092174547729524,0.966120218579235,0.036986135252031205,0.29333261226418417
S,0.09229002453411286,0.966120218579235,0.036986135252031205,0.29333261226418417
S,0.09240579104165578,0.966120218579235,0.036986135252031205,0.29333261226418417
S,0.09252184834371238,0.966120218579235,0.036986135252031205,0.29333261226418417
S,0.09264305177111716,0.966120218579235,0.036986135252031205,0.29333261226418417
S,0.09270724029380903,0.9655737704918033,0.036986135252031205,0.29333261226418417
S,0.09282412271485606,0.9655737704918033,0.036986135252031205,0.29333261226418417
S,0.09294130023143278,0.9655737704918033,0.036986135252031205,0.29333261226418417
S,0.09295344428059828,0.9644808743169399,0.036986135252031205,0.29333261226418417
S,0.09307108205020038,0.9644808743169399,0.036986135252031205,0.29333261226418417
S,0.09318901795142555,0.9644808743169399,0.036986135252031205,0.29333261226418417
S,0.09330725311905265,0.9644808743169399,0.036986135252031205,0.29333261226418417
S,0.09342578869362693,0.9644808743169399,0.036986135252031205,0.29333261226418417
S,0.09349162603349587,0.9639344262295082,0.036986135252031205,0.29333261226418417
S,0.09361069836552749,0.9639344262295082,0.036986135252031205,0.29333261226418417
S,0.09373007438894793,0.9639344262295082,0.036986135252031205,0.29333261226418417
S,0.0938497552670781,0.9639344262295082,0.036986135252031205,0.29333261226418417
S,0.09396974216918816,0.9639344262295082,0.036986135252031205,0.29333261226418417
S,0.09409003627053553,0.9639344262295082,0.036986135252031205,0.29333261226418417
S,0.09415723136082034,0.9633879781420766,0.036986135252031205,0.29333261226418417
S,0.09427807486631017,0.9633879781420766,0.036986135252031205,0.29333261226418417
S,0.09439922895695009,0.9633879781420766,0.036986135252031205,0.29333261226418417
S,0.09446708127814711,0.9628415300546448,0.036986135252031205,0.29333261226418417
S,0.09458879106721065,0.9628415300546448,0.036986135252031205,0.29333261226418417
S,0.0946570629972049,0.9622950819672131,0.036986135252031205,0.29333261226418417
S,0.09477933261571582,0.9622950819672131,0.036986135252031205,0.29333261226418417
S,0.09490191851692176,0.9622950819672131,0.036986135252031205,0.29333261226418417
S,0.09502482192963523,0.9622950819672131,0.036986135252031205,0.29333261226418417
S,0.09514804408904258,0.9622950819672131,0.036986135252031205,0.29333261226418417
S,0.09521748539277212,0.9617486338797814,0.036986135252031205,0.29333261226418417
S,0.09534127843986999,0.9617486338797814,0.036986135252031205,0.29333261226418417
S,0.0954653937947494,0.9617486338797814,0.036986135252031205,0.29333261226418417
S,0.09558983271779274,0.9617486338797814,0.036986135252031205,0.29333261226418417
S,0.09571459647596259,0.9617486338797814,0.036986135252031205,0.29333261226418417
S,0.09583968634284469,0.9617486338797814,0.036986135252031205,0.29333261226418417
S,0.09596510359869138,0.9617486338797814,0.036986135252031205,0.29333261226418417
S,0.09609084953046516,0.9617486338797814,0.036986135252031205,0.29333261226418417
S,0.09622218577442458,0.9617486338797814,0.036986135252031205,0.29333261226418417
S,0.09634860677724859,0.9617486338797814,0.036986135252031205,0.29333261226418417
S,0.0964753604122129,0.9617486338797814,0.036986135252031205,0.29333261226418417
S,0.09660244799385258,0.9617486338797814,0.036986135252031205,0.29333261226418417
S,0.09672987084363836,0.9617486338797814,0.036986135252031205,0.29333261226418417
S,0.09685763029002256,0.9617486338797814,0.036986135252031205,0.29333261226418417
S,0.09698572766848515,0.9617486338797814,0.036986135252031205,0.29333261226418417
S,0.0971141643215803,0.9617486338797814,0.036986135252031205,0.29333261226418417
S,0.09724294159898336,0.9617486338797814,0.036986135252031205,0.29333261226418417
S,0.09737206085753804,0.9617486338797814,0.036986135252031205,0.29333261226418417
S,0.09750152346130408,0.9617486338797814,0.036986135252031205,0.29333261226418417
S,0.09763133078160537,0.9617486338797814,0.036986135252031205,0.29333261226418417
S,0.09776148419707827,0.9617486338797814,0.036986135252031205,0.29333261226418417
S,0.09789198509372045,0.9617486338797814,0.036986135252031205,0.29333261226418417
S,0.09802829453046674,0.9617486338797814,0.036986135252031205,0.29333261226418417
S,0.09815950920245399,0.9617486338797814,0.036986135252031205,0.29333261226418417
S,0.09829107561711159,0.9617486338797814,0.036986135252031205,0.29333261226418417
S,0.09842299519069456,0.9617486338797814,0.036986135252031205,0.29333261226418417
S,0.09855526934707134,0.9617486338797814,0.036986135252031205,0.29333261226418417
S,0.09868789951777504,0.9617486338797814,0.036986135252031205,0.29333261226418417
S,0.09882088714205503,0.9617486338797814,0.036986135252031205,0.29333261226418417
S,0.09895423366692904,0.9617486338797814,0.036986135252031205,0.29333261226418417
S,0.09903164058101566,0.9612021857923497,0.036986135252031205,0.29333261226418417
S,0.09916563310407035,0.9612021857923497,0.036986135252031205,0.29333261226418417
S,0.09929998870949532,0.9612021857923497,0.036986135252031205,0.29333261226418417
S,0.09943470887507067,0.9612021857923497,0.036986135252031205,0.29333261226418417
S,0.09956979508660704,0.9612021857923497,0.036986135252031205,0.29333261226418417
S,0.09970524883800022,0.9612021857923497,0.036986135252031205,0.29333261226418417
S,0.09984107163128618,0.9612021857923497,0.036986135252031205,0.29333261226418417
S,0.0999772649766966,0.9612021857923497,0.036986135252031205,0.29333261226418417
S,0.10011383039271486,0.9612021857923497,0.036986135252031205,0.29333261226418417
S,0.10025076940613245,0.9612021857923497,0.036986135252031205,0.29333261226418417
S,0.10033101244150211,0.9606557377049181,0.036986135252031205,0.29333261226418417
S,0.10041147559721111,0.9601092896174863,0.036986135252031205,0.29333261226418417
S,0.10054938766166877,0.9601092896174863,0.036986135252031205,0.29333261226418417
S,0.10068767908309456,0.9601092896174863,0.036986135252031205,0.29333261226418417
S,0.10082635142889934,0.9601092896174863,0.036986135252031205,0.29333261226418417
S,0.10096540627514079,0.9601092896174863,0.036986135252031205,0.29333261226418417
S,0.10110484520658304,0.9601092896174863,0.036986135252031205,0.29333261226418417
S,0.10124466981675695,0.9601092896174863,0.036986135252031205,0.29333261226418417
S,0.10138488170802078,0.9601092896174863,0.036986135252031205,0.29333261226418417
S,0.10146769906390847,0.9595628415300547,0.036986135252031205,0.29333261226418417
S,0.10160861011457008,0.9595628415300547,0.036986135252031205,0.29333261226418417
S,0.10174991308378722,0.9595628415300547,0.036986135252031205,0.29333261226418417
S,0.10183358477428339,0.9590163934426229,0.036986135252031205,0.29333261226418417
S,0.10197559558396281,0.9590163934426229,0.036986135252031205,0.29333261226418417
S,0.1021180030257186,0.9590163934426229,0.036986135252031205,0.29333261226418417
S,0.10226080876354737,0.9590163934426229,0.036986135252031205,0.29333261226418417
S,0.10240401447076672,0.9590163934426229,0.036986135252031205,0.29333261226418417
S,0.10254762183008063,0.9590163934426229,0.036986135252031205,0.29333261226418417
S,0.10269163253364541,0.9590163934426229,0.036986135252031205,0.29333261226418417
S,0.10271885620532052,0.9579234972677596,0.036986135252031205,0.29333261226418417
S,0.10286351367210421,0.9579234972677596,0.036986135252031205,0.29333261226418417
S,0.10300857915148666,0.9579234972677596,0.036986135252031205,0.29333261226418417
S,0.10315405437213133,0.9579234972677596,0.036986135252031205,0.29333261226418417
S,0.1032410135533294,0.9573770491803278,0.036986135252031205,0.29333261226418417
S,0.10338723002478462,0.9573770491803278,0.036986135252031205,0.29333261226418417
S,0.10341567190639404,0.9562841530054644,0.036986135252031205,0.29333261226418417
S,0.1035625517812759,0.9562841530054644,0.036986135252031205,0.29333261226418417
S,0.10370984947256133,0.9562841530054644,0.036986135252031205,0.29333261226418417
S,0.10379821958456974,0.9557377049180328,0.036986135252031205,0.29333261226418417
S,0.10389301634472511,0.9551912568306011,0.036986135252031205,0.29333261226418417
S,0.10404142610558895,0.9551912568306011,0.036986135252031205,0.29333261226418417
S,0.10419026047565119,0.9551912568306011,0.036986135252031205,0.29333261226418417
S,0.10427983047812332,0.9546448087431694,0.036986135252031205,0.29333261226418417
S,0.10442943391714986,0.9546448087431694,0.036986135252031205,0.29333261226418417
S,0.10457946722538163,0.9546448087431694,0.036986135252031205,0.29333261226418417
S,0.10466998381392002,0.9540983606557377,0.036986135252031205,0.29333261226418417
S,0.10482079606171579,0.9540983606557377,0.036986135252031205,0.29333261226418417
S,0.10497204352792641,0.9540983606557377,0.036986135252031205,0.29333261226418417
S,0.10512372809922331,0.9540983606557377,0.036986135252031205,0.29333261226418417
S,0.10527585167319867,0.9540983606557377,0.036986135252031205,0.29333261226418417
S,0.10542841615844453,0.9540983606557377,0.036986135252031205,0.29333261226418417
S,0.10558142347463265,0.9540983606557377,0.036986135252031205,0.29333261226418417
S,0.10573487555259492,0.9540983606557377,0.036986135252031205,0.29333261226418417
S,0.10588877433440476,0.9540983606557377,0.036986135252031205,0.29333261226418417
S,0.10604312177345886,0.9540983606557377,0.036986135252031205,0.29333261226418417
S,0.10619791983455994,0.9540983606557377,0.036986135252031205,0.29333261226418417
S,0.10635317049400012,0.9540983606557377,0.036986135252031205,0.29333261226418417
S,0.10650887573964497,0.9540983606557377,0.036986135252031205,0.29333261226418417
S,0.10666503757101839,0.9540983606557377,0.036986135252031205,0.29333261226418417
S,0.1068216579993882,0.9540983606557377,0.036986135252031205,0.29333261226418417
S,0.10697873904785246,0.9540983606557377,0.036986135252031205,0.29333261226418417
S,0.10713628275142664,0.9540983606557377,0.036986135252031205,0.29333261226418417
S,0.10729429115713145,0.9540983606557377,0.036986135252031205,0.29333261226418417
S,0.10745276632408148,0.9540983606557377,0.036986135252031205,0.29333261226418417
S,0.10761171032357474,0.9540983606557377,0.036986135252031205,0.29333261226418417
S,0.10764767606937843,0.9530054644808743,0.036986135252031205,0.29333261226418417
S,0.10768374853186623,0.9519125683060109,0.036986135252031205,0.29333261226418417
S,0.10778183619141955,0.9513661202185792,0.036986135252031205,0.29333261226418417
S,0.10794221588443177,0.9513661202185792,0.036986135252031205,0.29333261226418417
S,0.10804098106178206,0.9508196721311475,0.036986135252031205,0.29333261226418417
S,0.10820222622971208,0.9508196721311475,0.036986135252031205,0.29333261226418417
S,0.10836395341595566,0.9508196721311475,0.036986135252031205,0.29333261226418417
S,0.10852616478513066,0.9508196721311475,0.036986135252031205,0.29333261226418417
S,0.10868886251483541,0.9508196721311475,0.036986135252031205,0.29333261226418417
S,0.10885204879574602,0.9508196721311475,0.036986135252031205,0.29333261226418417
S,0.1090157258317148,0.9508196721311475,0.036986135252031205,0.29333261226418417
S,0.10917989583986949,0.9508196721311475,0.036986135252031205,0.29333261226418417
S,0.10935143288084465,0.9508196721311475,0.036986135252031205,0.29333261226418417
S,0.1095166163141994,0.9508196721311475,0.036986135252031205,0.29333261226418417
S,0.10968229954614221,0.9508196721311475,0.036986135252031205,0.29333261226418417
S,0.10978535353535354,0.9502732240437158,0.036986135252031205,0.29333261226418417
S,0.10995194739504299,0.9502732240437158,0.036986135252031205,0.29333261226418417
S,0.11005572441742655,0.9497267759562842,0.036986135252031205,0.29333261226418417
S,0.1102232369355657,0.9497267759562842,0.036986135252031205,0.29333261226418417
S,0.11039126016260163,0.9497267759562842,0.036986135252031205,0.29333261226418417
S,0.11055979643765904,0.9497267759562842,0.036986135252031205,0.29333261226418417
S,0.11072884811416922,0.9497267759562842,0.036986135252031205,0.29333261226418417
S,0.11089841755997958,0.9497267759562842,0.036986135252031205,0.29333261226418417
S,0.11106850715746422,0.9497267759562842,0.036986135252031205,0.29333261226418417
S,0.11123911930363543,0.9497267759562842,0.036986135252031205,0.29333261226418417
S,0.11141025641025641,0.9497267759562842,0.036986135252031205,0.29333261226418417
S,0.1115819209039548,0.9497267759562842,0.036986135252031205,0.29333261226418417
S,0.11175411522633745,0.9497267759562842,0.036986135252031205,0.29333261226418417
S,0.11192684183410613,0.9497267759562842,0.036986135252031205,0.29333261226418417
S,0.1121001031991744,0.9497267759562842,0.036986135252031205,0.29333261226418417
S,0.11227390180878553,0.9497267759562842,0.036986135252031205,0.29333261226418417
S,0.11244824016563147,0.9497267759562842,0.036986135252031205,0.29333261226418417
S,0.11262312078797304,0.9497267759562842,0.036986135252031205,0.29333261226418417
S,0.11279854620976117,0.9497267759562842,0.036986135252031205,0.29333261226418417
S,0.11297451898075923,0.9497267759562842,0.036986135252031205,0.29333261226418417
S,0.11315104166666666,0.9497267759562842,0.036986135252031205,0.29333261226418417
S,0.11326291079812206,0.9491803278688524,0.036986135252031205,0.29333261226418417
S,0.11344043887147336,0.9491803278688524,0.036986135252031205,0.29333261226418417
S,0.11361852433281004,0.9491803278688524,0.036986135252031205,0.29333261226418417
S,0.11379716981132075,0.9491803278688524,0.036986135252031205,0.29333261226418417
S,0.1139763779527559,0.9491803278688524,0.036986135252031205,0.29333261226418417
S,0.11415615141955836,0.9491803278688524,0.036986135252031205,0.29333261226418417
S,0.11433649289099526,0.9491803278688524,0.036986135252031205,0.29333261226418417
S,0.11451740506329114,0.9491803278688524,0.036986135252031205,0.29333261226418417
S,0.11469889064976228,0.9491803278688524,0.036986135252031205,0.29333261226418417
S,0.11488095238095238,0.9491803278688524,0.036986135252031205,0.29333261226418417
S,0.11499735029146795,0.9486338797814208,0.036986135252031205,0.29333261226418417
S,0.11518046709129512,0.9486338797814208,0.036986135252031205,0.29333261226418417
S,0.11536416799574695,0.9486338797814208,0.036986135252031205,0.29333261226418417
S,0.11554845580404687,0.9486338797814208,0.036986135252031205,0.29333261226418417
S,0.11573333333333333,0.9486338797814208,0.036986135252031205,0.29333261226418417
S,0.11591880341880342,0.9486338797814208,0.036986135252031205,0.29333261226418417
S,0.11610486891385768,0.9486338797814208,0.036986135252031205,0.29333261226418417
S,0.11622454448017148,0.9480874316939891,0.036986135252031205,0.29333261226418417
S,0.1164117015566291,0.9480874316939891,0.036986135252031205,0.29333261226418417
S,0.11659946236559139,0.9480874316939891,0.036986135252031205,0.29333261226418417
S,0.1166532040926225,0.9469945355191257,0.036986135252031205,0.29333261226418417
S,0.11684196332254584,0.9469945355191257,0.036986135252031205,0.29333261226418417
S,0.11696380334954079,0.946448087431694,0.036986135252031205,0.29333261226418417
S,0.11708603896103896,0.9459016393442623,0.036986135252031205,0.29333261226418417
S,0.11727642276422764,0.9459016393442623,0.036986135252031205,0.29333261226418417
S,0.11746742671009772,0.9459016393442623,0.036986135252031205,0.29333261226418417
S,0.11765905383360523,0.9459016393442623,0.036986135252031205,0.29333261226418417
S,0.11785130718954248,0.9459016393442623,0.036986135252031205,0.29333261226418417
S,0.1179759956355701,0.9453551912568307,0.036986135252031205,0.29333261226418417
S,0.11816939890710383,0.9453551912568307,0.036986135252031205,0.29333261226418417
S,0.11836343732895457,0.9453551912568307,0.036986135252031205,0.29333261226418417
S,0.11855811403508772,0.9453551912568307,0.036986135252031205,0.29333261226418417
S,0.1186161449752883,0.9442622950819672,0.036986135252031205,0.29333261226418417
S,0.11874312431243124,0.9437158469945355,0.036986135252031205,0.29333261226418417
S,0.11887871065500379,0.9431693989071038,0.036986135252031205,0.29333261226418417
S,0.11907554329078993,0.9431693989071038,0.036986135252031205,0.29333261226418417
S,0.11920392509156244,0.9426229508196722,0.036986135252031205,0.29333261226418417
S,0.11940195196234513,0.9426229508196722,0.036986135252031205,0.29333261226418417
S,0.11960063787006864,0.9426229508196722,0.036986135252031205,0.29333261226418417
S,0.11979998611014654,0.9426229508196722,0.036986135252031205,0.29333261226418417
S,0.12,0.9426229508196722,0.036986135252031205,0.29333261226418417
S,0.12013100132394955,0.9420765027322404,0.036986135252031205,0.29333261226418417
S,0.12033223982690026,0.9420765027322404,0.036986135252031205,0.29333261226418417
S,0.1205341536740544,0.9420765027322404,0.036986135252031205,0.29333261226418417
S,0.12073674627074725,0.9420765027322404,0.036986135252031205,0.29333261226418417
S,0.12094002104524729,0.9420765027322404,0.036986135252031205,0.29333261226418417
S,0.12114398144894947,0.9420765027322404,0.036986135252031205,0.29333261226418417
S,0.12134863095657071,0.9420765027322404,0.036986135252031205,0.29333261226418417
S,0.12155397306634703,0.9420765027322404,0.036986135252031205,0.29333261226418417
S,0.12176001130023306,0.9420765027322404,0.036986135252031205,0.29333261226418417
S,0.12182525645560666,0.940983606557377,0.036986135252031205,0.29333261226418417
S,0.1220324569484799,0.940983606557377,0.036986135252031205,0.29333261226418417
S,0.12224036345566834,0.940983606557377,0.036986135252031205,0.29333261226418417
S,0.12244897959183673,0.940983606557377,0.036986135252031205,0.29333261226418417
S,0.12265830899636726,0.940983606557377,0.036986135252031205,0.29333261226418417
S,0.12286835533357117,0.940983606557377,0.036986135252031205,0.29333261226418417
S,0.12307912229290258,0.940983606557377,0.036986135252031205,0.29333261226418417
S,0.12329061358917448,0.940983606557377,0.036986135252031205,0.29333261226418417
S,0.12350283296277702,0.940983606557377,0.036986135252031205,0.29333261226418417
S,0.12364393993821395,0.9404371584699454,0.036986135252031205,0.29333261226418417
S,0.12385750269881252,0.9404371584699454,0.036986135252031205,0.29333261226418417
S,0.1239997116285776,0.9398907103825137,0.036986135252031205,0.29333261226418417
S,0.12421463132808551,0.9398907103825137,0.036986135252031205,0.29333261226418417
S,0.12443029733053607,0.9398907103825137,0.036986135252031205,0.29333261226418417
S,0.12464671352996594,0.9398907103825137,0.036986135252031205,0.29333261226418417
S,0.12486388384754991,0.9398907103825137,0.036986135252031205,0.29333261226418417
S,0.12500909024798196,0.9393442622950819,0.036986135252031205,0.29333261226418417
S,0.12515480440008742,0.9387978142076503,0.036986135252031205,0.29333261226418417
S,0.12537400569218418,0.9387978142076503,0.036986135252031205,0.29333261226418417
S,0.1255208714087287,0.9382513661202185,0.036986135252031205,0.29333261226418417
S,0.12566825338703771,0.9377049180327869,0.036986135252031205,0.29333261226418417
S,0.12588951654317365,0.9377049180327869,0.036986135252031205,0.29333261226418417
S,0.12611156022635409,0.9377049180327869,0.036986135252031205,0.29333261226418417
S,0.12633438857395274,0.9377049180327869,0.036986135252031205,0.29333261226418417
S,0.12655800575263662,0.9377049180327869,0.036986135252031205,0.29333261226418417
S,0.12678241595862577,0.9377049180327869,0.036986135252031205,0.29333261226418417
S,0.12700762341795574,0.9377049180327869,0.036986135252031205,0.29333261226418417
S,0.12715948691332393,0.9371584699453552,0.036986135252031205,0.29333261226418417
S,0.12738616950159698,0.9371584699453552,0.036986135252031205,0.29333261226418417
S,0.12761366173078353,0.9371584699453552,0.036986135252031205,0.29333261226418417
S,0.12784196794632874,0.9371584699453552,0.036986135252031205,0.29333261226418417
S,0.12807109252483012,0.9371584699453552,0.036986135252031205,0.29333261226418417
S,0.12830103987431735,0.9371584699453552,0.036986135252031205,0.29333261226418417
S,0.12853181443453496,0.9371584699453552,0.036986135252031205,0.29333261226418417
S,0.128763420677228,0.9371584699453552,0.036986135252031205,0.29333261226418417
S,0.12900556642094177,0.9371584699453552,0.036986135252031205,0.29333261226418417
S,0.1292388847023361,0.9371584699453552,0.036986135252031205,0.29333261226418417
S,0.12947304846746188,0.9371584699453552,0.036986135252031205,0.29333261226418417
S,0.12963243079715625,0.9366120218579235,0.036986135252031205,0.29333261226418417
S,0.12986816184270344,0.9366120218579235,0.036986135252031205,0.29333261226418417
S,0.1301047517838166,0.9366120218579235,0.036986135252031205,0.29333261226418417
S,0.13026615969581748,0.9360655737704918,0.036986135252031205,0.29333261226418417
S,0.1305043425262837,0.9360655737704918,0.036986135252031205,0.29333261226418417
S,0.13074339795451076,0.9360655737704918,0.036986135252031205,0.29333261226418417
S,0.1309068664933476,0.9355191256830601,0.036986135252031205,0.29333261226418417
S,0.13114754098360656,0.9355191256830601,0.036986135252031205,0.29333261226418417
S,0.13138910207214122,0.9355191256830601,0.036986135252031205,0.29333261226418417
S,0.13155466707673383,0.9349726775956284,0.036986135252031205,0.29333261226418417
S,0.13179787397935602,0.9349726775956284,0.036986135252031205,0.29333261226418417
S,0.13196480938416422,0.9344262295081968,0.036986135252031205,0.29333261226418417
S,0.1322096799134065,0.9344262295081968,0.036986135252031205,0.29333261226418417
S,0.13245546088303642,0.9344262295081968,0.036986135252031205,0.29333261226418417
S,0.13270215738010244,0.9344262295081968,0.036986135252031205,0.29333261226418417
S,0.13294977452962214,0.9344262295081968,0.036986135252031205,0.29333261226418417
S,0.1331983174949369,0.9344262295081968,0.036986135252031205,0.29333261226418417
S,0.13336975183393163,0.933879781420765,0.036986135252031205,0.29333261226418417
S,0.13362001563721657,0.933879781420765,0.036986135252031205,0.29333261226418417
S,0.13379288735704215,0.9333333333333333,0.036986135252031205,0.29333261226418417
S,0.13404489091194474,0.9333333333333333,0.036986135252031205,0.29333261226418417
S,0.13429784557320334,0.9333333333333333,0.036986135252031205,0.29333261226418417
S,0.13439420198518987,0.9322404371584699,0.036986135252031205,0.29333261226418417
S,0.1345698500394633,0.9316939890710383,0.036986135252031205,0.29333261226418417
S,0.13482524118298275,0.9316939890710383,0.036986135252031205,0.29333261226418417
S,0.13500237680240848,0.9311475409836065,0.036986135252031205,0.29333261226418417
S,0.1352595650103191,0.9311475409836065,0.036986135252031205,0.29333261226418417
S,0.1354382058215365,0.9306010928961749,0.036986135252031205,0.29333261226418417
S,0.1356972111553785,0.9306010928961749,0.036986135252031205,0.29333261226418417
S,0.13587737505987546,0.9300546448087431,0.036986135252031205,0.29333261226418417
S,0.1360582306830907,0.9295081967213115,0.036986135252031205,0.29333261226418417
S,0.13631992306459367,0.9295081967213115,0.036986135252031205,0.29333261226418417
S,0.13658262405652802,0.9295081967213115,0.036986135252031205,0.29333261226418417
S,0.13684633950120675,0.9295081967213115,0.036986135252031205,0.29333261226418417
S,0.13711107528615185,0.9295081967213115,0.036986135252031205,0.29333261226418417
S,0.13737683734453238,0.9295081967213115,0.036986135252031205,0.29333261226418417
S,0.13756271241301182,0.9289617486338798,0.036986135252031205,0.29333261226418417
S,0.13774931084806227,0.928415300546448,0.036986135252031205,0.29333261226418417
S,0.1380178716490658,0.928415300546448,0.036986135252031205,0.29333261226418417
S,0.13820608823050626,0.9278688524590164,0.036986135252031205,0.29333261226418417
S,0.1384765943565487,0.9278688524590164,0.036986135252031205,0.29333261226418417
S,0.13874816146429156,0.9278688524590164,0.036986135252031205,0.29333261226418417
S,0.13902079580808907,0.9278688524590164,0.036986135252031205,0.29333261226418417
S,0.13921246923707958,0.9273224043715848,0.036986135252031205,0.29333261226418417
S,0.13948709518329772,0.9273224043715848,0.036986135252031205,0.29333261226418417
S,0.13976280678636138,0.9273224043715848,0.036986135252031205,0.29333261226418417
S,0.14003961049678165,0.9273224043715848,0.036986135252031205,0.29333261226418417
S,0.14031751281627253,0.9273224043715848,0.036986135252031205,0.29333261226418417
S,0.14059652029826014,0.9273224043715848,0.036986135252031205,0.29333261226418417
S,0.14079362443964802,0.926775956284153,0.036986135252031205,0.29333261226418417
S,0.14107469638995176,0.926775956284153,0.036986135252031205,0.29333261226418417
S,0.14135689281546923,0.926775956284153,0.036986135252031205,0.29333261226418417
S,0.1416402204777017,0.926775956284153,0.036986135252031205,0.29333261226418417
S,0.14184100418410042,0.9262295081967213,0.036986135252031205,0.29333261226418417
S,0.14212644641958747,0.9262295081967213,0.036986135252031205,0.29333261226418417
S,0.14241303982523945,0.9262295081967213,0.036986135252031205,0.29333261226418417
S,0.14270079137902003,0.9262295081967213,0.036986135252031205,0.29333261226418417
S,0.1429897081154041,0.9262295081967213,0.036986135252031205,0.29333261226418417
S,0.14319526627218934,0.9256830601092896,0.036986135252031205,0.29333261226418417
S,0.14348636286633915,0.9256830601092896,0.036986135252031205,0.29333261226418417
S,0.14377864539127483,0.9256830601092896,0.036986135252031205,0.29333261226418417
S,0.14407212110903214,0.9256830601092896,0.036986135252031205,0.29333261226418417
S,0.14436679734106017,0.9256830601092896,0.036986135252031205,0.29333261226418417
S,0.14457728437233133,0.9251366120218579,0.036986135252031205,0.29333261226418417
S,0.144874208454561,0.9251366120218579,0.036986135252031205,0.29333261226418417
S,0.14517235465614817,0.9251366120218579,0.036986135252031205,0.29333261226418417
S,0.1454717305378931,0.9251366120218579,0.036986135252031205,0.29333261226418417
S,0.1457723437230928,0.9251366120218579,0.036986135252031205,0.29333261226418417
S,0.1460742018981881,0.9251366120218579,0.036986135252031205,0.29333261226418417
S,0.14637731281341865,0.9251366120218579,0.036986135252031205,0.29333261226418417
S,0.1465950441864495,0.9245901639344263,0.036986135252031205,0.29333261226418417
S,0.14690050355964576,0.9245901639344263,0.036986135252031205,0.29333261226418417
S,0.1471330375010876,0.9240437158469945,0.036986135252031205,0.29333261226418417
S,0.1474409277181969,0.9240437158469945,0.036986135252031205,0.29333261226418417
S,0.14775010921799914,0.9240437158469945,0.036986135252031205,0.29333261226418417
S,0.1480605901409684,0.9240437158469945,0.036986135252031205,0.29333261226418417
S,0.1483723786961481,0.9240437158469945,0.036986135252031205,0.29333261226418417
S,0.1486854831618746,0.9240437158469945,0.036986135252031205,0.29333261226418417
S,0.14899991188650982,0.9240437158469945,0.036986135252031205,0.29333261226418417
S,0.14931567328918322,0.9240437158469945,0.036986135252031205,0.29333261226418417
S,0.14963277586054333,0.9240437158469945,0.036986135252031205,0.29333261226418417
S,0.14986255209718896,0.9234972677595629,0.036986135252031205,0.29333261226418417
S,0.1500933084510797,0.9229508196721311,0.036986135252031205,0.29333261226418417
S,0.1504141063318194,0.9229508196721311,0.036986135252031205,0.29333261226418417
S,0.1507362784471218,0.9229508196721311,0.036986135252031205,0.29333261226418417
S,0.1509703962078526,0.9224043715846995,0.036986135252031205,0.29333261226418417
S,0.1512055211974545,0.9218579234972678,0.036986135252031205,0.29333261226418417
S,0.15144165992993802,0.921311475409836,0.036986135252031205,0.29333261226418417
S,0.15167881897560537,0.9207650273224044,0.036986135252031205,0.29333261226418417
S,0.1519170049616599,0.9202185792349726,0.036986135252031205,0.29333261226418417
S,0.15215622457282343,0.919672131147541,0.036986135252031205,0.29333261226418417
S,0.1524870888828486,0.919672131147541,0.036986135252031205,0.29333261226418417
S,0.1528193952601471,0.919672131147541,0.036986135252031205,0.29333261226418417
S,0.15315315315315314,0.919672131147541,0.036986135252031205,0.29333261226418417
S,0.15348837209302327,0.919672131147541,0.036986135252031205,0.29333261226418417
S,0.15382506169454346,0.919672131147541,0.036986135252031205,0.29333261226418417
S,0.15416323165704865,0.919672131147541,0.036986135252031205,0.29333261226418417
S,0.154411089690627,0.9191256830601093,0.036986135252031205,0.29333261226418417
S,0.15475204710644955,0.9191256830601093,0.036986135252031205,0.29333261226418417
S,0.15509451360073767,0.9191256830601093,0.036986135252031205,0.29333261226418417
S,0.15543849921449035,0.9191256830601093,0.036986135252031205,0.29333261226418417
S,0.15578401407798462,0.9191256830601093,0.036986135252031205,0.29333261226418417
S,0.15613106841177016,0.9191256830601093,0.036986135252031205,0.29333261226418417
S,0.156479672527677,0.9191256830601093,0.036986135252031205,0.29333261226418417
S,0.15682983682983684,0.9191256830601093,0.036986135252031205,0.29333261226418417
S,0.15708812260536398,0.9185792349726776,0.036986135252031205,0.29333261226418417
S,0.15734756954200618,0.9180327868852459,0.036986135252031205,0.29333261226418417
S,0.15760818548765607,0.9174863387978142,0.036986135252031205,0.29333261226418417
S,0.1578699783610876,0.9169398907103825,0.036986135252031205,0.29333261226418417
S,0.15822725129655824,0.9169398907103825,0.036986135252031205,0.29333261226418417
S,0.15860113421550096,0.9169398907103825,0.036986135252031205,0.29333261226418417
S,0.15896172792724517,0.9169398907103825,0.036986135252031205,0.29333261226418417
S,0.1593239650588682,0.9169398907103825,0.036986135252031205,0.29333261226418417
S,0.15968785687095546,0.9169398907103825,0.036986135252031205,0.29333261226418417
S,0.16005341472720336,0.9169398907103825,0.036986135252031205,0.29333261226418417
S,0.16032504780114723,0.9163934426229509,0.036986135252031205,0.29333261226418417
S,0.16059793024147181,0.9158469945355191,0.036986135252031205,0.29333261226418417
S,0.1609681137149443,0.9158469945355191,0.036986135252031205,0.29333261226418417
S,0.16124374278013093,0.9153005464480874,0.036986135252031205,0.29333261226418417
S,0.16152064839830182,0.9147540983606557,0.036986135252031205,0.29333261226418417
S,0.16179883945841392,0.914207650273224,0.036986135252031205,0.29333261226418417
S,0.16217526172935245,0.914207650273224,0.036986135252031205,0.29333261226418417
S,0.16255343956471047,0.914207650273224,0.036986135252031205,0.29333261226418417
S,0.16293338527463966,0.914207650273224,0.036986135252031205,0.29333261226418417
S,0.16331511128465442,0.914207650273224,0.036986135252031205,0.29333261226418417
S,0.16360078277886497,0.9136612021857924,0.036986135252031205,0.29333261226418417
S,0.16398587681443702,0.9136612021857924,0.036986135252031205,0.29333261226418417
S,0.16419231147379806,0.912568306010929,0.036986135252031205,0.29333261226418417
S,0.16448211293978515,0.9120218579234972,0.036986135252031205,0.29333261226418417
S,0.16487207349599922,0.9120218579234972,0.036986135252031205,0.29333261226418417
S,0.16516486780869394,0.9114754098360656,0.036986135252031205,0.29333261226418417
S,0.1654590570719603,0.9109289617486339,0.036986135252031205,0.29333261226418417
S,0.16575465127847974,0.9103825136612022,0.036986135252031205,0.29333261226418417
S,0.16615139124364217,0.9103825136612022,0.036986135252031205,0.29333261226418417
S,0.16655003498950316,0.9103825136612022,0.036986135252031205,0.29333261226418417
S,0.16695059625212946,0.9103825136612022,0.036986135252031205,0.29333261226418417
S,0.16735308890005024,0.9103825136612022,0.036986135252031205,0.29333261226418417
S,0.1677744209466264,0.9103825136612022,0.036986135252031205,0.29333261226418417
S,0.16818090046436504,0.9103825136612022,0.036986135252031205,0.29333261226418417
S,0.16848816029143898,0.9098360655737705,0.036986135252031205,0.29333261226418417
S,0.16889835666463784,0.9098360655737705,0.036986135252031205,0.29333261226418417
S,0.16900549115314217,0.9081967213114754,0.036986135252031205,0.29333261226418417
S,0.1694189602446483,0.9081967213114754,0.036986135252031205,0.29333261226418417
S,0.1697322705906397,0.9076502732240437,0.036986135252031205,0.29333261226418417
S,0.17014955951649252,0.9076502732240437,0.036986135252031205,0.29333261226418417
S,0.17056890531936741,0.9076502732240437,0.036986135252031205,0.29333261226418417
S,0.17099032324480132,0.9076502732240437,0.036986135252031205,0.29333261226418417
S,0.17131062951496387,0.907103825136612,0.036986135252031205,0.29333261226418417
S,0.1717359817918477,0.907103825136612,0.036986135252031205,0.29333261226418417
S,0.17205973864343496,0.9065573770491804,0.036986135252031205,0.29333261226418417
S,0.17248908296943233,0.9065573770491804,0.036986135252031205,0.29333261226418417
S,0.17281634354805087,0.9060109289617486,0.036986135252031205,0.29333261226418417
S,0.17324973876698013,0.9060109289617486,0.036986135252031205,0.29333261226418417
S,0.17358055730148753,0.905464480874317,0.036986135252031205,0.29333261226418417
S,0.1740180634320521,0.905464480874317,0.036986135252031205,0.29333261226418417
S,0.17445778058538638,0.905464480874317,0.036986135252031205,0.29333261226418417
S,0.17479417352754908,0.9049180327868852,0.036986135252031205,0.29333261226418417
S,0.17523809523809525,0.9049180327868852,0.036986135252031205,0.29333261226418417
S,0.17568427753023552,0.9049180327868852,0.036986135252031205,0.29333261226418417
S,0.1761327377153797,0.9049180327868852,0.036986135252031205,0.29333261226418417
S,0.1764768607378972,0.9043715846994536,0.036986135252031205,0.29333261226418417
S,0.17650203121659183,0.9021857923497267,0.036986135252031205,0.29333261226418417
S,0.1767416934619507,0.9010928961748634,0.036986135252031205,0.29333261226418417
S,0.17719750698474102,0.9010928961748634,0.036986135252031205,0.29333261226418417
S,0.17765567765567766,0.9010928961748634,0.036986135252031205,0.29333261226418417
S,0.17811622380643768,0.9010928961748634,0.036986135252031205,0.29333261226418417
S,0.17847086852934807,0.9005464480874317,0.036986135252031205,0.29333261226418417
S,0.17882736156351792,0.9,0.036986135252031205,0.29333261226418417
S,0.17929457870672763,0.9,0.036986135252031205,0.29333261226418417
S,0.17976424361493124,0.9,0.036986135252031205,0.29333261226418417
S,0.18023637557452396,0.9,0.036986135252031205,0.29333261226418417
S,0.18071099407504937,0.9,0.036986135252031205,0.29333261226418417
S,0.18107810781078107,0.8994535519125683,0.036986135252031205,0.29333261226418417
S,0.1814471652327377,0.8989071038251366,0.036986135252031205,0.29333261226418417
S,0.18181818181818182,0.898360655737705,0.036986135252031205,0.29333261226418417
S,0.18208028387669106,0.8972677595628415,0.036986135252031205,0.29333261226418417
S,0.1825661552145875,0.8972677595628415,0.036986135252031205,0.29333261226418417
S,0.1830546265328874,0.8972677595628415,0.036986135252031205,0.29333261226418417
S,0.18354571875698636,0.8972677595628415,0.036986135252031205,0.29333261226418417
S,0.18403945303743555,0.8972677595628415,0.036986135252031205,0.29333261226418417
S,0.1845358507529782,0.8972677595628415,0.036986135252031205,0.29333261226418417
S,0.18492224475997296,0.8967213114754098,0.036986135252031205,0.29333261226418417
S,0.1854237288135593,0.8967213114754098,0.036986135252031205,0.29333261226418417
S,0.18581463856786767,0.8961748633879781,0.036986135252031205,0.29333261226418417
S,0.18620768007271074,0.8956284153005465,0.036986135252031205,0.29333261226418417
S,0.18671679197994986,0.8956284153005465,0.036986135252031205,0.29333261226418417
S,0.18700022846698652,0.8945355191256831,0.036986135252031205,0.29333261226418417
S,0.1875143184421535,0.8945355191256831,0.036986135252031205,0.29333261226418417
S,0.18780151619572708,0.8934426229508197,0.036986135252031205,0.29333261226418417
S,0.18820548260769407,0.892896174863388,0.036986135252031205,0.29333261226418417
S,0.18861168861168862,0.8923497267759563,0.036986135252031205,0.29333261226418417
S,0.18913597405605745,0.8923497267759563,0.036986135252031205,0.29333261226418417
S,0.18966318234610918,0.8923497267759563,0.036986135252031205,0.29333261226418417
S,0.18984393198229677,0.8907103825136612,0.036986135252031205,0.29333261226418417
S,0.19037608035505724,0.8907103825136612,0.036986135252031205,0.29333261226418417
S,0.19079409697821503,0.8901639344262295,0.036986135252031205,0.29333261226418417
S,0.19121447028423771,0.8896174863387978,0.036986135252031205,0.29333261226418417
S,0.19151943462897528,0.8885245901639345,0.036986135252031205,0.29333261226418417
S,0.1920623671155209,0.8885245901639345,0.036986135252031205,0.29333261226418417
S,0.19260838663823737,0.8885245901639345,0.036986135252031205,0.29333261226418417
S,0.1931575196008553,0.8885245901639345,0.036986135252031205,0.29333261226418417
S,0.1935906599952347,0.8879781420765027,0.036986135252031205,0.29333261226418417
S,0.19402628434886499,0.8874316939890711,0.036986135252031205,0.29333261226418417
S,0.19446441409058232,0.8868852459016393,0.036986135252031205,0.29333261226418417
S,0.19502523431867338,0.8868852459016393,0.036986135252031205,0.29333261226418417
S,0.19534827669317908,0.885792349726776,0.036986135252031205,0.29333261226418417
S,0.19591491418902587,0.885792349726776,0.036986135252031205,0.29333261226418417
S,0.19648484848484848,0.885792349726776,0.036986135252031205,0.29333261226418417
S,0.19705810843666424,0.885792349726776,0.036986135252031205,0.29333261226418417
S,0.19763472323823458,0.885792349726776,0.036986135252031205,0.29333261226418417
S,0.19821472242602103,0.885792349726776,0.036986135252031205,0.29333261226418417
S,0.1986754966887417,0.8852459016393442,0.036986135252031205,0.29333261226418417
S,0.1992619926199262,0.8852459016393442,0.036986135252031205,0.29333261226418417
S,0.1998519615099926,0.8852459016393442,0.036986135252031205,0.29333261226418417
S,0.20044543429844097,0.8852459016393442,0.036986135252031205,0.29333261226418417
S,0.20091834202035244,0.8846994535519126,0.036986135252031205,0.29333261226418417
S,0.20139407518048294,0.8841530054644808,0.036986135252031205,0.29333261226418417
S,0.20199750312109863,0.8841530054644808,0.036986135252031205,0.29333261226418417
S,0.2026045579764588,0.8841530054644808,0.036986135252031205,0.29333261226418417
S,0.20296407937704095,0.8830601092896175,0.036986135252031205,0.29333261226418417
S,0.2034517510707987,0.8825136612021858,0.036986135252031205,0.29333261226418417
S,0.20406873894364416,0.8825136612021858,0.036986135252031205,0.29333261226418417
S,0.20456273764258556,0.8819672131147541,0.036986135252031205,0.29333261226418417
S,0.2051868802440885,0.8819672131147541,0.036986135252031205,0.29333261226418417
S,0.20581484315225707,0.8819672131147541,0.036986135252031205,0.29333261226418417
S,0.2064466615502686,0.8819672131147541,0.036986135252031205,0.29333261226418417
S,0.2069540672312035,0.8814207650273224,0.036986135252031205,0.29333261226418417
S,0.2075933075933076,0.8814207650273224,0.036986135252031205,0.29333261226418417
S,0.20823650916602118,0.8814207650273224,0.036986135252031205,0.29333261226418417
S,0.20888370888370889,0.8814207650273224,0.036986135252031205,0.29333261226418417
S,0.20940504027020004,0.8808743169398907,0.036986135252031205,0.29333261226418417
S,0.21005994266353922,0.8808743169398907,0.036986135252031205,0.29333261226418417
S,0.210718954248366,0.8808743169398907,0.036986135252031205,0.29333261226418417
S,0.2111198531340152,0.8797814207650273,0.036986135252031205,0.29333261226418417
S,0.21165482767692712,0.8792349726775956,0.036986135252031205,0.29333261226418417
S,0.2120612298759567,0.8781420765027322,0.036986135252031205,0.29333261226418417
S,0.2126025946518401,0.8775956284153006,0.036986135252031205,0.29333261226418417
S,0.21301460823373175,0.8765027322404372,0.036986135252031205,0.29333261226418417
S,0.213562483346656,0.8759562841530054,0.036986135252031205,0.29333261226418417
S,0.21398021919272922,0.8748633879781421,0.036986135252031205,0.29333261226418417
S,0.2145347278090641,0.8743169398907104,0.036986135252031205,0.29333261226418417
S,0.21509281678773204,0.8737704918032787,0.036986135252031205,0.29333261226418417
S,0.2156545209176788,0.8732240437158469,0.036986135252031205,0.29333261226418417
S,0.21635526672082317,0.8732240437158469,0.036986135252031205,0.29333261226418417
S,0.21706058136375986,0.8732240437158469,0.036986135252031205,0.29333261226418417
S,0.21777050967566094,0.8732240437158469,0.036986135252031205,0.29333261226418417
S,0.21834837298331966,0.8726775956284153,0.036986135252031205,0.29333261226418417
S,0.2189300411522634,0.8721311475409836,0.036986135252031205,0.29333261226418417
S,0.21924029727497935,0.8704918032786885,0.036986135252031205,0.29333261226418417
S,0.21969069317867992,0.8693989071038252,0.036986135252031205,0.29333261226418417
S,0.2202826267664173,0.8688524590163934,0.036986135252031205,0.29333261226418417
S,0.22087850986933555,0.8683060109289618,0.036986135252031205,0.29333261226418417
S,0.22147838214783822,0.8677595628415301,0.036986135252031205,0.29333261226418417
S,0.2222222222222222,0.8677595628415301,0.036986135252031205,0.29333261226418417
S,0.22283066554338668,0.8672131147540983,0.036986135252031205,0.29333261226418417
S,0.22358410819949281,0.8672131147540983,0.036986135252031205,0.29333261226418417
S,0.22409161600452424,0.8661202185792349,0.036986135252031205,0.29333261226418417
S,0.2248545893034473,0.8661202185792349,0.036986135252031205,0.29333261226418417
S,0.22519572953736655,0.8644808743169399,0.036986135252031205,0.29333261226418417
S,0.22596771889730038,0.8644808743169399,0.036986135252031205,0.29333261226418417
S,0.22674501934929053,0.8644808743169399,0.036986135252031205,0.29333261226418417
S,0.22752768589098232,0.8644808743169399,0.036986135252031205,0.29333261226418417
S,0.22817145331216626,0.8639344262295082,0.036986135252031205,0.29333261226418417
S,0.22867487328023173,0.8628415300546448,0.036986135252031205,0.29333261226418417
S,0.22932713268420288,0.8622950819672132,0.036986135252031205,0.29333261226418417
S,0.23012979437071607,0.8622950819672132,0.036986135252031205,0.29333261226418417
S,0.23093809454119713,0.8622950819672132,0.036986135252031205,0.29333261226418417
S,0.2316052283742106,0.8617486338797814,0.036986135252031205,0.29333261226418417
S,0.23242446573323508,0.8617486338797814,0.036986135252031205,0.29333261226418417
S,0.23310161218754621,0.8612021857923498,0.036986135252031205,0.29333261226418417
S,0.23393201721834644,0.8612021857923498,0.036986135252031205,0.29333261226418417
S,0.234768359898704,0.8612021857923498,0.036986135252031205,0.29333261226418417
S,0.2353117057856182,0.8601092896174863,0.036986135252031205,0.29333261226418417
S,0.23585896474118528,0.8590163934426229,0.036986135252031205,0.29333261226418417
S,0.23625959945791297,0.8573770491803279,0.036986135252031205,0.29333261226418417
S,0.2368142662838144,0.8562841530054645,0.036986135252031205,0.29333261226418417
S,0.23752464735325346,0.8557377049180328,0.036986135252031205,0.29333261226418417
S,0.2383924493834678,0.8557377049180328,0.036986135252031205,0.29333261226418417
S,0.23911382734912145,0.855191256830601,0.036986135252031205,0.29333261226418417
S,0.23968716454531513,0.8540983606557377,0.036986135252031205,0.29333261226418417
S,0.24026473757118672,0.8530054644808743,0.036986135252031205,0.29333261226418417
S,0.2411555692878109,0.8530054644808743,0.036986135252031205,0.29333261226418417
S,0.24205303147774848,0.8530054644808743,0.036986135252031205,0.29333261226418417
S,0.24264591439688715,0.8519125683060109,0.036986135252031205,0.29333261226418417
S,0.24339946883299485,0.8513661202185793,0.036986135252031205,0.29333261226418417
S,0.24384506821389368,0.8497267759562842,0.036986135252031205,0.29333261226418417
S,0.244451440264442,0.8486338797814208,0.036986135252031205,0.29333261226418417
S,0.2453784168115026,0.8486338797814208,0.036986135252031205,0.29333261226418417
S,0.2463124504361618,0.8486338797814208,0.036986135252031205,0.29333261226418417
S,0.24709441171787933,0.848087431693989,0.036986135252031205,0.29333261226418417
S,0.2480421927441266,0.848087431693989,0.036986135252031205,0.29333261226418417
S,0.24899727258142146,0.848087431693989,0.036986135252031205,0.29333261226418417
S,0.2497986793364471,0.8475409836065574,0.036986135252031205,0.29333261226418417
S,0.25060630557801133,0.8469945355191257,0.036986135252031205,0.29333261226418417
S,0.2515825353027106,0.8469945355191257,0.036986135252031205,0.29333261226418417
S,0.2525664005214274,0.8469945355191257,0.036986135252031205,0.29333261226418417
S,0.25323081956486176,0.8459016393442623,0.036986135252031205,0.29333261226418417
S,0.2540647068484152,0.8453551912568306,0.036986135252031205,0.29333261226418417
S,0.25490519373454246,0.8448087431693989,0.036986135252031205,0.29333261226418417
S,0.25558682337361366,0.8437158469945355,0.036986135252031205,0.29333261226418417
S,0.2564400864218049,0.8431693989071039,0.036986135252031205,0.29333261226418417
S,0.25730018354747203,0.8426229508196721,0.036986135252031205,0.29333261226418417
S,0.2583347294354163,0.8426229508196721,0.036986135252031205,0.29333261226418417
S,0.25887300252312867,0.840983606557377,0.036986135252031205,0.29333261226418417
S,0.25958452964026346,0.8398907103825136,0.036986135252031205,0.29333261226418417
S,0.26047142614888924,0.839344262295082,0.036986135252031205,0.29333261226418417
S,0.2615358419887621,0.839344262295082,0.036986135252031205,0.29333261226418417
S,0.26209608480082064,0.8377049180327869,0.036986135252031205,0.29333261226418417
S,0.26300429184549357,0.8371584699453551,0.036986135252031205,0.29333261226418417
S,0.26374762971901394,0.8360655737704918,0.036986135252031205,0.29333261226418417
S,0.2641509433962264,0.833879781420765,0.036986135252031205,0.29333261226418417
S,0.2649052668173127,0.8327868852459016,0.036986135252031205,0.29333261226418417
S,0.2656659102810264,0.8316939890710382,0.036986135252031205,0.29333261226418417
S,0.2666082383873795,0.8311475409836065,0.036986135252031205,0.29333261226418417
S,0.26755852842809363,0.8306010928961749,0.036986135252031205,0.29333261226418417
S,0.26834010959872723,0.8295081967213115,0.036986135252031205,0.29333261226418417
S,0.26930587608734247,0.8289617486338798,0.036986135252031205,0.29333261226418417
S,0.27027990729185236,0.8284153005464481,0.036986135252031205,0.29333261226418417
S,0.27072515666965086,0.8262295081967214,0.036986135252031205,0.29333261226418417
S,0.27117424923574895,0.8240437158469945,0.036986135252031205,0.29333261226418417
S,0.27216904460899405,0.8234972677595629,0.036986135252031205,0.29333261226418417
S,0.2733538908035552,0.8234972677595629,0.036986135252031205,0.29333261226418417
S,0.2743669156494808,0.8229508196721311,0.036986135252031205,0.29333261226418417
S,0.2753888380603843,0.8224043715846995,0.036986135252031205,0.29333261226418417
S,0.2762359860319794,0.8213114754098361,0.036986135252031205,0.29333261226418417
S,0.27709064057596455,0.8202185792349727,0.036986135252031205,0.29333261226418417
S,0.27776747635824217,0.8185792349726776,0.036986135252031205,0.29333261226418417
S,0.27826410877258334,0.8163934426229508,0.036986135252031205,0.29333261226418417
S,0.27913938260056126,0.8153005464480875,0.036986135252031205,0.29333261226418417
S,0.27964668295433187,0.8131147540983606,0.036986135252031205,0.29333261226418417
S,0.28072493864451575,0.812568306010929,0.036986135252031205,0.29333261226418417
S,0.28162336430874263,0.8114754098360656,0.036986135252031205,0.29333261226418417
S,0.2821489807582397,0.8092896174863388,0.036986135252031205,0.29333261226418417
S,0.2822966507177033,0.8060109289617486,0.036986135252031205,0.29333261226418417
S,0.28340703710824844,0.805464480874317,0.036986135252031205,0.29333261226418417
S,0.28414139463009463,0.8038251366120218,0.036986135252031205,0.29333261226418417
S,0.28527071608771587,0.8032786885245902,0.036986135252031205,0.29333261226418417
S,0.2860206667966465,0.8016393442622951,0.036986135252031205,0.29333261226418417
S,0.28697355533790403,0.8005464480874317,0.036986135252031205,0.29333261226418417
S,0.2881322574296398,0.8,0.036986135252031205,0.29333261226418417
S,0.2889064662843583,0.7983606557377049,0.036986135252031205,0.29333261226418417
S,0.28968805881184184,0.7967213114754098,0.036986135252031205,0.29333261226418417
S,0.2902775004991016,0.7945355191256831,0.036986135252031205,0.29333261226418417
S,0.29147442326980944,0.7939890710382513,0.036986135252031205,0.29333261226418417
S,0.29187663777464223,0.7912568306010929,0.036986135252031205,0.29333261226418417
S,0.2926878671257849,0.7896174863387978,0.036986135252031205,0.29333261226418417
S,0.2937105638102992,0.7885245901639344,0.036986135252031205,0.29333261226418417
S,0.2945387604827163,0.7868852459016393,0.036986135252031205,0.29333261226418417
S,0.2957862281603289,0.7863387978142077,0.036986135252031205,0.29333261226418417
S,0.29663292708118155,0.7846994535519126,0.036986135252031205,0.29333261226418417
S,0.2981108573801121,0.7846994535519126,0.036986135252031205,0.29333261226418417
S,0.29897767577717504,0.7830601092896174,0.036986135252031205,0.29333261226418417
S,0.29985321870413084,0.7814207650273224,0.036986135252031205,0.29333261226418417
S,0.30052687038988407,0.7792349726775957,0.036986135252031205,0.29333261226418417
S,0.3007837322601144,0.7759562841530054,0.036986135252031205,0.29333261226418417
S,0.3016819246327443,0.7743169398907104,0.036986135252031205,0.29333261226418417
S,0.30258934303445323,0.7726775956284153,0.036986135252031205,0.29333261226418417
S,0.30307593030759306,0.7699453551912568,0.036986135252031205,0.29333261226418417
S,0.3037837837837838,0.76775956284153,0.036986135252031205,0.29333261226418417
S,0.3049337100630298,0.7666666666666667,0.036986135252031205,0.29333261226418417
S,0.3054402447017697,0.7639344262295082,0.036986135252031205,0.29333261226418417
S,0.30617175488688775,0.7617486338797814,0.036986135252031205,0.29333261226418417
S,0.3069110178847428,0.7595628415300546,0.036986135252031205,0.29333261226418417
S,0.3081021087680355,0.7584699453551913,0.036986135252031205,0.29333261226418417
S,0.30908279401919214,0.7568306010928961,0.036986135252031205,0.29333261226418417
S,0.3098496746690599,0.7546448087431694,0.036986135252031205,0.29333261226418417
S,0.31085043988269795,0.7530054644808744,0.036986135252031205,0.29333261226418417
S,0.3114084826491268,0.7502732240437159,0.036986135252031205,0.29333261226418417
S,0.3124287343215507,0.7486338797814208,0.036986135252031205,0.29333261226418417
S,0.3136895207521211,0.7475409836065574,0.036986135252031205,0.29333261226418417
S,0.3149642610099147,0.746448087431694,0.036986135252031205,0.29333261226418417
S,0.31555761650823094,0.7437158469945355,0.036986135252031205,0.29333261226418417
S,0.31709023082303567,0.7431693989071039,0.036986135252031205,0.29333261226418417
S,0.31817116060961315,0.7415300546448087,0.036986135252031205,0.29333261226418417
S,0.31926432445178027,0.7398907103825136,0.036986135252031205,0.29333261226418417
S,0.31989566042210105,0.7371584699453552,0.036986135252031205,0.29333261226418417
S,0.32077271643214883,0.7349726775956285,0.036986135252031205,0.29333261226418417
S,0.3221396018229791,0.733879781420765,0.036986135252031205,0.29333261226418417
S,0.3235223160434258,0.7327868852459016,0.036986135252031205,0.29333261226418417
S,0.3239504974520747,0.7295081967213115,0.036986135252031205,0.29333261226418417
S,0.3253600195264828,0.7284153005464481,0.036986135252031205,0.29333261226418417
S,0.326540633439725,0.726775956284153,0.036986135252031205,0.29333261226418417
S,0.32650037046184244,0.7224043715846995,0.036986135252031205,0.29333261226418417
S,0.3269565217391304,0.7191256830601093,0.036986135252031205,0.29333261226418417
S,0.327168207948013,0.7153005464480874,0.036986135252031205,0.29333261226418417
S,0.3281367865225044,0.7131147540983607,0.036986135252031205,0.29333261226418417
S,0.3296230710852517,0.7120218579234973,0.036986135252031205,0.29333261226418417
S,0.3303639602952405,0.7092896174863388,0.036986135252031205,0.29333261226418417
S,0.33060179257362354,0.7054644808743169,0.036986135252031205,0.29333261226418417
S,0.33084256634887915,0.7016393442622951,0.036986135252031205,0.29333261226418417
S,0.331604874254602,0.6989071038251367,0.036986135252031205,0.29333261226418417
S,0.33289851291416644,0.6972677595628415,0.036986135252031205,0.29333261226418417
S,0.33342084536623784,0.6939890710382514,0.036986135252031205,0.29333261226418417
S,0.33500660501981505,0.692896174863388,0.036986135252031205,0.29333261226418417
S,0.3355490561021005,0.6896174863387978,0.036986135252031205,0.29333261226418417
S,0.3371688520203372,0.6885245901639344,0.036986135252031205,0.29333261226418417
S,0.3380016159439806,0.6857923497267759,0.036986135252031205,0.29333261226418417
S,0.3374898346435348,0.680327868852459,0.036986135252031205,0.29333261226418417
S,0.33860845839017734,0.6781420765027323,0.036986135252031205,0.29333261226418417
S,0.33974182916781104,0.6759562841530055,0.036986135252031205,0.29333261226418417
S,0.34144318495991155,0.674863387978142,0.036986135252031205,0.29333261226418417
S,0.3417756749234623,0.6710382513661202,0.036986135252031205,0.29333261226418417
S,0.34211263659288316,0.6672131147540984,0.036986135252031205,0.29333261226418417
S,0.3438645980253879,0.666120218579235,0.036986135252031205,0.29333261226418417
S,0.3445044021584777,0.6628415300546449,0.036986135252031205,0.29333261226418417
S,0.3451529882756649,0.6595628415300546,0.036986135252031205,0.29333261226418417
S,0.3449467319320472,0.6546448087431694,0.036986135252031205,0.29333261226418417
S,0.34560742244128734,0.6513661202185792,0.036986135252031205,0.29333261226418417
S,0.3465693430656934,0.6486338797814207,0.036986135252031205,0.29333261226418417
S,0.3463687150837989,0.6437158469945355,0.036986135252031205,0.29333261226418417
S,0.3479419603198105,0.6420765027322405,0.036986135252031205,0.29333261226418417
S,0.348643006263048,0.6387978142076502,0.036986135252031205,0.29333261226418417
S,0.34935416040853107,0.6355191256830601,0.036986135252031205,0.29333261226418417
S,0.35098335854765506,0.6338797814207651,0.036986135252031205,0.29333261226418417
S,0.35233160621761656,0.6316939890710382,0.036986135252031205,0.29333261226418417
S,0.3527786306416948,0.6278688524590164,0.036986135252031205,0.29333261226418417
S,0.35354160222703374,0.6245901639344262,0.036986135252031205,0.29333261226418417
S,0.35462760984730446,0.6218579234972678,0.036986135252031205,0.29333261226418417
S,0.3544740973312402,0.6169398907103825,0.036986135252031205,0.29333261226418417
S,0.35463460930085416,0.6125683060109289,0.036986135252031205,0.29333261226418417
S,0.35447880140261395,0.6076502732240437,0.036986135252031205,0.29333261226418417
S,0.35399935753292644,0.6021857923497268,0.036986135252031205,0.29333261226418417
S,0.35480738102945936,0.5989071038251366,0.036986135252031205,0.29333261226418417
S,0.35432300163132135,0.5934426229508196,0.036986135252031205,0.29333261226418417
S,0.3544886550476817,0.5890710382513661,0.036986135252031205,0.29333261226418417
S,0.35465694398409014,0.5846994535519126,0.036986135252031205,0.29333261226418417
S,0.3561643835616438,0.5825136612021858,0.036986135252031205,0.29333261226418417
S,0.35702256652071407,0.5792349726775956,0.036986135252031205,0.29333261226418417
S,0.3572156196943973,0.5748633879781421,0.036986135252031205,0.29333261226418417
S,0.35741184525847314,0.5704918032786885,0.036986135252031205,0.29333261226418417
S,0.35899206075250256,0.5683060109289617,0.036986135252031205,0.29333261226418417
S,0.35885833623390184,0.5633879781420765,0.036986135252031205,0.29333261226418417
S,0.36082836082836084,0.5617486338797815,0.036986135252031205,0.29333261226418417
S,0.3617699115044248,0.5584699453551912,0.036986135252031205,0.29333261226418417
S,0.3623705819350232,0.5546448087431693,0.036986135252031205,0.29333261226418417
S,0.3633417356859921,0.5513661202185792,0.036986135252031205,0.29333261226418417
S,0.3636033418089357,0.5469945355191257,0.036986135252031205,0.29333261226418417
S,0.3649688530597288,0.5442622950819672,0.036986135252031205,0.29333261226418417
S,0.3656192236598891,0.5404371584699453,0.036986135252031205,0.29333261226418417
S,0.3670272286460276,0.5377049180327869,0.036986135252031205,0.29333261226418417
S,0.3665788483251788,0.5322404371584699,0.036986135252031205,0.29333261226418417
S,0.3687808583364983,0.5306010928961749,0.036986135252031205,0.29333261226418417
S,0.36949022614028365,0.526775956284153,0.036986135252031205,0.29333261226418417
S,0.3690522243713733,0.521311475409836,0.036986135252031205,0.29333261226418417
S,0.3693869582194455,0.5169398907103825,0.036986135252031205,0.29333261226418417
S,0.36972802522664566,0.512568306010929,0.036986135252031205,0.29333261226418417
S,0.36927974532431357,0.507103825136612,0.036986135252031205,0.29333261226418417
S,0.3700281237444757,0.5032786885245901,0.036986135252031205,0.29333261226418417
S,0.36997971602434077,0.49836065573770494,0.036986135252031205,0.29333261226418417
S,0.36993035641130684,0.4934426229508197,0.036986135252031205,0.29333261226418417
S,0.370707488622259,0.4896174863387978,0.036986135252031205,0.29333261226418417
S,0.3727538654408692,0.48743169398907105,0.036986135252031205,0.29333261226418417
S,0.3731532292106374,0.4830601092896175,0.036986135252031205,0.29333261226418417
S,0.37270788912579955,0.47759562841530057,0.036986135252031205,0.29333261226418417
S,0.37182249030590264,0.4715846994535519,0.036986135252031205,0.29333261226418417
S,0.37222464083587287,0.4672131147540984,0.036986135252031205,0.29333261226418417
S,0.37131544214694234,0.46120218579234973,0.036986135252031205,0.29333261226418417
S,0.3690529124055136,0.453551912568306,0.036986135252031205,0.29333261226418417
S,0.3680898876404494,0.44754098360655736,0.036986135252031205,0.29333261226418417
S,0.3671058609722853,0.44153005464480877,0.036986135252031205,0.29333261226418417
S,0.3679375287092329,0.4377049180327869,0.036986135252031205,0.29333261226418417
S,0.36553646075243845,0.43005464480874317,0.036986135252031205,0.29333261226418417
S,0.36496007515265383,0.4245901639344262,0.036986135252031205,0.29333261226418417
S,0.366270783847981,0.42131147540983604,0.036986135252031205,0.29333261226418417
S,0.3642479577126382,0.41420765027322404,0.036986135252031205,0.29333261226418417
S,0.3616917841516772,0.4065573770491803,0.036986135252031205,0.29333261226418417
S,0.35907525823905556,0.3989071038251366,0.036986135252031205,0.29333261226418417
S,0.3588850174216028,0.39398907103825137,0.036986135252031205,0.29333261226418417
S,0.3596977329974811,0.3901639344262295,0.036986135252031205,0.29333261226418417
S,0.3584905660377358,0.3841530054644809,0.036986135252031205,0.29333261226418417
S,0.3572534847702633,0.37814207650273224,0.036986135252031205,0.29333261226418417
S,0.35703084161003656,0.373224043715847,0.036986135252031205,0.29333261226418417
S,0.35892006352567496,0.3704918032786885,0.036986135252031205,0.29333261226418417
S,0.3581769436997319,0.3650273224043716,0.036986135252031205,0.29333261226418417
S,0.35361216730038025,0.3557377049180328,0.036986135252031205,0.29333261226418417
S,0.3538800220143093,0.3513661202185792,0.036986135252031205,0.29333261226418417
S,0.354712771890686,0.3475409836065574,0.036986135252031205,0.29333261226418417
S,0.35500282645562464,0.34316939890710385,0.036986135252031205,0.29333261226418417
S,0.3541547277936963,0.3377049180327869,0.036986135252031205,0.29333261226418417
S,0.3550261475886113,0.333879781420765,0.036986135252031205,0.29333261226418417
S,0.3553329404832057,0.3295081967213115,0.036986135252031205,0.29333261226418417
S,0.3526598924088464,0.3224043715846995,0.036986135252031205,0.29333261226418417
S,0.3493026076409945,0.31475409836065577,0.036986135252031205,0.29333261226418417
S,0.3464615384615385,0.3076502732240437,0.036986135252031205,0.29333261226418417
S,0.34415990006246094,0.3010928961748634,0.036986135252031205,0.29333261226418417
S,0.3417882054533925,0.29453551912568304,0.036986135252031205,0.29333261226418417
S,0.3406310367031552,0.2890710382513661,0.036986135252031205,0.29333261226418417
S,0.3381294964028777,0.2825136612021858,0.036986135252031205,0.29333261226418417
S,0.3388704318936877,0.2786885245901639,0.036986135252031205,0.29333261226418417
S,0.336934503713707,0.2726775956284153,0.036986135252031205,0.29333261226418417
S,0.3369938229238161,0.2683060109289617,0.036986135252031205,0.29333261226418417
S,0.3363572923935799,0.2633879781420765,0.036986135252031205,0.29333261226418417
S,0.3371185237757275,0.25956284153005466,0.036986135252031205,0.29333261226418417
S,0.33574007220216606,0.2540983606557377,0.036986135252031205,0.29333261226418417
S,0.33357825128581925,0.24808743169398906,0.036986135252031205,0.29333261226418417
S,0.33133881824981304,0.24207650273224043,0.036986135252031205,0.29333261226418417
S,0.3313023610053313,0.23770491803278687,0.036986135252031205,0.29333261226418417
S,0.3281613653995345,0.23114754098360657,0.036986135252031205,0.29333261226418417
S,0.32885375494071145,0.2273224043715847,0.036986135252031205,0.29333261226418417
S,0.3287671232876712,0.22295081967213115,0.036986135252031205,0.29333261226418417
S,0.32621199671322926,0.21693989071038253,0.036986135252031205,0.29333261226418417
S,0.32523051131601005,0.21202185792349726,0.036986135252031205,0.29333261226418417
S,0.32249786142001713,0.20601092896174864,0.036986135252031205,0.29333261226418417
S,0.3222707423580786,0.20163934426229507,0.036986135252031205,0.29333261226418417
S,0.320249776984835,0.19617486338797815,0.036986135252031205,0.29333261226418417
S,0.31722880583409296,0.1901639344262295,0.036986135252031205,0.29333261226418417
S,0.31593662628145386,0.18524590163934426,0.036986135252031205,0.29333261226418417
S,0.3145853193517636,0.18032786885245902,0.036986135252031205,0.29333261226418417
S,0.31121951219512195,0.17431693989071037,0.036986135252031205,0.29333261226418417
S,0.30569430569430567,0.16721311475409836,0.036986135252031205,0.29333261226418417
S,0.3060388945752303,0.1633879781420765,0.036986135252031205,0.29333261226418417
S,0.304302203567681,0.15846994535519127,0.036986135252031205,0.29333261226418417
S,0.29709364908503766,0.15081967213114755,0.036986135252031205,0.29333261226418417
S,0.2906077348066298,0.14371584699453552,0.036986135252031205,0.29333261226418417
S,0.2883087400681044,0.13879781420765028,0.036986135252031205,0.29333261226418417
S,0.28004667444574094,0.13114754098360656,0.036986135252031205,0.29333261226418417
S,0.2725090036014406,0.12404371584699453,0.036986135252031205,0.29333261226418417
S,0.26452410383189123,0.11693989071038251,0.036986135252031205,0.29333261226418417
S,0.2624203821656051,0.11256830601092896,0.036986135252031205,0.29333261226418417
S,0.25624178712220763,0.10655737704918032,0.036986135252031205,0.29333261226418417
S,0.2496607869742198,0.1005464480874317,0.036986135252031205,0.29333261226418417
S,0.25105189340813466,0.09781420765027322,0.036986135252031205,0.29333261226418417
S,0.251088534107402,0.09453551912568306,0.036986135252031205,0.29333261226418417
S,0.24812030075187969,0.09016393442622951,0.036986135252031205,0.29333261226418417
S,0.24492979719188768,0.08579234972677596,0.036986135252031205,0.29333261226418417
S,0.23987034035656402,0.08087431693989071,0.036986135252031205,0.29333261226418417
S,0.23608768971332209,0.07650273224043716,0.036986135252031205,0.29333261226418417
S,0.23550087873462214,0.073224043715847,0.036986135252031205,0.29333261226418417
S,0.23486238532110093,0.06994535519125683,0.036986135252031205,0.29333261226418417
S,0.23416506717850288,0.06666666666666667,0.036986135252031205,0.29333261226418417
S,0.22736418511066397,0.06174863387978142,0.036986135252031205,0.29333261226418417
S,0.21987315010570824,0.05683060109289618,0.036986135252031205,0.29333261226418417
S,0.21380846325167038,0.05245901639344262,0.036986135252031205,0.29333261226418417
S,0.2164705882352941,0.05027322404371585,0.036986135252031205,0.29333261226418417
S,0.20947630922693267,0.04590163934426229,0.036986135252031205,0.29333261226418417
S,0.20689655172413793,0.04262295081967213,0.036986135252031205,0.29333261226418417
S,0.20113314447592068,0.03879781420765027,0.036986135252031205,0.29333261226418417
S,0.2006079027355623,0.036065573770491806,0.036986135252031205,0.29333261226418417
S,0.1901639344262295,0.03169398907103825,0.036986135252031205,0.29333261226418417
S,0.18505338078291814,0.02841530054644809,0.036986135252031205,0.29333261226418417
S,0.17120622568093385,0.024043715846994537,0.036986135252031205,0.29333261226418417
S,0.18025751072961374,0.022950819672131147,0.036986135252031205,0.29333261226418417
S,0.1674641148325359,0.01912568306010929,0.036986135252031205,0.29333261226418417
S,0.16756756756756758,0.016939890710382512,0.036986135252031205,0.29333261226418417
S,0.16149068322981366,0.014207650273224045,0.036986135252031205,0.29333261226418417
S,0.145985401459854,0.01092896174863388,0.036986135252031205,0.29333261226418417
S,0.1415929203539823,0.008743169398907104,0.036986135252031205,0.29333261226418417
S,0.1348314606741573,0.006557377049180328,0.036986135252031205,0.29333261226418417
S,0.13846153846153847,0.004918032786885246,0.036986135252031205,0.29333261226418417
S,0.17073170731707318,0.003825136612021858,0.036986135252031205,0.29333261226418417
S,0.11764705882352941,0.001092896174863388,0.036986135252031205,0.29333261226418417
V,0.06481668620396944,1.0,0.06481668620396944,0.807343291946309
V,0.06484814170744531,1.0,0.06481668620396944,0.807343291946309
V,0.06487962775642322,1.0,0.06481668620396944,0.807343291946309
V,0.06491114439541756,1.0,0.06481668620396944,0.807343291946309
V,0.0649426916690292,1.0,0.06481668620396944,0.807343291946309
V,0.06497426962194579,1.0,0.06481668620396944,0.807343291946309
V,0.0650058782989419,1.0,0.06481668620396944,0.807343291946309
V,0.06503751774487933,1.0,0.06481668620396944,0.807343291946309
V,0.06506918800470722,1.0,0.06481668620396944,0.807343291946309
V,0.0651008891234623,1.0,0.06481668620396944,0.807343291946309
V,0.06513262114626914,1.0,0.06481668620396944,0.807343291946309
V,0.06516438411834032,1.0,0.06481668620396944,0.807343291946309
V,0.06519617808497662,1.0,0.06481668620396944,0.807343291946309
V,0.06522800309156734,1.0,0.06481668620396944,0.807343291946309
V,0.06525985918359041,1.0,0.06481668620396944,0.807343291946309
V,0.06529174640661264,1.0,0.06481668620396944,0.807343291946309
V,0.06532366480628997,1.0,0.06481668620396944,0.807343291946309
V,0.06535561442836764,1.0,0.06481668620396944,0.807343291946309
V,0.06538759531868042,1.0,0.06481668620396944,0.807343291946309
V,0.06541960752315287,1.0,0.06481668620396944,0.807343291946309
V,0.0654516510877995,1.0,0.06481668620396944,0.807343291946309
V,0.06548372605872504,1.0,0.06481668620396944,0.807343291946309
V,0.06551583248212461,1.0,0.06481668620396944,0.807343291946309
V,0.06554797040428402,1.0,0.06481668620396944,0.807343291946309
V,0.0655801398715799,1.0,0.06481668620396944,0.807343291946309
V,0.06561234093047998,1.0,0.06481668620396944,0.807343291946309
V,0.06564457362754329,1.0,0.06481668620396944,0.807343291946309
V,0.06567683800942044,1.0,0.06481668620396944,0.807343291946309
V,0.06570913412285374,1.0,0.06481668620396944,0.807343291946309
V,0.06574146201467755,1.0,0.06481668620396944,0.807343291946309
V,0.06577382173181837,1.0,0.06481668620396944,0.807343291946309
V,0.0658062133212952,1.0,0.06481668620396944,0.807343291946309
V,0.06583863683021966,1.0,0.06481668620396944,0.807343291946309
V,0.06587109230579632,1.0,0.06481668620396944,0.807343291946309
V,0.06590357979532284,1.0,0.06481668620396944,0.807343291946309
V,0.06593609934619023,1.0,0.06481668620396944,0.807343291946309
V,0.06596865100588307,1.0,0.06481668620396944,0.807343291946309
V,0.06600123482197984,1.0,0.06481668620396944,0.807343291946309
V,0.06603385084215295,1.0,0.06481668620396944,0.807343291946309
V,0.06606649911416917,1.0,0.06481668620396944,0.807343291946309
V,0.06609917968588977,1.0,0.06481668620396944,0.807343291946309
V,0.06613189260527076,1.0,0.06481668620396944,0.807343291946309
V,0.06616463792036312,1.0,0.06481668620396944,0.807343291946309
V,0.06619741567931305,1.0,0.06481668620396944,0.807343291946309
V,0.06623022593036224,1.0,0.06481668620396944,0.807343291946309
V,0.066263068721848,1.0,0.06481668620396944,0.807343291946309
V,0.06629594410220366,1.0,0.06481668620396944,0.807343291946309
V,0.06632885211995863,1.0,0.06481668620396944,0.807343291946309
V,0.06636179282373877,1.0,0.06481668620396944,0.807343291946309
V,0.06639476626226658,1.0,0.06481668620396944,0.807343291946309
V,0.06642777248436141,1.0,0.06481668620396944,0.807343291946309
V,0.06646081153893978,1.0,0.06481668620396944,0.807343291946309
V,0.06649388347501554,1.0,0.06481668620396944,0.807343291946309
V,0.0665269883417002,1.0,0.06481668620396944,0.807343291946309
V,0.06656012618820306,1.0,0.06481668620396944,0.807343291946309
V,0.06659329706383156,1.0,0.06481668620396944,0.807343291946309
V,0.06662650101799145,1.0,0.06481668620396944,0.807343291946309
V,0.06665973810018708,1.0,0.06481668620396944,0.807343291946309
V,0.06669300836002162,1.0,0.06481668620396944,0.807343291946309
V,0.06672631184719736,1.0,0.06481668620396944,0.807343291946309
V,0.06675964861151588,1.0,0.06481668620396944,0.807343291946309
V,0.06679301870287832,1.0,0.06481668620396944,0.807343291946309
V,0.06682642217128569,1.0,0.06481668620396944,0.807343291946309
V,0.06685985906683901,1.0,0.06481668620396944,0.807343291946309
V,0.06689332943973969,1.0,0.06481668620396944,0.807343291946309
V,0.06692683334028966,1.0,0.06481668620396944,0.807343291946309
V,0.06696037081889172,1.0,0.06481668620396944,0.807343291946309
V,0.06699394192604972,1.0,0.06481668620396944,0.807343291946309
V,0.06702754671236885,1.0,0.06481668620396944,0.807343291946309
V,0.06706118522855589,1.0,0.06481668620396944,0.807343291946309
V,0.06709485752541948,1.0,0.06481668620396944,0.807343291946309
V,0.06712856365387031,1.0,0.06481668620396944,0.807343291946309
V,0.06716230366492147,1.0,0.06481668620396944,0.807343291946309
V,0.06719607760968864,1.0,0.06481668620396944,0.807343291946309
V,0.06722988553939038,1.0,0.06481668620396944,0.807343291946309
V,0.06726372750534838,1.0,0.06481668620396944,0.807343291946309
V,0.0672976035589877,1.0,0.06481668620396944,0.807343291946309
V,0.06733151375183707,1.0,0.06481668620396944,0.807343291946309
V,0.06736545813552913,1.0,0.06481668620396944,0.807343291946309
V,0.06739943676180069,1.0,0.06481668620396944,0.807343291946309
V,0.06743344968249296,1.0,0.06481668620396944,0.807343291946309
V,0.0674674969495519,1.0,0.06481668620396944,0.807343291946309
V,0.06750157861502841,1.0,0.06481668620396944,0.807343291946309
V,0.06753569473107864,1.0,0.06481668620396944,0.807343291946309
V,0.06756984534996419,1.0,0.06481668620396944,0.807343291946309
V,0.06760403052405245,1.0,0.06481668620396944,0.807343291946309
V,0.06763825030581684,1.0,0.06481668620396944,0.807343291946309
V,0.06767250474783709,1.0,0.06481668620396944,0.807343291946309
V,0.06770679390279948,1.0,0.06481668620396944,0.807343291946309
V,0.06774111782349711,1.0,0.06481668620396944,0.807343291946309
V,0.06777547656283021,1.0,0.06481668620396944,0.807343291946309
V,0.06780987017380641,1.0,0.06481668620396944,0.807343291946309
V,0.06784429870954094,1.0,0.06481668620396944,0.807343291946309
V,0.06787876222325699,1.0,0.06481668620396944,0.807343291946309
V,0.06791326076828597,1.0,0.06481668620396944,0.807343291946309
V,0.06794779439806771,1.0,0.06481668620396944,0.807343291946309
V,0.06798236316615085,1.0,0.06481668620396944,0.807343291946309
V,0.068016967126193,1.0,0.06481668620396944,0.807343291946309
V,0.06805160633196113,1.0,0.06481668620396944,0.807343291946309
V,0.06808628083733174,1.0,0.06481668620396944,0.807343291946309
V,0.06812099069629127,1.0,0.06481668620396944,0.807343291946309
V,0.0681557359629362,1.0,0.06481668620396944,0.807343291946309
V,0.06819051669147352,1.0,0.06481668620396944,0.807343291946309
V,0.0682253329362209,1.0,0.06481668620396944,0.807343291946309
V,0.068260184751607,1.0,0.06481668620396944,0.807343291946309
V,0.06829507219217172,1.0,0.06481668620396944,0.807343291946309
V,0.06832999531256659,1.0,0.06481668620396944,0.807343291946309
V,0.06836495416755489,1.0,0.06481668620396944,0.807343291946309
V,0.06839994881201211,1.0,0.06481668620396944,0.807343291946309
V,0.06843497930092612,1.0,0.06481668620396944,0.807343291946309
V,0.0684700456893975,1.0,0.06481668620396944,0.807343291946309
V,0.06850514803263981,1.0,0.06481668620396944,0.807343291946309
V,0.0685402863859799,1.0,0.06481668620396944,0.807343291946309
V,0.06857546080485823,1.0,0.06481668620396944,0.807343291946309
V,0.06861067134482907,1.0,0.06481668620396944,0.807343291946309
V,0.06864591806156085,1.0,0.06481668620396944,0.807343291946309
V,0.06868120101083651,1.0,0.06481668620396944,0.807343291946309
V,0.06871652024855368,1.0,0.06481668620396944,0.807343291946309
V,0.06875187583072503,1.0,0.06481668620396944,0.807343291946309
V,0.06878726781347862,1.0,0.06481668620396944,0.807343291946309
V,0.06882269625305808,1.0,0.06481668620396944,0.807343291946309
V,0.06885816120582298,1.0,0.06481668620396944,0.807343291946309
V,0.06889366272824919,1.0,0.06481668620396944,0.807343291946309
V,0.06892920087692903,1.0,0.06481668620396944,0.807343291946309
V,0.06896477570857168,1.0,0.06481668620396944,0.807343291946309
V,0.06900038728000345,1.0,0.06481668620396944,0.807343291946309
V,0.06903603564816808,1.0,0.06481668620396944,0.807343291946309
V,0.06907172087012707,1.0,0.06481668620396944,0.807343291946309
V,0.06910744300305995,1.0,0.06481668620396944,0.807343291946309
V,0.06914320210426458,1.0,0.06481668620396944,0.807343291946309
V,0.06917899823115752,1.0,0.06481668620396944,0.807343291946309
V,0.06921483144127423,1.0,0.06481668620396944,0.807343291946309
V,0.06925070179226948,1.0,0.06481668620396944,0.807343291946309
V,0.06928660934191765,1.0,0.06481668620396944,0.807343291946309
V,0.06932255414811292,1.0,0.06481668620396944,0.807343291946309
V,0.06935853626886976,1.0,0.06481668620396944,0.807343291946309
V,0.0693945557623231,1.0,0.06481668620396944,0.807343291946309
V,0.06943061268672873,1.0,0.06481668620396944,0.807343291946309
V,0.06946670710046354,1.0,0.06481668620396944,0.807343291946309
V,0.06950283906202592,1.0,0.06481668620396944,0.807343291946309
V,0.069539008630036,1.0,0.06481668620396944,0.807343291946309
V,0.06957521586323599,1.0,0.06481668620396944,0.807343291946309
V,0.06961146082049056,1.0,0.06481668620396944,0.807343291946309
V,0.06964774356078704,1.0,0.06481668620396944,0.807343291946309
V,0.06968406414323584,1.0,0.06481668620396944,0.807343291946309
V,0.06972042262707075,1.0,0.06481668620396944,0.807343291946309
V,0.0697568190716492,1.0,0.06481668620396944,0.807343291946309
V,0.06979325353645266,1.0,0.06481668620396944,0.807343291946309
V,0.06982972608108697,1.0,0.06481668620396944,0.807343291946309
V,0.06986623676528256,1.0,0.06481668620396944,0.807343291946309
V,0.06990278564889489,1.0,0.06481668620396944,0.807343291946309
V,0.06993937279190474,1.0,0.06481668620396944,0.807343291946309
V,0.0699759982544185,1.0,0.06481668620396944,0.807343291946309
V,0.07001266209666857,1.0,0.06481668620396944,0.807343291946309
V,0.07004936437901359,1.0,0.06481668620396944,0.807343291946309
V,0.0700861051619389,1.0,0.06481668620396944,0.807343291946309
V,0.07012288450605676,1.0,0.06481668620396944,0.807343291946309
V,0.07015970247210676,1.0,0.06481668620396944,0.807343291946309
V,0.0701965591209561,1.0,0.06481668620396944,0.807343291946309
V,0.07023345451359993,1.0,0.06481668620396944,0.807343291946309
V,0.07027038871116176,1.0,0.06481668620396944,0.807343291946309
V,0.07030736177489368,1.0,0.06481668620396944,0.807343291946309
V,0.07034437376617679,1.0,0.06481668620396944,0.807343291946309
V,0.07038142474652152,1.0,0.06481668620396944,0.807343291946309
V,0.07041851477756796,1.0,0.06481668620396944,0.807343291946309
V,0.07045564392108616,1.0,0.06481668620396944,0.807343291946309
V,0.07049281223897656,1.0,0.06481668620396944,0.807343291946309
V,0.07053001979327028,1.0,0.06481668620396944,0.807343291946309
V,0.07056726664612947,1.0,0.06481668620396944,0.807343291946309
V,0.07060455285984765,1.0,0.06481668620396944,0.807343291946309
V,0.07064187849685008,1.0,0.06481668620396944,0.807343291946309
V,0.0706792436196941,1.0,0.06481668620396944,0.807343291946309
V,0.07071664829106945,1.0,0.06481668620396944,0.807343291946309
V,0.07075409257379871,1.0,0.06481668620396944,0.807343291946309
V,0.0707915765308375,1.0,0.06481668620396944,0.807343291946309
V,0.07082910022527497,1.0,0.06481668620396944,0.807343291946309
V,0.07086666372033411,1.0,0.06481668620396944,0.807343291946309
V,0.0709042670793721,1.0,0.06481668620396944,0.807343291946309
V,0.07094191036588064,1.0,0.06481668620396944,0.807343291946309
V,0.07097959364348634,1.0,0.06481668620396944,0.807343291946309
V,0.07101731697595111,1.0,0.06481668620396944,0.807343291946309
V,0.07105508042717242,1.0,0.06481668620396944,0.807343291946309
V,0.07109288406118378,1.0,0.06481668620396944,0.807343291946309
V,0.071130727942155,1.0,0.06481668620396944,0.807343291946309
V,0.07116861213439261,1.0,0.06481668620396944,0.807343291946309
V,0.07120653670234024,1.0,0.06481668620396944,0.807343291946309
V,0.07124450171057893,1.0,0.06481668620396944,0.807343291946309
V,0.07128250722382752,1.0,0.06481668620396944,0.807343291946309
V,0.07132055330694302,1.0,0.06481668620396944,0.807343291946309
V,0.07135864002492101,1.0,0.06481668620396944,0.807343291946309
V,0.07139676744289594,1.0,0.06481668620396944,0.807343291946309
V,0.07143493562614157,1.0,0.06481668620396944,0.807343291946309
V,0.07147314464007132,1.0,0.06481668620396944,0.807343291946309
V,0.0715113945502386,1.0,0.06481668620396944,0.807343291946309
V,0.07154968542233725,1.0,0.06481668620396944,0.807343291946309
V,0.07158801732220188,1.0,0.06481668620396944,0.807343291946309
V,0.07162639031580828,1.0,0.06481668620396944,0.807343291946309
V,0.07166480446927374,1.0,0.06481668620396944,0.807343291946309
V,0.07170325984885749,1.0,0.06481668620396944,0.807343291946309
V,0.07174175652096103,1.0,0.06481668620396944,0.807343291946309
V,0.07178029455212856,1.0,0.06481668620396944,0.807343291946309
V,0.07181887400904734,1.0,0.06481668620396944,0.807343291946309
V,0.07185749495854807,1.0,0.06481668620396944,0.807343291946309
V,0.07189615746760525,1.0,0.06481668620396944,0.807343291946309
V,0.07193486160333767,1.0,0.06481668620396944,0.807343291946309
V,0.07197360743300867,1.0,0.06481668620396944,0.807343291946309
V,0.0720123950240266,1.0,0.06481668620396944,0.807343291946309
V,0.07205122444394518,1.0,0.06481668620396944,0.807343291946309
V,0.07209009576046396,1.0,0.06481668620396944,0.807343291946309
V,0.07212900904142863,1.0,0.06481668620396944,0.807343291946309
V,0.07216796435483146,1.0,0.06481668620396944,0.807343291946309
V,0.07220696176881164,1.0,0.06481668620396944,0.807343291946309
V,0.07224600135165578,1.0,0.06481668620396944,0.807343291946309
V,0.07228508317179823,1.0,0.06481668620396944,0.807343291946309
V,0.07232420729782148,1.0,0.06481668620396944,0.807343291946309
V,0.07236337379845661,1.0,0.06481668620396944,0.807343291946309
V,0.07240258274258364,1.0,0.06481668620396944,0.807343291946309
V,0.07244183419923199,1.0,0.06481668620396944,0.807343291946309
V,0.0724811282375808,1.0,0.06481668620396944,0.807343291946309
V,0.07252046492695943,1.0,0.06481668620396944,0.807343291946309
V,0.07256148607371542,1.0,0.06481668620396944,0.807343291946309
V,0.07260091005818034,1.0,0.06481668620396944,0.807343291946309
V,0.07264037690547917,1.0,0.06481668620396944,0.807343291946309
V,0.0726798866855524,1.0,0.06481668620396944,0.807343291946309
V,0.07271943946849278,1.0,0.06481668620396944,0.807343291946309
V,0.07275903532454568,1.0,0.06481668620396944,0.807343291946309
V,0.0727986743241096,1.0,0.06481668620396944,0.807343291946309
V,0.07283835653773649,1.0,0.06481668620396944,0.807343291946309
V,0.07287808203613226,1.0,0.06481668620396944,0.807343291946309
V,0.07291785089015711,1.0,0.06481668620396944,0.807343291946309
V,0.07295766317082604,1.0,0.06481668620396944,0.807343291946309
V,0.07299751894930917,1.0,0.06481668620396944,0.807343291946309
V,0.07303741829693229,1.0,0.06481668620396944,0.807343291946309
V,0.07307736128517717,1.0,0.06481668620396944,0.807343291946309
V,0.07311734798568204,1.0,0.06481668620396944,0.807343291946309
V,0.07315737847024203,1.0,0.06481668620396944,0.807343291946309
V,0.07319745281080958,1.0,0.06481668620396944,0.807343291946309
V,0.07323757107949486,1.0,0.06481668620396944,0.807343291946309
V,0.0732777333485662,1.0,0.06481668620396944,0.807343291946309
V,0.07331793969045061,1.0,0.06481668620396944,0.807343291946309
V,0.07335819017773407,1.0,0.06481668620396944,0.807343291946309
V,0.07339848488316206,1.0,0.06481668620396944,0.807343291946309
V,0.07343882387964001,1.0,0.06481668620396944,0.807343291946309
V,0.0734792072402337,1.0,0.06481668620396944,0.807343291946309
V,0.07351963503816969,1.0,0.06481668620396944,0.807343291946309
V,0.0735601073468358,1.0,0.06481668620396944,0.807343291946309
V,0.07360062423978152,1.0,0.06481668620396944,0.807343291946309
V,0.0736411857907185,1.0,0.06481668620396944,0.807343291946309
V,0.07368179207352096,1.0,0.06481668620396944,0.807343291946309
V,0.07372244316222616,1.0,0.06481668620396944,0.807343291946309
V,0.0737631391310348,1.0,0.06481668620396944,0.807343291946309
V,0.07380388005431156,1.0,0.06481668620396944,0.807343291946309
V,0.07384466600658546,1.0,0.06481668620396944,0.807343291946309
V,0.0738854970625504,1.0,0.06481668620396944,0.807343291946309
V,0.07392637329706554,1.0,0.06481668620396944,0.807343291946309
V,0.0739672947851558,1.0,0.06481668620396944,0.807343291946309
V,0.07400826160201232,1.0,0.06481668620396944,0.807343291946309
V,0.07404927382299291,1.0,0.06481668620396944,0.807343291946309
V,0.0740903315236225,1.0,0.06481668620396944,0.807343291946309
V,0.07413143477959364,1.0,0.06481668620396944,0.807343291946309
V,0.07417258366676689,1.0,0.06481668620396944,0.807343291946309
V,0.07421377826117141,1.0,0.06481668620396944,0.807343291946309
V,0.0742550186390053,1.0,0.06481668620396944,0.807343291946309
V,0.07429630487663616,1.0,0.06481668620396944,0.807343291946309
V,0.07433763705060152,1.0,0.06481668620396944,0.807343291946309
V,0.0743790152376093,1.0,0.06481668620396944,0.807343291946309
V,0.07442043951453832,1.0,0.06481668620396944,0.807343291946309
V,0.07446190995843878,1.0,0.06481668620396944,0.807343291946309
V,0.0745034266465327,1.0,0.06481668620396944,0.807343291946309
V,0.07454498965621441,1.0,0.06481668620396944,0.807343291946309
V,0.07458659906505105,1.0,0.06481668620396944,0.807343291946309
V,0.07462825495078305,1.0,0.06481668620396944,0.807343291946309
V,0.07466995739132459,1.0,0.06481668620396944,0.807343291946309
V,0.07471170646476412,1.0,0.06481668620396944,0.807343291946309
V,0.07475350224936482,1.0,0.06481668620396944,0.807343291946309
V,0.07479534482356508,1.0,0.06481668620396944,0.807343291946309
V,0.07483723426597905,1.0,0.06481668620396944,0.807343291946309
V,0.07487917065539705,1.0,0.06481668620396944,0.807343291946309
V,0.07492115407078612,1.0,0.06481668620396944,0.807343291946309
V,0.07496318459129053,1.0,0.06481668620396944,0.807343291946309
V,0.0750052622962322,1.0,0.06481668620396944,0.807343291946309
V,0.07504738726511127,1.0,0.06481668620396944,0.807343291946309
V,0.07508955957760659,1.0,0.06481668620396944,0.807343291946309
V,0.0751317793135762,1.0,0.06481668620396944,0.807343291946309
V,0.07517404655305783,1.0,0.06481668620396944,0.807343291946309
V,0.07521636137626944,1.0,0.06481668620396944,0.807343291946309
V,0.0752587238636097,1.0,0.06481668620396944,0.807343291946309
V,0.0753011340956585,1.0,0.06481668620396944,0.807343291946309
V,0.0753435921531775,1.0,0.06481668620396944,0.807343291946309
V,0.07536259138243107,0.9996881821016527,0.06481668620396944,0.807343291946309
V,0.07540513206482113,0.9996881821016527,0.06481668620396944,0.807343291946309
V,0.07544772080107312,0.9996881821016527,0.06481668620396944,0.807343291946309
V,0.07549035767265534,0.9996881821016527,0.06481668620396944,0.807343291946309
V,0.0755330427612204,0.9996881821016527,0.06481668620396944,0.807343291946309
V,0.07557577614860564,0.9996881821016527,0.06481668620396944,0.807343291946309
V,0.07561855791683374,0.9996881821016527,0.06481668620396944,0.807343291946309
V,0.07566138814811318,0.9996881821016527,0.06481668620396944,0.807343291946309
V,0.07570426692483884,0.9996881821016527,0.06481668620396944,0.807343291946309
V,0.07574719432959244,0.9996881821016527,0.06481668620396944,0.807343291946309
V,0.07579017044514313,0.9996881821016527,0.06481668620396944,0.807343291946309
V,0.07583319535444805,0.9996881821016527,0.06481668620396944,0.807343291946309
V,0.07587626914065274,0.9996881821016527,0.06481668620396944,0.807343291946309
V,0.0759193918870918,0.9996881821016527,0.06481668620396944,0.807343291946309
V,0.07596256367728942,0.9996881821016527,0.06481668620396944,0.807343291946309
V,0.07600578459495981,0.9996881821016527,0.06481668620396944,0.807343291946309
V,0.07604905472400787,0.9996881821016527,0.06481668620396944,0.807343291946309
V,0.07606863978354259,0.9993763642033052,0.06481668620396944,0.807343291946309
V,0.07611199506043839,0.9993763642033052,0.06481668620396944,0.807343291946309
V,0.07615539978614708,0.9993763642033052,0.06481668620396944,0.807343291946309
V,0.07617507905185326,0.9990645463049579,0.06481668620396944,0.807343291946309
V,0.07621856935556771,0.9990645463049579,0.06481668620396944,0.807343291946309
V,0.07626210934710685,0.9990645463049579,0.06481668620396944,0.807343291946309
V,0.0763056991116721,0.9990645463049579,0.06481668620396944,0.807343291946309
V,0.07634933873465984,0.9990645463049579,0.06481668620396944,0.807343291946309
V,0.07639302830166186,0.9990645463049579,0.06481668620396944,0.807343291946309
V,0.07643676789846601,0.9990645463049579,0.06481668620396944,0.807343291946309
V,0.07648055761105674,0.9990645463049579,0.06481668620396944,0.807343291946309
V,0.07652439752561561,0.9990645463049579,0.06481668620396944,0.807343291946309
V,0.07656828772852192,0.9990645463049579,0.06481668620396944,0.807343291946309
V,0.07661222830635327,0.9990645463049579,0.06481668620396944,0.807343291946309
V,0.07665621934588607,0.9990645463049579,0.06481668620396944,0.807343291946309
V,0.07670026093409618,0.9990645463049579,0.06481668620396944,0.807343291946309
V,0.07674435315815947,0.9990645463049579,0.06481668620396944,0.807343291946309
V,0.07678849610545237,0.9990645463049579,0.06481668620396944,0.807343291946309
V,0.07683268986355243,0.9990645463049579,0.06481668620396944,0.807343291946309
V,0.07687693452023898,0.9990645463049579,0.06481668620396944,0.807343291946309
V,0.07692123016349363,0.9990645463049579,0.06481668620396944,0.807343291946309
V,0.07696557688150088,0.9990645463049579,0.06481668620396944,0.807343291946309
V,0.07700997476264872,0.9990645463049579,0.06481668620396944,0.807343291946309
V,0.0770544238955292,0.9990645463049579,0.06481668620396944,0.807343291946309
V,0.07709892436893905,0.9990645463049579,0.06481668620396944,0.807343291946309
V,0.07714347627188019,0.9990645463049579,0.06481668620396944,0.807343291946309
V,0.07718807969356044,0.9990645463049579,0.06481668620396944,0.807343291946309
V,0.077232734723394,0.9990645463049579,0.06481668620396944,0.807343291946309
V,0.07727744145100214,0.9990645463049579,0.06481668620396944,0.807343291946309
V,0.07732219996621377,0.9990645463049579,0.06481668620396944,0.807343291946309
V,0.077367010359066,0.9990645463049579,0.06481668620396944,0.807343291946309
V,0.07741187271980478,0.9990645463049579,0.06481668620396944,0.807343291946309
V,0.07745678713888553,0.9990645463049579,0.06481668620396944,0.807343291946309
V,0.07750175370697371,0.9990645463049579,0.06481668620396944,0.807343291946309
V,0.07754677251494542,0.9990645463049579,0.06481668620396944,0.807343291946309
V,0.07759184365388806,0.9990645463049579,0.06481668620396944,0.807343291946309
V,0.07763696721510092,0.9990645463049579,0.06481668620396944,0.807343291946309
V,0.07768214329009578,0.9990645463049579,0.06481668620396944,0.807343291946309
V,0.07772737197059751,0.9990645463049579,0.06481668620396944,0.807343291946309
V,0.0777726533485448,0.9990645463049579,0.06481668620396944,0.807343291946309
V,0.07781798751609065,0.9990645463049579,0.06481668620396944,0.807343291946309
V,0.07786337456560305,0.9990645463049579,0.06481668620396944,0.807343291946309
V,0.07790881458966566,0.9990645463049579,0.06481668620396944,0.807343291946309
V,0.07795430768107832,0.9990645463049579,0.06481668620396944,0.807343291946309
V,0.0779998539328578,0.9990645463049579,0.06481668620396944,0.807343291946309
V,0.07804545343823838,0.9990645463049579,0.06481668620396944,0.807343291946309
V,0.07806673328621219,0.9987527284066106,0.06481668620396944,0.807343291946309
V,0.0781124253139861,0.9987527284066106,0.06481668620396944,0.807343291946309
V,0.07815817085966667,0.9987527284066106,0.06481668620396944,0.807343291946309
V,0.07820397001733526,0.9987527284066106,0.06481668620396944,0.807343291946309
V,0.07824982288129383,0.9987527284066106,0.06481668620396944,0.807343291946309
V,0.07829572954606566,0.9987527284066106,0.06481668620396944,0.807343291946309
V,0.078341690106396,0.9987527284066106,0.06481668620396944,0.807343291946309
V,0.07838770465725264,0.9987527284066106,0.06481668620396944,0.807343291946309
V,0.07843377329382668,0.9987527284066106,0.06481668620396944,0.807343291946309
V,0.0784798961115331,0.9987527284066106,0.06481668620396944,0.807343291946309
V,0.07852607320601142,0.9987527284066106,0.06481668620396944,0.807343291946309
V,0.07857230467312645,0.9987527284066106,0.06481668620396944,0.807343291946309
V,0.07861859060896885,0.9987527284066106,0.06481668620396944,0.807343291946309
V,0.07866493110985584,0.9987527284066106,0.06481668620396944,0.807343291946309
V,0.07871132627233185,0.9987527284066106,0.06481668620396944,0.807343291946309
V,0.07875777619316925,0.9987527284066106,0.06481668620396944,0.807343291946309
V,0.07880428096936892,0.9987527284066106,0.06481668620396944,0.807343291946309
V,0.07885084069816105,0.9987527284066106,0.06481668620396944,0.807343291946309
V,0.07889745547700569,0.9987527284066106,0.06481668620396944,0.807343291946309
V,0.07894412540359352,0.9987527284066106,0.06481668620396944,0.807343291946309
V,0.07899085057584651,0.9987527284066106,0.06481668620396944,0.807343291946309
V,0.07903958148257823,0.9987527284066106,0.06481668620396944,0.807343291946309
V,0.07908641975308642,0.9987527284066106,0.06481668620396944,0.807343291946309
V,0.07913331356853444,0.9987527284066106,0.06481668620396944,0.807343291946309
V,0.07918026302778602,0.9987527284066106,0.06481668620396944,0.807343291946309
V,0.07922726822993964,0.9987527284066106,0.06481668620396944,0.807343291946309
V,0.07927432927432927,0.9987527284066106,0.06481668620396944,0.807343291946309
V,0.07932144626052501,0.9987527284066106,0.06481668620396944,0.807343291946309
V,0.07936861928833383,0.9987527284066106,0.06481668620396944,0.807343291946309
V,0.07941584845780025,0.9987527284066106,0.06481668620396944,0.807343291946309
V,0.0794631338692071,0.9987527284066106,0.06481668620396944,0.807343291946309
V,0.07951047562307616,0.9987527284066106,0.06481668620396944,0.807343291946309
V,0.0795578738201689,0.9987527284066106,0.06481668620396944,0.807343291946309
V,0.07960532856148722,0.9987527284066106,0.06481668620396944,0.807343291946309
V,0.07965283994827414,0.9987527284066106,0.06481668620396944,0.807343291946309
V,0.07970040808201453,0.9987527284066106,0.06481668620396944,0.807343291946309
V,0.0797231351459018,0.9984409105082632,0.06481668620396944,0.807343291946309
V,0.07977080219232685,0.9984409105082632,0.06481668620396944,0.807343291946309
V,0.07981852627380596,0.9984409105082632,0.06481668620396944,0.807343291946309
V,0.07986630749276663,0.9984409105082632,0.06481668620396944,0.807343291946309
V,0.0799141459518818,0.9984409105082632,0.06481668620396944,0.807343291946309
V,0.07996204175407053,0.9984409105082632,0.06481668620396944,0.807343291946309
V,0.08000999500249875,0.9984409105082632,0.06481668620396944,0.807343291946309
V,0.08005800580058006,0.9984409105082632,0.06481668620396944,0.807343291946309
V,0.08010607425197638,0.9984409105082632,0.06481668620396944,0.807343291946309
V,0.08015420046059878,0.9984409105082632,0.06481668620396944,0.807343291946309
V,0.0802043934574055,0.9984409105082632,0.06481668620396944,0.807343291946309
V,0.08025263791072458,0.9984409105082632,0.06481668620396944,0.807343291946309
V,0.08030094043887147,0.9984409105082632,0.06481668620396944,0.807343291946309
V,0.08034930114677172,0.9984409105082632,0.06481668620396944,0.807343291946309
V,0.08039772013960379,0.9984409105082632,0.06481668620396944,0.807343291946309
V,0.08044619752279979,0.9984409105082632,0.06481668620396944,0.807343291946309
V,0.08049473340204631,0.9984409105082632,0.06481668620396944,0.807343291946309
V,0.08054332788328512,0.9984409105082632,0.06481668620396944,0.807343291946309
V,0.08059198107271401,0.9984409105082632,0.06481668620396944,0.807343291946309
V,0.08064069307678746,0.9984409105082632,0.06481668620396944,0.807343291946309
V,0.08068946400221758,0.9984409105082632,0.06481668620396944,0.807343291946309
V,0.08073829395597469,0.9984409105082632,0.06481668620396944,0.807343291946309
V,0.08078718304528826,0.9984409105082632,0.06481668620396944,0.807343291946309
V,0.08083613137764763,0.9984409105082632,0.06481668620396944,0.807343291946309
V,0.08085987824285751,0.9981290926099158,0.06481668620396944,0.807343291946309
V,0.0809089300609155,0.9981290926099158,0.06481668620396944,0.807343291946309
V,0.08095804142745137,0.9981290926099158,0.06481668620396944,0.807343291946309
V,0.08100721245096798,0.9981290926099158,0.06481668620396944,0.807343291946309
V,0.08105644324023195,0.9981290926099158,0.06481668620396944,0.807343291946309
V,0.08110573390427446,0.9981290926099158,0.06481668620396944,0.807343291946309
V,0.08115508455239206,0.9981290926099158,0.06481668620396944,0.807343291946309
V,0.08120449529414749,0.9981290926099158,0.06481668620396944,0.807343291946309
V,0.08125396623937048,0.9981290926099158,0.06481668620396944,0.807343291946309
V,0.08130349749815854,0.9981290926099158,0.06481668620396944,0.807343291946309
V,0.08135308918087783,0.9981290926099158,0.06481668620396944,0.807343291946309
V,0.08140274139816392,0.9981290926099158,0.06481668620396944,0.807343291946309
V,0.08145245426092267,0.9981290926099158,0.06481668620396944,0.807343291946309
V,0.081502227880331,0.9981290926099158,0.06481668620396944,0.807343291946309
V,0.08155206236783777,0.9981290926099158,0.06481668620396944,0.807343291946309
V,0.08160195783516455,0.9981290926099158,0.06481668620396944,0.807343291946309
V,0.08165191439430655,0.9981290926099158,0.06481668620396944,0.807343291946309
V,0.08170193215753337,0.9981290926099158,0.06481668620396944,0.807343291946309
V,0.08175201123738986,0.9981290926099158,0.06481668620396944,0.807343291946309
V,0.08180215174669699,0.9981290926099158,0.06481668620396944,0.807343291946309
V,0.08185235379855269,0.9981290926099158,0.06481668620396944,0.807343291946309
V,0.08190261750633268,0.9981290926099158,0.06481668620396944,0.807343291946309
V,0.08195294298369134,0.9981290926099158,0.06481668620396944,0.807343291946309
V,0.08200333034456257,0.9981290926099158,0.06481668620396944,0.807343291946309
V,0.08205377970316065,0.9981290926099158,0.06481668620396944,0.807343291946309
V,0.08210429117398108,0.9981290926099158,0.06481668620396944,0.807343291946309
V,0.08215697346132128,0.9981290926099158,0.06481668620396944,0.807343291946309
V,0.08220761210128923,0.9981290926099158,0.06481668620396944,0.807343291946309
V,0.08225831320347433,0.9981290926099158,0.06481668620396944,0.807343291946309
V,0.08230907688351762,0.9981290926099158,0.06481668620396944,0.807343291946309
V,0.08235990325734575,0.9981290926099158,0.06481668620396944,0.807343291946309
V,0.08241079244117193,0.9981290926099158,0.06481668620396944,0.807343291946309
V,0.08246174455149673,0.9981290926099158,0.06481668620396944,0.807343291946309
V,0.08251275970510903,0.9981290926099158,0.06481668620396944,0.807343291946309
V,0.08256383801908693,0.9981290926099158,0.06481668620396944,0.807343291946309
V,0.08258917049501883,0.9978172747115684,0.06481668620396944,0.807343291946309
V,0.08264035948556377,0.9978172747115684,0.06481668620396944,0.807343291946309
V,0.08269161196961083,0.9978172747115684,0.06481668620396944,0.807343291946309
V,0.08274292806536691,0.9978172747115684,0.06481668620396944,0.807343291946309
V,0.08279430789133248,0.9978172747115684,0.06481668620396944,0.807343291946309
V,0.08284575156630249,0.9978172747115684,0.06481668620396944,0.807343291946309
V,0.08289725920936739,0.9978172747115684,0.06481668620396944,0.807343291946309
V,0.08294883093991394,0.9978172747115684,0.06481668620396944,0.807343291946309
V,0.08300046687762619,0.9978172747115684,0.06481668620396944,0.807343291946309
V,0.08305216714248638,0.9978172747115684,0.06481668620396944,0.807343291946309
V,0.08310393185477588,0.9978172747115684,0.06481668620396944,0.807343291946309
V,0.08315576113507614,0.9978172747115684,0.06481668620396944,0.807343291946309
V,0.0832076551042696,0.9978172747115684,0.06481668620396944,0.807343291946309
V,0.08325961388354061,0.9978172747115684,0.06481668620396944,0.807343291946309
V,0.08331163759437646,0.9978172747115684,0.06481668620396944,0.807343291946309
V,0.08336372635856823,0.9978172747115684,0.06481668620396944,0.807343291946309
V,0.08341588029821177,0.9978172747115684,0.06481668620396944,0.807343291946309
V,0.08346809953570869,0.9978172747115684,0.06481668620396944,0.807343291946309
V,0.0835203841937673,0.9978172747115684,0.06481668620396944,0.807343291946309
V,0.0835727343954035,0.9978172747115684,0.06481668620396944,0.807343291946309
V,0.08362515026394188,0.9978172747115684,0.06481668620396944,0.807343291946309
V,0.08367763192301658,0.9978172747115684,0.06481668620396944,0.807343291946309
V,0.08370401381547962,0.9975054568132211,0.06481668620396944,0.807343291946309
V,0.08375661098601875,0.9975054568132211,0.06481668620396944,0.807343291946309
V,0.08380927429918784,0.9975054568132211,0.06481668620396944,0.807343291946309
V,0.08386200387983013,0.9975054568132211,0.06481668620396944,0.807343291946309
V,0.0839147998531032,0.9975054568132211,0.06481668620396944,0.807343291946309
V,0.08396766234448003,0.9975054568132211,0.06481668620396944,0.807343291946309
V,0.08402059147974995,0.9975054568132211,0.06481668620396944,0.807343291946309
V,0.08407358738501972,0.9975054568132211,0.06481668620396944,0.807343291946309
V,0.08412665018671435,0.9975054568132211,0.06481668620396944,0.807343291946309
V,0.08417978001157833,0.9975054568132211,0.06481668620396944,0.807343291946309
V,0.08423297698667649,0.9975054568132211,0.06481668620396944,0.807343291946309
V,0.08428624123939506,0.9975054568132211,0.06481668620396944,0.807343291946309
V,0.08433957289744266,0.9975054568132211,0.06481668620396944,0.807343291946309
V,0.08439297208885137,0.9975054568132211,0.06481668620396944,0.807343291946309
V,0.08444643894197772,0.9975054568132211,0.06481668620396944,0.807343291946309
V,0.08449997358550372,0.9975054568132211,0.06481668620396944,0.807343291946309
V,0.0845535761484379,0.9975054568132211,0.06481668620396944,0.807343291946309
V,0.08460724676011637,0.9975054568132211,0.06481668620396944,0.807343291946309
V,0.08466098555020378,0.9975054568132211,0.06481668620396944,0.807343291946309
V,0.08471479264869446,0.9975054568132211,0.06481668620396944,0.807343291946309
V,0.0847686681859134,0.9975054568132211,0.06481668620396944,0.807343291946309
V,0.08482261229251736,0.9975054568132211,0.06481668620396944,0.807343291946309
V,0.08487662509949588,0.9975054568132211,0.06481668620396944,0.807343291946309
V,0.08493070673817235,0.9975054568132211,0.06481668620396944,0.807343291946309
V,0.08498485734020508,0.9975054568132211,0.06481668620396944,0.807343291946309
V,0.0850390770375884,0.9975054568132211,0.06481668620396944,0.807343291946309
V,0.08509336596265361,0.9975054568132211,0.06481668620396944,0.807343291946309
V,0.08514772424807027,0.9975054568132211,0.06481668620396944,0.807343291946309
V,0.08520215202684707,0.9975054568132211,0.06481668620396944,0.807343291946309
V,0.08525664943233303,0.9975054568132211,0.06481668620396944,0.807343291946309
V,0.08531121659821857,0.9975054568132211,0.06481668620396944,0.807343291946309
V,0.08536585365853659,0.9975054568132211,0.06481668620396944,0.807343291946309
V,0.08542056074766355,0.9975054568132211,0.06481668620396944,0.807343291946309
V,0.08547533800032063,0.9975054568132211,0.06481668620396944,0.807343291946309
V,0.08553018555157478,0.9975054568132211,0.06481668620396944,0.807343291946309
V,0.08558510353683985,0.9975054568132211,0.06481668620396944,0.807343291946309
V,0.08564009209187771,0.9975054568132211,0.06481668620396944,0.807343291946309
V,0.08569515135279936,0.9975054568132211,0.06481668620396944,0.807343291946309
V,0.08575028145606604,0.9975054568132211,0.06481668620396944,0.807343291946309
V,0.08580548253849042,0.9975054568132211,0.06481668620396944,0.807343291946309
V,0.08586075473723764,0.9975054568132211,0.06481668620396944,0.807343291946309
V,0.0859160981898265,0.9975054568132211,0.06481668620396944,0.807343291946309
V,0.08597151303413061,0.9975054568132211,0.06481668620396944,0.807343291946309
V,0.0860269994083795,0.9975054568132211,0.06481668620396944,0.807343291946309
V,0.08608255745115978,0.9975054568132211,0.06481668620396944,0.807343291946309
V,0.08613818730141634,0.9975054568132211,0.06481668620396944,0.807343291946309
V,0.08619388909845341,0.9975054568132211,0.06481668620396944,0.807343291946309
V,0.08624966298193583,0.9975054568132211,0.06481668620396944,0.807343291946309
V,0.08630550909189014,0.9975054568132211,0.06481668620396944,0.807343291946309
V,0.0863614275687058,0.9975054568132211,0.06481668620396944,0.807343291946309
V,0.08641741855313631,0.9975054568132211,0.06481668620396944,0.807343291946309
V,0.08647348218630048,0.9975054568132211,0.06481668620396944,0.807343291946309
V,0.08652961860968353,0.9975054568132211,0.06481668620396944,0.807343291946309
V,0.0865858279651383,0.9975054568132211,0.06481668620396944,0.807343291946309
V,0.08664211039488652,0.9975054568132211,0.06481668620396944,0.807343291946309
V,0.08669846604151986,0.9975054568132211,0.06481668620396944,0.807343291946309
V,0.0867548950480013,0.9975054568132211,0.06481668620396944,0.807343291946309
V,0.08681139755766622,0.9975054568132211,0.06481668620396944,0.807343291946309
V,0.08686797371422364,0.9975054568132211,0.06481668620396944,0.807343291946309
V,0.08692462366175752,0.9975054568132211,0.06481668620396944,0.807343291946309
V,0.08698134754472783,0.9975054568132211,0.06481668620396944,0.807343291946309
V,0.08703814550797193,0.9975054568132211,0.06481668620396944,0.807343291946309
V,0.08709501769670569,0.9975054568132211,0.06481668620396944,0.807343291946309
V,0.08715196425652481,0.9975054568132211,0.06481668620396944,0.807343291946309
V,0.08720898533340603,0.9975054568132211,0.06481668620396944,0.807343291946309
V,0.08726608107370833,0.9975054568132211,0.06481668620396944,0.807343291946309
V,0.08732325162417426,0.9975054568132211,0.06481668620396944,0.807343291946309
V,0.08738049713193116,0.9975054568132211,0.06481668620396944,0.807343291946309
V,0.08743781774449243,0.9975054568132211,0.06481668620396944,0.807343291946309
V,0.08749521360975876,0.9975054568132211,0.06481668620396944,0.807343291946309
V,0.08755268487601948,0.9975054568132211,0.06481668620396944,0.807343291946309
V,0.08761023169195377,0.9975054568132211,0.06481668620396944,0.807343291946309
V,0.08766785420663195,0.9975054568132211,0.06481668620396944,0.807343291946309
V,0.08772555256951681,0.9975054568132211,0.06481668620396944,0.807343291946309
V,0.08778332693046485,0.9975054568132211,0.06481668620396944,0.807343291946309
V,0.08784117743972761,0.9975054568132211,0.06481668620396944,0.807343291946309
V,0.08789910424795296,0.9975054568132211,0.06481668620396944,0.807343291946309
V,0.08795710750618642,0.9975054568132211,0.06481668620396944,0.807343291946309
V,0.08801518736587245,0.9975054568132211,0.06481668620396944,0.807343291946309
V,0.08807334397885579,0.9975054568132211,0.06481668620396944,0.807343291946309
V,0.08813157749738278,0.9975054568132211,0.06481668620396944,0.807343291946309
V,0.08818988807410266,0.9975054568132211,0.06481668620396944,0.807343291946309
V,0.08824827586206896,0.9975054568132211,0.06481668620396944,0.807343291946309
V,0.0883067410147408,0.9975054568132211,0.06481668620396944,0.807343291946309
V,0.0883652836859842,0.9975054568132211,0.06481668620396944,0.807343291946309
V,0.08842390403007352,0.9975054568132211,0.06481668620396944,0.807343291946309
V,0.08848260220169275,0.9975054568132211,0.06481668620396944,0.807343291946309
V,0.0885413783559369,0.9975054568132211,0.06481668620396944,0.807343291946309
V,0.08860023264831329,0.9975054568132211,0.06481668620396944,0.807343291946309
V,0.08865916523474308,0.9975054568132211,0.06481668620396944,0.807343291946309
V,0.08871817627156248,0.9975054568132211,0.06481668620396944,0.807343291946309
V,0.08877726591552423,0.9975054568132211,0.06481668620396944,0.807343291946309
V,0.08883643432379894,0.9975054568132211,0.06481668620396944,0.807343291946309
V,0.08889568165397654,0.9975054568132211,0.06481668620396944,0.807343291946309
V,0.08895500806406763,0.9975054568132211,0.06481668620396944,0.807343291946309
V,0.08901689066978323,0.9975054568132211,0.06481668620396944,0.807343291946309
V,0.08907637902709326,0.9975054568132211,0.06481668620396944,0.807343291946309
V,0.08913594694753267,0.9975054568132211,0.06481668620396944,0.807343291946309
V,0.08919559459082671,0.9975054568132211,0.06481668620396944,0.807343291946309
V,0.08925532211712843,0.9975054568132211,0.06481668620396944,0.807343291946309
V,0.08931512968702013,0.9975054568132211,0.06481668620396944,0.807343291946309
V,0.08937501746151483,0.9975054568132211,0.06481668620396944,0.807343291946309
V,0.0894070284324415,0.9971936389148737,0.06481668620396944,0.807343291946309
V,0.08946705832983634,0.9971936389148737,0.06481668620396944,0.807343291946309
V,0.08952716889224825,0.9971936389148737,0.06481668620396944,0.807343291946309
V,0.08958736028237667,0.9971936389148737,0.06481668620396944,0.807343291946309
V,0.08964763266335884,0.9971936389148737,0.06481668620396944,0.807343291946309
V,0.08970798619877135,0.9971936389148737,0.06481668620396944,0.807343291946309
V,0.08976842105263158,0.9971936389148737,0.06481668620396944,0.807343291946309
V,0.08982893738939918,0.9971936389148737,0.06481668620396944,0.807343291946309
V,0.08988953537397756,0.9971936389148737,0.06481668620396944,0.807343291946309
V,0.08995021517171546,0.9971936389148737,0.06481668620396944,0.807343291946309
V,0.09001097694840834,0.9971936389148737,0.06481668620396944,0.807343291946309
V,0.09007182087029995,0.9971936389148737,0.06481668620396944,0.807343291946309
V,0.09013274710408388,0.9971936389148737,0.06481668620396944,0.807343291946309
V,0.09019375581690499,0.9971936389148737,0.06481668620396944,0.807343291946309
V,0.09025484717636102,0.9971936389148737,0.06481668620396944,0.807343291946309
V,0.09031602135050411,0.9971936389148737,0.06481668620396944,0.807343291946309
V,0.0903772785078423,0.9971936389148737,0.06481668620396944,0.807343291946309
V,0.09043861881734114,0.9971936389148737,0.06481668620396944,0.807343291946309
V,0.09050004244842516,0.9971936389148737,0.06481668620396944,0.807343291946309
V,0.09056154957097953,0.9971936389148737,0.06481668620396944,0.807343291946309
V,0.09062314035535153,0.9971936389148737,0.06481668620396944,0.807343291946309
V,0.09068481497235219,0.9971936389148737,0.06481668620396944,0.807343291946309
V,0.09074657359325786,0.9971936389148737,0.06481668620396944,0.807343291946309
V,0.09080841638981174,0.9971936389148737,0.06481668620396944,0.807343291946309
V,0.09087034353422556,0.9971936389148737,0.06481668620396944,0.807343291946309
V,0.0909323551991811,0.9971936389148737,0.06481668620396944,0.807343291946309
V,0.09099445155783184,0.9971936389148737,0.06481668620396944,0.807343291946309
V,0.09105663278380456,0.9971936389148737,0.06481668620396944,0.807343291946309
V,0.09111889905120096,0.9971936389148737,0.06481668620396944,0.807343291946309
V,0.09118125053459926,0.9971936389148737,0.06481668620396944,0.807343291946309
V,0.09124368740905589,0.9971936389148737,0.06481668620396944,0.807343291946309
V,0.09130620985010707,0.9971936389148737,0.06481668620396944,0.807343291946309
V,0.09136881803377046,0.9971936389148737,0.06481668620396944,0.807343291946309
V,0.09143151213654688,0.9971936389148737,0.06481668620396944,0.807343291946309
V,0.09149429233542185,0.9971936389148737,0.06481668620396944,0.807343291946309
V,0.09155715880786738,0.9971936389148737,0.06481668620396944,0.807343291946309
V,0.09162011173184358,0.9971936389148737,0.06481668620396944,0.807343291946309
V,0.09168315128580029,0.9971936389148737,0.06481668620396944,0.807343291946309
V,0.09174627764867889,0.9971936389148737,0.06481668620396944,0.807343291946309
V,0.09180949099991388,0.9971936389148737,0.06481668620396944,0.807343291946309
V,0.09187279151943463,0.9971936389148737,0.06481668620396944,0.807343291946309
V,0.0919361793876671,0.9971936389148737,0.06481668620396944,0.807343291946309
V,0.09199965478553551,0.9971936389148737,0.06481668620396944,0.807343291946309
V,0.09206321789446412,0.9971936389148737,0.06481668620396944,0.807343291946309
V,0.09212686889637887,0.9971936389148737,0.06481668620396944,0.807343291946309
V,0.09219060797370925,0.9971936389148737,0.06481668620396944,0.807343291946309
V,0.09225443530938987,0.9971936389148737,0.06481668620396944,0.807343291946309
V,0.09231835108686239,0.9971936389148737,0.06481668620396944,0.807343291946309
V,0.09238235549007713,0.9971936389148737,0.06481668620396944,0.807343291946309
V,0.09244644870349493,0.9971936389148737,0.06481668620396944,0.807343291946309
V,0.09251063091208886,0.9971936389148737,0.06481668620396944,0.807343291946309
V,0.09257490230134607,0.9971936389148737,0.06481668620396944,0.807343291946309
V,0.0926392630572695,0.9971936389148737,0.06481668620396944,0.807343291946309
V,0.09267472533843522,0.9968818210165263,0.06481668620396944,0.807343291946309
V,0.09273924520639341,0.9968818210165263,0.06481668620396944,0.807343291946309
V,0.09280385497401956,0.9968818210165263,0.06481668620396944,0.807343291946309
V,0.09286855482933914,0.9968818210165263,0.06481668620396944,0.807343291946309
V,0.0929333449609023,0.9968818210165263,0.06481668620396944,0.807343291946309
V,0.09299822555778572,0.9968818210165263,0.06481668620396944,0.807343291946309
V,0.0930631968095945,0.9968818210165263,0.06481668620396944,0.807343291946309
V,0.09312825890646392,0.9968818210165263,0.06481668620396944,0.807343291946309
V,0.09319341203906135,0.9968818210165263,0.06481668620396944,0.807343291946309
V,0.09325865639858814,0.9968818210165263,0.06481668620396944,0.807343291946309
V,0.09332399217678139,0.9968818210165263,0.06481668620396944,0.807343291946309
V,0.09338941956591593,0.9968818210165263,0.06481668620396944,0.807343291946309
V,0.09345493875880616,0.9968818210165263,0.06481668620396944,0.807343291946309
V,0.09352054994880796,0.9968818210165263,0.06481668620396944,0.807343291946309
V,0.09358625332982055,0.9968818210165263,0.06481668620396944,0.807343291946309
V,0.09365204909628848,0.9968818210165263,0.06481668620396944,0.807343291946309
V,0.09371793744320348,0.9968818210165263,0.06481668620396944,0.807343291946309
V,0.09378391856610636,0.9968818210165263,0.06481668620396944,0.807343291946309
V,0.0938499926610891,0.9968818210165263,0.06481668620396944,0.807343291946309
V,0.09391615992479657,0.9968818210165263,0.06481668620396944,0.807343291946309
V,0.09398242055442867,0.9968818210165263,0.06481668620396944,0.807343291946309
V,0.09404877474774218,0.9968818210165263,0.06481668620396944,0.807343291946309
V,0.09411522270305278,0.9968818210165263,0.06481668620396944,0.807343291946309
V,0.094181764619237,0.9968818210165263,0.06481668620396944,0.807343291946309
V,0.0942484006957342,0.9968818210165263,0.06481668620396944,0.807343291946309
V,0.09431513113254861,0.9968818210165263,0.06481668620396944,0.807343291946309
V,0.09438195613025123,0.9968818210165263,0.06481668620396944,0.807343291946309
V,0.09444887588998198,0.9968818210165263,0.06481668620396944,0.807343291946309
V,0.09451589061345159,0.9968818210165263,0.06481668620396944,0.807343291946309
V,0.0945830005029437,0.9968818210165263,0.06481668620396944,0.807343291946309
V,0.09465020576131687,0.9968818210165263,0.06481668620396944,0.807343291946309
V,0.09471750659200663,0.9968818210165263,0.06481668620396944,0.807343291946309
V,0.09478490319902755,0.9968818210165263,0.06481668620396944,0.807343291946309
V,0.09485239578697523,0.9968818210165263,0.06481668620396944,0.807343291946309
V,0.09491998456102847,0.9968818210165263,0.06481668620396944,0.807343291946309
V,0.09495795822562914,0.996570003118179,0.06481668620396944,0.807343291946309
V,0.09502854424357754,0.996570003118179,0.06481668620396944,0.807343291946309
V,0.09509640561771007,0.996570003118179,0.06481668620396944,0.807343291946309
V,0.09516436398284897,0.996570003118179,0.06481668620396944,0.807343291946309
V,0.09523241954707985,0.996570003118179,0.06481668620396944,0.807343291946309
V,0.09530057251908397,0.996570003118179,0.06481668620396944,0.807343291946309
V,0.09536882310814036,0.996570003118179,0.06481668620396944,0.807343291946309
V,0.09543717152412805,0.996570003118179,0.06481668620396944,0.807343291946309
V,0.09550561797752809,0.996570003118179,0.06481668620396944,0.807343291946309
V,0.09557416267942584,0.996570003118179,0.06481668620396944,0.807343291946309
V,0.09564280584151305,0.996570003118179,0.06481668620396944,0.807343291946309
V,0.09571154767609008,0.996570003118179,0.06481668620396944,0.807343291946309
V,0.0957504195636538,0.9962581852198317,0.06481668620396944,0.807343291946309
V,0.09581933781190019,0.9962581852198317,0.06481668620396944,0.807343291946309
V,0.09588835534213686,0.9962581852198317,0.06481668620396944,0.807343291946309
V,0.09595747236905335,0.9962581852198317,0.06481668620396944,0.807343291946309
V,0.09602668910795864,0.9962581852198317,0.06481668620396944,0.807343291946309
V,0.09609600577478344,0.9962581852198317,0.06481668620396944,0.807343291946309
V,0.09616542258608235,0.9962581852198317,0.06481668620396944,0.807343291946309
V,0.09623493975903614,0.9962581852198317,0.06481668620396944,0.807343291946309
V,0.09627441523993248,0.9959463673214842,0.06481668620396944,0.807343291946309
V,0.09634411196911197,0.9959463673214842,0.06481668620396944,0.807343291946309
V,0.0964139096836513,0.9959463673214842,0.06481668620396944,0.807343291946309
V,0.09648380860318995,0.9959463673214842,0.06481668620396944,0.807343291946309
V,0.09655380894800483,0.9959463673214842,0.06481668620396944,0.807343291946309
V,0.09662391093901258,0.9959463673214842,0.06481668620396944,0.807343291946309
V,0.09669411479777186,0.9959463673214842,0.06481668620396944,0.807343291946309
V,0.0967644207464857,0.9959463673214842,0.06481668620396944,0.807343291946309
V,0.09680451127819549,0.9956345494231369,0.06481668620396944,0.807343291946309
V,0.096875,0.9956345494231369,0.06481668620396944,0.807343291946309
V,0.09694559145008501,0.9956345494231369,0.06481668620396944,0.807343291946309
V,0.09701628585318425,0.9956345494231369,0.06481668620396944,0.807343291946309
V,0.09708708343468743,0.9956345494231369,0.06481668620396944,0.807343291946309
V,0.09715798442064265,0.9956345494231369,0.06481668620396944,0.807343291946309
V,0.09722898903775883,0.9956345494231369,0.06481668620396944,0.807343291946309
V,0.0973000975134081,0.9956345494231369,0.06481668620396944,0.807343291946309
V,0.0973713100756282,0.9956345494231369,0.06481668620396944,0.807343291946309
V,0.097442626953125,0.9956345494231369,0.06481668620396944,0.807343291946309
V,0.09751404837527486,0.9956345494231369,0.06481668620396944,0.807343291946309
V,0.09758557457212715,0.9956345494231369,0.06481668620396944,0.807343291946309
V,0.09765720577440666,0.9956345494231369,0.06481668620396944,0.807343291946309
V,0.09772894221351616,0.9956345494231369,0.06481668620396944,0.807343291946309
V,0.09780078412153884,0.9956345494231369,0.06481668620396944,0.807343291946309
V,0.09787273173124081,0.9956345494231369,0.06481668620396944,0.807343291946309
V,0.09794478527607361,0.9956345494231369,0.06481668620396944,0.807343291946309
V,0.09798624754420432,0.9953227315247896,0.06481668620396944,0.807343291946309
V,0.09802777095109363,0.9950109136264421,0.06481668620396944,0.807343291946309
V,0.09810009837678307,0.9950109136264421,0.06481668620396944,0.807343291946309
V,0.0981725326113709,0.9950109136264421,0.06481668620396944,0.807343291946309
V,0.09824507389162561,0.9950109136264421,0.06481668620396944,0.807343291946309
V,0.09831772245501602,0.9950109136264421,0.06481668620396944,0.807343291946309
V,0.09839047853971386,0.9950109136264421,0.06481668620396944,0.807343291946309
V,0.09846334238459639,0.9950109136264421,0.06481668620396944,0.807343291946309
V,0.09853631422924901,0.9950109136264421,0.06481668620396944,0.807343291946309
V,0.09860939431396785,0.9950109136264421,0.06481668620396944,0.807343291946309
V,0.09868258287976249,0.9950109136264421,0.06481668620396944,0.807343291946309
V,0.0987558801683585,0.9950109136264421,0.06481668620396944,0.807343291946309
V,0.0988292864222002,0.9950109136264421,0.06481668620396944,0.807343291946309
V,0.09890280188445326,0.9950109136264421,0.06481668620396944,0.807343291946309
V,0.09897642679900745,0.9950109136264421,0.06481668620396944,0.807343291946309
V,0.09905016141047926,0.9950109136264421,0.06481668620396944,0.807343291946309
V,0.09912400596421471,0.9950109136264421,0.06481668620396944,0.807343291946309
V,0.09919796070629197,0.9950109136264421,0.06481668620396944,0.807343291946309
V,0.09927202588352414,0.9950109136264421,0.06481668620396944,0.807343291946309
V,0.09934620174346202,0.9950109136264421,0.06481668620396944,0.807343291946309
V,0.0994204885343968,0.9950109136264421,0.06481668620396944,0.807343291946309
V,0.09949488650536294,0.9950109136264421,0.06481668620396944,0.807343291946309
V,0.09956939590614079,0.9950109136264421,0.06481668620396944,0.807343291946309
V,0.09964401698725955,0.9950109136264421,0.06481668620396944,0.807343291946309
V,0.09971875,0.9950109136264421,0.06481668620396944,0.807343291946309
V,0.09976232174130598,0.9946990957280948,0.06481668620396944,0.807343291946309
V,0.09983725588382573,0.9946990957280948,0.06481668620396944,0.807343291946309
V,0.09991230268103232,0.9946990957280948,0.06481668620396944,0.807343291946309
V,0.09998746238716148,0.9946990957280948,0.06481668620396944,0.807343291946309
V,0.10006273525721456,0.9946990957280948,0.06481668620396944,0.807343291946309
V,0.1001067302862883,0.9943872778297475,0.06481668620396944,0.807343291946309
V,0.10018220658456899,0.9943872778297475,0.06481668620396944,0.807343291946309
V,0.10025779678068411,0.9943872778297475,0.06481668620396944,0.807343291946309
V,0.10033350113264536,0.9943872778297475,0.06481668620396944,0.807343291946309
V,0.10040931989924433,0.9943872778297475,0.06481668620396944,0.807343291946309
V,0.10048525334005545,0.9943872778297475,0.06481668620396944,0.807343291946309
V,0.10056130171543895,0.9943872778297475,0.06481668620396944,0.807343291946309
V,0.1006374652865438,0.9943872778297475,0.06481668620396944,0.807343291946309
V,0.10071374431531076,0.9943872778297475,0.06481668620396944,0.807343291946309
V,0.10079013906447534,0.9943872778297475,0.06481668620396944,0.807343291946309
V,0.10086664979757085,0.9943872778297475,0.06481668620396944,0.807343291946309
V,0.10094327677893138,0.9943872778297475,0.06481668620396944,0.807343291946309
V,0.10102002027369487,0.9943872778297475,0.06481668620396944,0.807343291946309
V,0.10109688054780624,0.9943872778297475,0.06481668620396944,0.807343291946309
V,0.10114213197969543,0.9940754599314,0.06481668620396944,0.807343291946309
V,0.10121920243840488,0.9940754599314,0.06481668620396944,0.807343291946309
V,0.10129639044229792,0.9940754599314,0.06481668620396944,0.807343291946309
V,0.10137369626049351,0.9940754599314,0.06481668620396944,0.807343291946309
V,0.10145112016293278,0.9940754599314,0.06481668620396944,0.807343291946309
V,0.10153189592025223,0.9940754599314,0.06481668620396944,0.807343291946309
V,0.10160956175298805,0.9940754599314,0.06481668620396944,0.807343291946309
V,0.10168734649612453,0.9940754599314,0.06481668620396944,0.807343291946309
V,0.10176525042295784,0.9940754599314,0.06481668620396944,0.807343291946309
V,0.10184327380762227,0.9940754599314,0.06481668620396944,0.807343291946309
V,0.10188944659356118,0.9937636420330527,0.06481668620396944,0.807343291946309
V,0.10196768517037275,0.9937636420330527,0.06481668620396944,0.807343291946309
V,0.10201402452691236,0.9934518241347053,0.06481668620396944,0.807343291946309
V,0.10209247925145,0.9934518241347053,0.06481668620396944,0.807343291946309
V,0.1021710547413655,0.9934518241347053,0.06481668620396944,0.807343291946309
V,0.10224975127571488,0.9934518241347053,0.06481668620396944,0.807343291946309
V,0.10232856913441464,0.9934518241347053,0.06481668620396944,0.807343291946309
V,0.10240750859824499,0.9934518241347053,0.06481668620396944,0.807343291946309
V,0.1024544021616753,0.993140006236358,0.06481668620396944,0.807343291946309
V,0.10253356082799472,0.993140006236358,0.06481668620396944,0.807343291946309
V,0.10261284190856665,0.993140006236358,0.06481668620396944,0.807343291946309
V,0.10269224568757053,0.993140006236358,0.06481668620396944,0.807343291946309
V,0.10277177245006615,0.993140006236358,0.06481668620396944,0.807343291946309
V,0.10285142248199697,0.993140006236358,0.06481668620396944,0.807343291946309
V,0.10293119607019358,0.993140006236358,0.06481668620396944,0.807343291946309
V,0.10301442525389741,0.993140006236358,0.06481668620396944,0.807343291946309
V,0.10309445199715155,0.993140006236358,0.06481668620396944,0.807343291946309
V,0.10317460317460317,0.993140006236358,0.06481668620396944,0.807343291946309
V,0.10325487907670362,0.993140006236358,0.06481668620396944,0.807343291946309
V,0.1033352799948089,0.993140006236358,0.06481668620396944,0.807343291946309
V,0.10338333658029743,0.9928281883380106,0.06481668620396944,0.807343291946309
V,0.10346396308572171,0.9928281883380106,0.06481668620396944,0.807343291946309
V,0.10354471544715448,0.9928281883380106,0.06481668620396944,0.807343291946309
V,0.10362559395951311,0.9928281883380106,0.06481668620396944,0.807343291946309
V,0.10370659891863722,0.9928281883380106,0.06481668620396944,0.807343291946309
V,0.10378773062129214,0.9928281883380106,0.06481668620396944,0.807343291946309
V,0.10386898936517257,0.9928281883380106,0.06481668620396944,0.807343291946309
V,0.1039503754489063,0.9928281883380106,0.06481668620396944,0.807343291946309
V,0.10403188917205777,0.9928281883380106,0.06481668620396944,0.807343291946309
V,0.10411353083513178,0.9928281883380106,0.06481668620396944,0.807343291946309
V,0.1041953007395772,0.9928281883380106,0.06481668620396944,0.807343291946309
V,0.10427719918779066,0.9928281883380106,0.06481668620396944,0.807343291946309
V,0.10432645034414946,0.9925163704396632,0.06481668620396944,0.807343291946309
V,0.10440858098799449,0.9925163704396632,0.06481668620396944,0.807343291946309
V,0.10449084104786291,0.9925163704396632,0.06481668620396944,0.807343291946309
V,0.10457323082988369,0.9925163704396632,0.06481668620396944,0.807343291946309
V,0.1046557506411521,0.9925163704396632,0.06481668620396944,0.807343291946309
V,0.10473840078973347,0.9925163704396632,0.06481668620396944,0.807343291946309
V,0.10482118158466706,0.9925163704396632,0.06481668620396944,0.807343291946309
V,0.10490409333596994,0.9925163704396632,0.06481668620396944,0.807343291946309
V,0.10498713635464081,0.9925163704396632,0.06481668620396944,0.807343291946309
V,0.10507031095266389,0.9925163704396632,0.06481668620396944,0.807343291946309
V,0.10515361744301288,0.9925163704396632,0.06481668620396944,0.807343291946309
V,0.10523705613965482,0.9925163704396632,0.06481668620396944,0.807343291946309
V,0.10528753887896235,0.9922045525413159,0.06481668620396944,0.807343291946309
V,0.10537121663686337,0.9922045525413159,0.06481668620396944,0.807343291946309
V,0.10545502750712533,0.9922045525413159,0.06481668620396944,0.807343291946309
V,0.10553897180762853,0.9922045525413159,0.06481668620396944,0.807343291946309
V,0.10562304985726614,0.9922045525413159,0.06481668620396944,0.807343291946309
V,0.10570726197594844,0.9922045525413159,0.06481668620396944,0.807343291946309
V,0.10579160848460668,0.9922045525413159,0.06481668620396944,0.807343291946309
V,0.10587608970519731,0.9922045525413159,0.06481668620396944,0.807343291946309
V,0.10596070596070596,0.9922045525413159,0.06481668620396944,0.807343291946309
V,0.10604545757515163,0.9922045525413159,0.06481668620396944,0.807343291946309
V,0.10613034487359083,0.9922045525413159,0.06481668620396944,0.807343291946309
V,0.10622245960742423,0.9922045525413159,0.06481668620396944,0.807343291946309
V,0.1063076306294267,0.9922045525413159,0.06481668620396944,0.807343291946309
V,0.10639293834425571,0.9922045525413159,0.06481668620396944,0.807343291946309
V,0.10647838308124749,0.9922045525413159,0.06481668620396944,0.807343291946309
V,0.10656396517079705,0.9922045525413159,0.06481668620396944,0.807343291946309
V,0.10664968494436251,0.9922045525413159,0.06481668620396944,0.807343291946309
V,0.10673554273446934,0.9922045525413159,0.06481668620396944,0.807343291946309
V,0.10682153887471466,0.9922045525413159,0.06481668620396944,0.807343291946309
V,0.10690767369977154,0.9922045525413159,0.06481668620396944,0.807343291946309
V,0.1069939475453934,0.9922045525413159,0.06481668620396944,0.807343291946309
V,0.10708036074841835,0.9922045525413159,0.06481668620396944,0.807343291946309
V,0.10716691364677354,0.9922045525413159,0.06481668620396944,0.807343291946309
V,0.10725360657947958,0.9922045525413159,0.06481668620396944,0.807343291946309
V,0.10734043988665497,0.9922045525413159,0.06481668620396944,0.807343291946309
V,0.1074274139095206,0.9922045525413159,0.06481668620396944,0.807343291946309
V,0.1075145289904041,0.9922045525413159,0.06481668620396944,0.807343291946309
V,0.10760178547274449,0.9922045525413159,0.06481668620396944,0.807343291946309
V,0.10768918370109652,0.9922045525413159,0.06481668620396944,0.807343291946309
V,0.10777672402113535,0.9922045525413159,0.06481668620396944,0.807343291946309
V,0.10786440677966101,0.9922045525413159,0.06481668620396944,0.807343291946309
V,0.10795223232460306,0.9922045525413159,0.06481668620396944,0.807343291946309
V,0.10804020100502512,0.9922045525413159,0.06481668620396944,0.807343291946309
V,0.10812831317112953,0.9922045525413159,0.06481668620396944,0.807343291946309
V,0.108216569174262,0.9922045525413159,0.06481668620396944,0.807343291946309
V,0.10830496936691628,0.9922045525413159,0.06481668620396944,0.807343291946309
V,0.10839351410273879,0.9922045525413159,0.06481668620396944,0.807343291946309
V,0.10848590228768197,0.9922045525413159,0.06481668620396944,0.807343291946309
V,0.10857474323540452,0.9922045525413159,0.06481668620396944,0.807343291946309
V,0.10866372980910426,0.9922045525413159,0.06481668620396944,0.807343291946309
V,0.1087528623671349,0.9922045525413159,0.06481668620396944,0.807343291946309
V,0.10884214126902685,0.9922045525413159,0.06481668620396944,0.807343291946309
V,0.1089315668754921,0.9922045525413159,0.06481668620396944,0.807343291946309
V,0.1090211395484291,0.9922045525413159,0.06481668620396944,0.807343291946309
V,0.10911085965092754,0.9922045525413159,0.06481668620396944,0.807343291946309
V,0.10920072754727342,0.9922045525413159,0.06481668620396944,0.807343291946309
V,0.10929074360295381,0.9922045525413159,0.06481668620396944,0.807343291946309
V,0.10938090818466192,0.9922045525413159,0.06481668620396944,0.807343291946309
V,0.10947122166030206,0.9922045525413159,0.06481668620396944,0.807343291946309
V,0.1095616843989946,0.9922045525413159,0.06481668620396944,0.807343291946309
V,0.10965229677108101,0.9922045525413159,0.06481668620396944,0.807343291946309
V,0.10974305914812899,0.9922045525413159,0.06481668620396944,0.807343291946309
V,0.10983397190293742,0.9922045525413159,0.06481668620396944,0.807343291946309
V,0.10992503540954157,0.9922045525413159,0.06481668620396944,0.807343291946309
V,0.1100162500432182,0.9922045525413159,0.06481668620396944,0.807343291946309
V,0.11010761618049067,0.9922045525413159,0.06481668620396944,0.807343291946309
V,0.1101991341991342,0.9922045525413159,0.06481668620396944,0.807343291946309
V,0.110290804478181,0.9922045525413159,0.06481668620396944,0.807343291946309
V,0.11038262739792555,0.9922045525413159,0.06481668620396944,0.807343291946309
V,0.11047460333992987,0.9922045525413159,0.06481668620396944,0.807343291946309
V,0.11056673268702874,0.9922045525413159,0.06481668620396944,0.807343291946309
V,0.11065901582333507,0.9922045525413159,0.06481668620396944,0.807343291946309
V,0.11075145313424524,0.9922045525413159,0.06481668620396944,0.807343291946309
V,0.11084404500644442,0.9922045525413159,0.06481668620396944,0.807343291946309
V,0.11090192797127219,0.9918927346429685,0.06481668620396944,0.807343291946309
V,0.11099480093513381,0.9918927346429685,0.06481668620396944,0.807343291946309
V,0.11108782957918631,0.9918927346429685,0.06481668620396944,0.807343291946309
V,0.11118101429520115,0.9918927346429685,0.06481668620396944,0.807343291946309
V,0.11127435547626544,0.9918927346429685,0.06481668620396944,0.807343291946309
V,0.11136785351678745,0.9918927346429685,0.06481668620396944,0.807343291946309
V,0.11146150881250219,0.9918927346429685,0.06481668620396944,0.807343291946309
V,0.1115202524986849,0.9915809167446211,0.06481668620396944,0.807343291946309
V,0.1116141939559861,0.9915809167446211,0.06481668620396944,0.807343291946309
V,0.11170829381388976,0.9915809167446211,0.06481668620396944,0.807343291946309
V,0.11180255247336779,0.9915809167446211,0.06481668620396944,0.807343291946309
V,0.11189697033674655,0.9915809167446211,0.06481668620396944,0.807343291946309
V,0.11199154780771263,0.9915809167446211,0.06481668620396944,0.807343291946309
V,0.1120862852913186,0.9915809167446211,0.06481668620396944,0.807343291946309
V,0.11218118319398879,0.9915809167446211,0.06481668620396944,0.807343291946309
V,0.11227624192352505,0.9915809167446211,0.06481668620396944,0.807343291946309
V,0.11237146188911269,0.9915809167446211,0.06481668620396944,0.807343291946309
V,0.11246684350132626,0.9915809167446211,0.06481668620396944,0.807343291946309
V,0.11252699019503734,0.9912690988462738,0.06481668620396944,0.807343291946309
V,0.11262665627435697,0.9912690988462738,0.06481668620396944,0.807343291946309
V,0.1127225019502163,0.9912690988462738,0.06481668620396944,0.807343291946309
V,0.11281851089502448,0.9912690988462738,0.06481668620396944,0.807343291946309
V,0.11291468352631953,0.9912690988462738,0.06481668620396944,0.807343291946309
V,0.11301102026306434,0.9912690988462738,0.06481668620396944,0.807343291946309
V,0.11310752152565288,0.9912690988462738,0.06481668620396944,0.807343291946309
V,0.11320418773591624,0.9912690988462738,0.06481668620396944,0.807343291946309
V,0.1133010193171288,0.9912690988462738,0.06481668620396944,0.807343291946309
V,0.1133980166940144,0.9912690988462738,0.06481668620396944,0.807343291946309
V,0.11349518029275259,0.9912690988462738,0.06481668620396944,0.807343291946309
V,0.11359251054098478,0.9912690988462738,0.06481668620396944,0.807343291946309
V,0.11369000786782062,0.9912690988462738,0.06481668620396944,0.807343291946309
V,0.11378767270384423,0.9912690988462738,0.06481668620396944,0.807343291946309
V,0.11384968116357383,0.9909572809479265,0.06481668620396944,0.807343291946309
V,0.11391179634277519,0.990645463049579,0.06481668620396944,0.807343291946309
V,0.11400990454317089,0.990645463049579,0.06481668620396944,0.807343291946309
V,0.11410818188348539,0.990645463049579,0.06481668620396944,0.807343291946309
V,0.11417068085412323,0.9903336451512317,0.06481668620396944,0.807343291946309
V,0.11426926674821904,0.9903336451512317,0.06481668620396944,0.807343291946309
V,0.11437214159674457,0.9903336451512317,0.06481668620396944,0.807343291946309
V,0.11447107586952604,0.9903336451512317,0.06481668620396944,0.807343291946309
V,0.11457018145088561,0.9903336451512317,0.06481668620396944,0.807343291946309
V,0.11466945878615012,0.9903336451512317,0.06481668620396944,0.807343291946309
V,0.11473277201604452,0.9900218272528843,0.06481668620396944,0.807343291946309
V,0.11483236283409888,0.9900218272528843,0.06481668620396944,0.807343291946309
V,0.11493212669683257,0.9900218272528843,0.06481668620396944,0.807343291946309
V,0.11503206405565015,0.9900218272528843,0.06481668620396944,0.807343291946309
V,0.11513217536352757,0.9900218272528843,0.06481668620396944,0.807343291946309
V,0.11523246107501905,0.9900218272528843,0.06481668620396944,0.807343291946309
V,0.11533292164626394,0.9900218272528843,0.06481668620396944,0.807343291946309
V,0.11543355753499364,0.9900218272528843,0.06481668620396944,0.807343291946309
V,0.11553436920053856,0.9900218272528843,0.06481668620396944,0.807343291946309
V,0.11563535710383509,0.9900218272528843,0.06481668620396944,0.807343291946309
V,0.11573652170743265,0.9900218272528843,0.06481668620396944,0.807343291946309
V,0.11583786347550075,0.9900218272528843,0.06481668620396944,0.807343291946309
V,0.11593938287383604,0.9900218272528843,0.06481668620396944,0.807343291946309
V,0.11604108036986953,0.9900218272528843,0.06481668620396944,0.807343291946309
V,0.11614295643267367,0.9900218272528843,0.06481668620396944,0.807343291946309
V,0.11624501153296965,0.9900218272528843,0.06481668620396944,0.807343291946309
V,0.1163472461431346,0.9900218272528843,0.06481668620396944,0.807343291946309
V,0.11644966073720887,0.9900218272528843,0.06481668620396944,0.807343291946309
V,0.11655225579090342,0.9900218272528843,0.06481668620396944,0.807343291946309
V,0.11665503178160708,0.9900218272528843,0.06481668620396944,0.807343291946309
V,0.11672121501857095,0.9897100093545369,0.06481668620396944,0.807343291946309
V,0.1168243218373882,0.9897100093545369,0.06481668620396944,0.807343291946309
V,0.11692761097808067,0.9897100093545369,0.06481668620396944,0.807343291946309
V,0.11703108292467092,0.9897100093545369,0.06481668620396944,0.807343291946309
V,0.11713473816289627,0.9897100093545369,0.06481668620396944,0.807343291946309
V,0.11723857718021645,0.9897100093545369,0.06481668620396944,0.807343291946309
V,0.11734260046582129,0.9897100093545369,0.06481668620396944,0.807343291946309
V,0.1174468085106383,0.9897100093545369,0.06481668620396944,0.807343291946309
V,0.11755120180734047,0.9897100093545369,0.06481668620396944,0.807343291946309
V,0.11765578085035401,0.9897100093545369,0.06481668620396944,0.807343291946309
V,0.11776054613586613,0.9897100093545369,0.06481668620396944,0.807343291946309
V,0.11786549816183296,0.9897100093545369,0.06481668620396944,0.807343291946309
V,0.11797063742798736,0.9897100093545369,0.06481668620396944,0.807343291946309
V,0.11807596443584688,0.9897100093545369,0.06481668620396944,0.807343291946309
V,0.11818588025022342,0.9897100093545369,0.06481668620396944,0.807343291946309
V,0.11829159212880143,0.9897100093545369,0.06481668620396944,0.807343291946309
V,0.1183974932855864,0.9897100093545369,0.06481668620396944,0.807343291946309
V,0.11850358422939068,0.9897100093545369,0.06481668620396944,0.807343291946309
V,0.11860986547085202,0.9897100093545369,0.06481668620396944,0.807343291946309
V,0.11871633752244165,0.9897100093545369,0.06481668620396944,0.807343291946309
V,0.1188230008984726,0.9897100093545369,0.06481668620396944,0.807343291946309
V,0.11892985611510791,0.9897100093545369,0.06481668620396944,0.807343291946309
V,0.11903690369036904,0.9897100093545369,0.06481668620396944,0.807343291946309
V,0.11914414414414415,0.9897100093545369,0.06481668620396944,0.807343291946309
V,0.11925157799819658,0.9897100093545369,0.06481668620396944,0.807343291946309
V,0.11935920577617329,0.9897100093545369,0.06481668620396944,0.807343291946309
V,0.11946702800361338,0.9897100093545369,0.06481668620396944,0.807343291946309
V,0.1195750452079566,0.9897100093545369,0.06481668620396944,0.807343291946309
V,0.11968325791855204,0.9897100093545369,0.06481668620396944,0.807343291946309
V,0.11979166666666667,0.9897100093545369,0.06481668620396944,0.807343291946309
V,0.1199002719854941,0.9897100093545369,0.06481668620396944,0.807343291946309
V,0.12000907441016334,0.9897100093545369,0.06481668620396944,0.807343291946309
V,0.12008023009385407,0.9893981914561896,0.06481668620396944,0.807343291946309
V,0.12018939393939394,0.9893981914561896,0.06481668620396944,0.807343291946309
V,0.12029875644525326,0.9893981914561896,0.06481668620396944,0.807343291946309
V,0.12040831815421979,0.9893981914561896,0.06481668620396944,0.807343291946309
V,0.12051807961106047,0.9893981914561896,0.06481668620396944,0.807343291946309
V,0.12059002433090024,0.9890863735578422,0.06481668620396944,0.807343291946309
V,0.12070015220700152,0.9890863735578422,0.06481668620396944,0.807343291946309
V,0.12081048141377208,0.9890863735578422,0.06481668620396944,0.807343291946309
V,0.12092101250381214,0.9890863735578422,0.06481668620396944,0.807343291946309
V,0.12103174603174603,0.9890863735578422,0.06481668620396944,0.807343291946309
V,0.12114268255423159,0.9890863735578422,0.06481668620396944,0.807343291946309
V,0.12125382262996942,0.9890863735578422,0.06481668620396944,0.807343291946309
V,0.12136516681971228,0.9890863735578422,0.06481668620396944,0.807343291946309
V,0.12147671568627451,0.9890863735578422,0.06481668620396944,0.807343291946309
V,0.12158846979454155,0.9890863735578422,0.06481668620396944,0.807343291946309
V,0.12166206261510129,0.9887745556594949,0.06481668620396944,0.807343291946309
V,0.12177887015630401,0.9887745556594949,0.06481668620396944,0.807343291946309
V,0.12189121660580435,0.9887745556594949,0.06481668620396944,0.807343291946309
V,0.12200377053595475,0.9887745556594949,0.06481668620396944,0.807343291946309
V,0.12211653252204721,0.9887745556594949,0.06481668620396944,0.807343291946309
V,0.12222950314150252,0.9887745556594949,0.06481668620396944,0.807343291946309
V,0.12230410123847371,0.9884627377611475,0.06481668620396944,0.807343291946309
V,0.12241745510716355,0.9884627377611475,0.06481668620396944,0.807343291946309
V,0.12253101928800587,0.9884627377611475,0.06481668620396944,0.807343291946309
V,0.12264479436685108,0.9884627377611475,0.06481668620396944,0.807343291946309
V,0.12275878093172753,0.9884627377611475,0.06481668620396944,0.807343291946309
V,0.12287297957285166,0.9884627377611475,0.06481668620396944,0.807343291946309
V,0.12298739088263821,0.9884627377611475,0.06481668620396944,0.807343291946309
V,0.12310201545571046,0.9884627377611475,0.06481668620396944,0.807343291946309
V,0.12321685388891049,0.9884627377611475,0.06481668620396944,0.807343291946309
V,0.12333190678130958,0.9884627377611475,0.06481668620396944,0.807343291946309
V,0.12344717473421862,0.9884627377611475,0.06481668620396944,0.807343291946309
V,0.12356265835119859,0.9884627377611475,0.06481668620396944,0.807343291946309
V,0.12367835823807108,0.9884627377611475,0.06481668620396944,0.807343291946309
V,0.12379427500292889,0.9884627377611475,0.06481668620396944,0.807343291946309
V,0.12391040925614666,0.9884627377611475,0.06481668620396944,0.807343291946309
V,0.12402676161039164,0.9884627377611475,0.06481668620396944,0.807343291946309
V,0.12414333268063442,0.9884627377611475,0.06481668620396944,0.807343291946309
V,0.12426012308415978,0.9884627377611475,0.06481668620396944,0.807343291946309
V,0.12437713344057755,0.9884627377611475,0.06481668620396944,0.807343291946309
V,0.12449436437183364,0.9884627377611475,0.06481668620396944,0.807343291946309
V,0.124611816502221,0.9884627377611475,0.06481668620396944,0.807343291946309
V,0.12472949045839071,0.9884627377611475,0.06481668620396944,0.807343291946309
V,0.12484738686936316,0.9884627377611475,0.06481668620396944,0.807343291946309
V,0.1249655063665392,0.9884627377611475,0.06481668620396944,0.807343291946309
V,0.12508384958371147,0.9884627377611475,0.06481668620396944,0.807343291946309
V,0.12520241715707572,0.9884627377611475,0.06481668620396944,0.807343291946309
V,0.12532120972524213,0.9884627377611475,0.06481668620396944,0.807343291946309
V,0.12544022792924697,0.9884627377611475,0.06481668620396944,0.807343291946309
V,0.12555947241256388,0.9884627377611475,0.06481668620396944,0.807343291946309
V,0.12567894382111564,0.9884627377611475,0.06481668620396944,0.807343291946309
V,0.12579864280328584,0.9884627377611475,0.06481668620396944,0.807343291946309
V,0.12591857000993048,0.9884627377611475,0.06481668620396944,0.807343291946309
V,0.12603872609438987,0.9884627377611475,0.06481668620396944,0.807343291946309
V,0.1261591117125005,0.9884627377611475,0.06481668620396944,0.807343291946309
V,0.12627972752260685,0.9884627377611475,0.06481668620396944,0.807343291946309
V,0.1264005741855736,0.9884627377611475,0.06481668620396944,0.807343291946309
V,0.12652165236479745,0.9884627377611475,0.06481668620396944,0.807343291946309
V,0.1266429627262195,0.9884627377611475,0.06481668620396944,0.807343291946309
V,0.12676450593833727,0.9884627377611475,0.06481668620396944,0.807343291946309
V,0.1268862826722171,0.9884627377611475,0.06481668620396944,0.807343291946309
V,0.12700829360150648,0.9884627377611475,0.06481668620396944,0.807343291946309
V,0.12713053940244637,0.9884627377611475,0.06481668620396944,0.807343291946309
V,0.12725302075388384,0.9884627377611475,0.06481668620396944,0.807343291946309
V,0.12733555671635793,0.9881509198628001,0.06481668620396944,0.807343291946309
V,0.12741825202107548,0.9878391019644528,0.06481668620396944,0.807343291946309
V,0.1275413663996135,0.9878391019644528,0.06481668620396944,0.807343291946309
V,0.12766471892000805,0.9878391019644528,0.06481668620396944,0.807343291946309
V,0.12774797305473762,0.9875272840661053,0.06481668620396944,0.807343291946309
V,0.12787176484838697,0.9875272840661053,0.06481668620396944,0.807343291946309
V,0.1279957967910116,0.9875272840661053,0.06481668620396944,0.807343291946309
V,0.12812006958210284,0.9875272840661053,0.06481668620396944,0.807343291946309
V,0.12824458392387122,0.9875272840661053,0.06481668620396944,0.807343291946309
V,0.12836934052125978,0.9875272840661053,0.06481668620396944,0.807343291946309
V,0.12849434008195723,0.9875272840661053,0.06481668620396944,0.807343291946309
V,0.1286195833164115,0.9875272840661053,0.06481668620396944,0.807343291946309
V,0.12874507093784301,0.9875272840661053,0.06481668620396944,0.807343291946309
V,0.1288708036622584,0.9875272840661053,0.06481668620396944,0.807343291946309
V,0.128996782208464,0.9875272840661053,0.06481668620396944,0.807343291946309
V,0.12912300729807966,0.9875272840661053,0.06481668620396944,0.807343291946309
V,0.1292494796555524,0.9875272840661053,0.06481668620396944,0.807343291946309
V,0.12937620000817027,0.9875272840661053,0.06481668620396944,0.807343291946309
V,0.12950316908607648,0.9875272840661053,0.06481668620396944,0.807343291946309
V,0.12963038762228316,0.9875272840661053,0.06481668620396944,0.807343291946309
V,0.12975785635268572,0.9875272840661053,0.06481668620396944,0.807343291946309
V,0.12988557601607678,0.9875272840661053,0.06481668620396944,0.807343291946309
V,0.13001354735416068,0.9875272840661053,0.06481668620396944,0.807343291946309
V,0.1301417711115677,0.9875272840661053,0.06481668620396944,0.807343291946309
V,0.13027024803586854,0.9875272840661053,0.06481668620396944,0.807343291946309
V,0.13039897887758883,0.9875272840661053,0.06481668620396944,0.807343291946309
V,0.1305279643902238,0.9875272840661053,0.06481668620396944,0.807343291946309
V,0.1306572053302529,0.9875272840661053,0.06481668620396944,0.807343291946309
V,0.13078670245715465,0.9875272840661053,0.06481668620396944,0.807343291946309
V,0.13091645653342152,0.9875272840661053,0.06481668620396944,0.807343291946309
V,0.13104646832457484,0.9875272840661053,0.06481668620396944,0.807343291946309
V,0.1311767385991799,0.9875272840661053,0.06481668620396944,0.807343291946309
V,0.13130726812886107,0.9875272840661053,0.06481668620396944,0.807343291946309
V,0.13143805768831707,0.9875272840661053,0.06481668620396944,0.807343291946309
V,0.1315691080553363,0.9875272840661053,0.06481668620396944,0.807343291946309
V,0.13170042001081217,0.9875272840661053,0.06481668620396944,0.807343291946309
V,0.1318319943387587,0.9875272840661053,0.06481668620396944,0.807343291946309
V,0.1319638318263261,0.9875272840661053,0.06481668620396944,0.807343291946309
V,0.13209593326381647,0.9875272840661053,0.06481668620396944,0.807343291946309
V,0.1322282994446996,0.9875272840661053,0.06481668620396944,0.807343291946309
V,0.13236093116562878,0.9875272840661053,0.06481668620396944,0.807343291946309
V,0.13245199347362255,0.987215466167758,0.06481668620396944,0.807343291946309
V,0.13258511662967462,0.987215466167758,0.06481668620396944,0.807343291946309
V,0.13271850765038776,0.987215466167758,0.06481668620396944,0.807343291946309
V,0.13285216734505476,0.987215466167758,0.06481668620396944,0.807343291946309
V,0.13298609652623178,0.987215466167758,0.06481668620396944,0.807343291946309
V,0.13312029600975486,0.987215466167758,0.06481668620396944,0.807343291946309
V,0.13325476661475652,0.987215466167758,0.06481668620396944,0.807343291946309
V,0.13338950916368233,0.987215466167758,0.06481668620396944,0.807343291946309
V,0.13344017544599554,0.9865918303710633,0.06481668620396944,0.807343291946309
V,0.13357537889981846,0.9865918303710633,0.06481668620396944,0.807343291946309
V,0.13371085661158771,0.9865918303710633,0.06481668620396944,0.807343291946309
V,0.13384660941664198,0.9865918303710633,0.06481668620396944,0.807343291946309
V,0.13394029218716919,0.9862800124727159,0.06481668620396944,0.807343291946309
V,0.13407655461828663,0.9862800124727159,0.06481668620396944,0.807343291946309
V,0.1342130945814062,0.9862800124727159,0.06481668620396944,0.807343291946309
V,0.13434991292528564,0.9862800124727159,0.06481668620396944,0.807343291946309
V,0.1344870105021472,0.9862800124727159,0.06481668620396944,0.807343291946309
V,0.1345818259204086,0.9859681945743686,0.06481668620396944,0.807343291946309
V,0.13471944101231306,0.9859681945743686,0.06481668620396944,0.807343291946309
V,0.13485733782573464,0.9859681945743686,0.06481668620396944,0.807343291946309
V,0.13499551722665756,0.9859681945743686,0.06481668620396944,0.807343291946309
V,0.135133980084619,0.9859681945743686,0.06481668620396944,0.807343291946309
V,0.13527272727272727,0.9859681945743686,0.06481668620396944,0.807343291946309
V,0.13541175966768018,0.9859681945743686,0.06481668620396944,0.807343291946309
V,0.1355510781497835,0.9859681945743686,0.06481668620396944,0.807343291946309
V,0.13569068360296957,0.9859681945743686,0.06481668620396944,0.807343291946309
V,0.13583057691481593,0.9859681945743686,0.06481668620396944,0.807343291946309
V,0.1359707589765642,0.9859681945743686,0.06481668620396944,0.807343291946309
V,0.1361112306831389,0.9859681945743686,0.06481668620396944,0.807343291946309
V,0.13625199293316673,0.9859681945743686,0.06481668620396944,0.807343291946309
V,0.13639304662899537,0.9859681945743686,0.06481668620396944,0.807343291946309
V,0.13653439267671316,0.9859681945743686,0.06481668620396944,0.807343291946309
V,0.13667603198616815,0.9859681945743686,0.06481668620396944,0.807343291946309
V,0.13677469603219247,0.9856563766760212,0.06481668620396944,0.807343291946309
V,0.13691687962922858,0.9856563766760212,0.06481668620396944,0.807343291946309
V,0.13701599965312405,0.9853445587776738,0.06481668620396944,0.807343291946309
V,0.13715873084769303,0.9853445587776738,0.06481668620396944,0.807343291946309
V,0.1373017597219205,0.9853445587776738,0.06481668620396944,0.807343291946309
V,0.13744508720803794,0.9853445587776738,0.06481668620396944,0.807343291946309
V,0.13758871424217356,0.9853445587776738,0.06481668620396944,0.807343291946309
V,0.13773264176437258,0.9853445587776738,0.06481668620396944,0.807343291946309
V,0.13787687071861773,0.9853445587776738,0.06481668620396944,0.807343291946309
V,0.13802140205284996,0.9853445587776738,0.06481668620396944,0.807343291946309
V,0.13816623671898912,0.9853445587776738,0.06481668620396944,0.807343291946309
V,0.13831137567295487,0.9853445587776738,0.06481668620396944,0.807343291946309
V,0.1384568198746878,0.9853445587776738,0.06481668620396944,0.807343291946309
V,0.13860257028817052,0.9853445587776738,0.06481668620396944,0.807343291946309
V,0.13874862788144895,0.9853445587776738,0.06481668620396944,0.807343291946309
V,0.13889499362665378,0.9853445587776738,0.06481668620396944,0.807343291946309
V,0.139041668500022,0.9853445587776738,0.06481668620396944,0.807343291946309
V,0.13914460643967758,0.9850327408793265,0.06481668620396944,0.807343291946309
V,0.1392918559019357,0.9850327408793265,0.06481668620396944,0.807343291946309
V,0.13943941734716397,0.9850327408793265,0.06481668620396944,0.807343291946309
V,0.13958729176792894,0.9850327408793265,0.06481668620396944,0.807343291946309
V,0.1397354801610121,0.9850327408793265,0.06481668620396944,0.807343291946309
V,0.1398397024310322,0.9847209229809791,0.06481668620396944,0.807343291946309
V,0.13998847466643025,0.9847209229809791,0.06481668620396944,0.807343291946309
V,0.14004881295762148,0.9840972871842844,0.06481668620396944,0.807343291946309
V,0.14019812536093465,0.9840972871842844,0.06481668620396944,0.807343291946309
V,0.14034775648152265,0.9840972871842844,0.06481668620396944,0.807343291946309
V,0.14045318968971196,0.983785469285937,0.06481668620396944,0.807343291946309
V,0.14060341369936272,0.983785469285937,0.06481668620396944,0.807343291946309
V,0.14075395940218605,0.983785469285937,0.06481668620396944,0.807343291946309
V,0.14090482783261132,0.983785469285937,0.06481668620396944,0.807343291946309
V,0.14105602002950776,0.983785469285937,0.06481668620396944,0.807343291946309
V,0.1412075370362082,0.983785469285937,0.06481668620396944,0.807343291946309
V,0.14135937990053318,0.983785469285937,0.06481668620396944,0.807343291946309
V,0.14151154967481497,0.983785469285937,0.06481668620396944,0.807343291946309
V,0.14166404741592206,0.983785469285937,0.06481668620396944,0.807343291946309
V,0.1418168741852834,0.983785469285937,0.06481668620396944,0.807343291946309
V,0.1419700310489133,0.983785469285937,0.06481668620396944,0.807343291946309
V,0.14212351907743592,0.983785469285937,0.06481668620396944,0.807343291946309
V,0.14227733934611048,0.983785469285937,0.06481668620396944,0.807343291946309
V,0.1424314929348562,0.983785469285937,0.06481668620396944,0.807343291946309
V,0.1425407872734668,0.9834736513875897,0.06481668620396944,0.807343291946309
V,0.14269556168845857,0.9834736513875897,0.06481668620396944,0.807343291946309
V,0.14280538067847276,0.9831618334892422,0.06481668620396944,0.807343291946309
V,0.14296077986851055,0.9831618334892422,0.06481668620396944,0.807343291946309
V,0.14311651763424266,0.9831618334892422,0.06481668620396944,0.807343291946309
V,0.14327259508338255,0.9831618334892422,0.06481668620396944,0.807343291946309
V,0.14338352363189738,0.9828500155908949,0.06481668620396944,0.807343291946309
V,0.14354023407258984,0.9828500155908949,0.06481668620396944,0.807343291946309
V,0.14369728744016413,0.9828500155908949,0.06481668620396944,0.807343291946309
V,0.1438546848614851,0.9828500155908949,0.06481668620396944,0.807343291946309
V,0.1440124274683602,0.9828500155908949,0.06481668620396944,0.807343291946309
V,0.14417051639756667,0.9828500155908949,0.06481668620396944,0.807343291946309
V,0.14428316314849582,0.9825381976925476,0.06481668620396944,0.807343291946309
V,0.14444189777675912,0.9825381976925476,0.06481668620396944,0.807343291946309
V,0.14460098205681243,0.9825381976925476,0.06481668620396944,0.807343291946309
V,0.14476041714521984,0.9825381976925476,0.06481668620396944,0.807343291946309
V,0.14492020420365176,0.9825381976925476,0.06481668620396944,0.807343291946309
V,0.1450803443989134,0.9825381976925476,0.06481668620396944,0.807343291946309
V,0.14524083890297304,0.9825381976925476,0.06481668620396944,0.807343291946309
V,0.14540168889299063,0.9825381976925476,0.06481668620396944,0.807343291946309
V,0.1455628955513466,0.9825381976925476,0.06481668620396944,0.807343291946309
V,0.1457244600656708,0.9825381976925476,0.06481668620396944,0.807343291946309
V,0.1458863836288717,0.9825381976925476,0.06481668620396944,0.807343291946309
V,0.14600231749710313,0.9822263797942001,0.06481668620396944,0.807343291946309
V,0.14616491114101435,0.9822263797942001,0.06481668620396944,0.807343291946309
V,0.14632786732940029,0.9822263797942001,0.06481668620396944,0.807343291946309
V,0.14639817699855834,0.9816027439975055,0.06481668620396944,0.807343291946309
V,0.14656175799618232,0.9816027439975055,0.06481668620396944,0.807343291946309
V,0.14672570496387788,0.9816027439975055,0.06481668620396944,0.807343291946309
V,0.14689001913116514,0.9816027439975055,0.06481668620396944,0.807343291946309
V,0.14705470173307797,0.9816027439975055,0.06481668620396944,0.807343291946309
V,0.14721975401019502,0.9816027439975055,0.06481668620396944,0.807343291946309
V,0.1473851772086708,0.9816027439975055,0.06481668620396944,0.807343291946309
V,0.14755097258026717,0.9816027439975055,0.06481668620396944,0.807343291946309
V,0.14771714138238468,0.9816027439975055,0.06481668620396944,0.807343291946309
V,0.1478836848780946,0.9816027439975055,0.06481668620396944,0.807343291946309
V,0.14805060433617082,0.9816027439975055,0.06481668620396944,0.807343291946309
V,0.14821790103112198,0.9816027439975055,0.06481668620396944,0.807343291946309
V,0.14838557624322413,0.9816027439975055,0.06481668620396944,0.807343291946309
V,0.14855363125855317,0.9816027439975055,0.06481668620396944,0.807343291946309
V,0.1487220673690178,0.9816027439975055,0.06481668620396944,0.807343291946309
V,0.14884358889466964,0.9812909260991581,0.06481668620396944,0.807343291946309
V,0.14901273734551826,0.9812909260991581,0.06481668620396944,0.807343291946309
V,0.149182270680256,0.9812909260991581,0.06481668620396944,0.807343291946309
V,0.149359278595159,0.9812909260991581,0.06481668620396944,0.807343291946309
V,0.14952960182457475,0.9812909260991581,0.06481668620396944,0.807343291946309
V,0.14970031395680716,0.9812909260991581,0.06481668620396944,0.807343291946309
V,0.14987141632536433,0.9812909260991581,0.06481668620396944,0.807343291946309
V,0.15004291026985792,0.9812909260991581,0.06481668620396944,0.807343291946309
V,0.15016706443914082,0.9809791082008107,0.06481668620396944,0.807343291946309
V,0.15033929083436873,0.9809791082008107,0.06481668620396944,0.807343291946309
V,0.15046407042388288,0.9806672903024634,0.06481668620396944,0.807343291946309
V,0.15063703419867802,0.9806672903024634,0.06481668620396944,0.807343291946309
V,0.1508103960870816,0.9806672903024634,0.06481668620396944,0.807343291946309
V,0.15098415746519442,0.9806672903024634,0.06481668620396944,0.807343291946309
V,0.15111025665673364,0.980355472404116,0.06481668620396944,0.807343291946309
V,0.15128476566259264,0.980355472404116,0.06481668620396944,0.807343291946309
V,0.15145967819635803,0.980355472404116,0.06481668620396944,0.807343291946309
V,0.15158676569885213,0.9800436545057686,0.06481668620396944,0.807343291946309
V,0.15176243360695316,0.9800436545057686,0.06481668620396944,0.807343291946309
V,0.15193850913661414,0.9800436545057686,0.06481668620396944,0.807343291946309
V,0.1521149937082567,0.9800436545057686,0.06481668620396944,0.807343291946309
V,0.15229188874890978,0.9800436545057686,0.06481668620396944,0.807343291946309
V,0.15242068497137867,0.9797318366074212,0.06481668620396944,0.807343291946309
V,0.15259834871296746,0.9797318366074212,0.06481668620396944,0.807343291946309
V,0.1527764271127103,0.9797318366074212,0.06481668620396944,0.807343291946309
V,0.15295492162398988,0.9797318366074212,0.06481668620396944,0.807343291946309
V,0.153133833706989,0.9797318366074212,0.06481668620396944,0.807343291946309
V,0.15331316482873036,0.9797318366074212,0.06481668620396944,0.807343291946309
V,0.15349291646311675,0.9797318366074212,0.06481668620396944,0.807343291946309
V,0.15367309009097133,0.9797318366074212,0.06481668620396944,0.807343291946309
V,0.15385368720007836,0.9797318366074212,0.06481668620396944,0.807343291946309
V,0.15403470928522403,0.9797318366074212,0.06481668620396944,0.807343291946309
V,0.15421615784823794,0.9797318366074212,0.06481668620396944,0.807343291946309
V,0.15434889434889434,0.9794200187090739,0.06481668620396944,0.807343291946309
V,0.15448194430778314,0.9791082008107266,0.06481668620396944,0.807343291946309
V,0.15461530883656782,0.9787963829123791,0.06481668620396944,0.807343291946309
V,0.15479830358023475,0.9787963829123791,0.06481668620396944,0.807343291946309
V,0.15498173200355486,0.9787963829123791,0.06481668620396944,0.807343291946309
V,0.15516559565002472,0.9787963829123791,0.06481668620396944,0.807343291946309
V,0.1553498960704741,0.9787963829123791,0.06481668620396944,0.807343291946309
V,0.1555346348231097,0.9787963829123791,0.06481668620396944,0.807343291946309
V,0.15571981347355887,0.9787963829123791,0.06481668620396944,0.807343291946309
V,0.15580609913579022,0.9781727471156845,0.06481668620396944,0.807343291946309
V,0.1559920437593237,0.9781727471156845,0.06481668620396944,0.807343291946309
V,0.15617843273922136,0.9781727471156845,0.06481668620396944,0.807343291946309
V,0.15631542219120725,0.977860929217337,0.06481668620396944,0.807343291946309
V,0.15650264497454835,0.977860929217337,0.06481668620396944,0.807343291946309
V,0.15664035175377236,0.9775491113189897,0.06481668620396944,0.807343291946309
V,0.15672836418209105,0.976925475522295,0.06481668620396944,0.807343291946309
V,0.1568165881999399,0.9763018397256003,0.06481668620396944,0.807343291946309
V,0.15700531541470264,0.9763018397256003,0.06481668620396944,0.807343291946309
V,0.15719449743950195,0.9763018397256003,0.06481668620396944,0.807343291946309
V,0.157384135920378,0.9763018397256003,0.06481668620396944,0.807343291946309
V,0.15752390538500252,0.9759900218272529,0.06481668620396944,0.807343291946309
V,0.1577144008868286,0.9759900218272529,0.06481668620396944,0.807343291946309
V,0.1579053576833821,0.9759900218272529,0.06481668620396944,0.807343291946309
V,0.1580967774522679,0.9759900218272529,0.06481668620396944,0.807343291946309
V,0.15828866187923535,0.9759900218272529,0.06481668620396944,0.807343291946309
V,0.15848101265822784,0.9759900218272529,0.06481668620396944,0.807343291946309
V,0.15867383149143263,0.9759900218272529,0.06481668620396944,0.807343291946309
V,0.15886712008933104,0.9759900218272529,0.06481668620396944,0.807343291946309
V,0.15906088017074907,0.9759900218272529,0.06481668620396944,0.807343291946309
V,0.15925511346290833,0.9759900218272529,0.06481668620396944,0.807343291946309
V,0.15944982170147734,0.9759900218272529,0.06481668620396944,0.807343291946309
V,0.1595940018361726,0.9756782039289055,0.06481668620396944,0.807343291946309
V,0.1596874680829333,0.9750545681322108,0.06481668620396944,0.807343291946309
V,0.15988342366295122,0.9750545681322108,0.06481668620396944,0.807343291946309
V,0.16007986075560562,0.9750545681322108,0.06481668620396944,0.807343291946309
V,0.16027678113787802,0.9750545681322108,0.06481668620396944,0.807343291946309
V,0.16048242237618682,0.9750545681322108,0.06481668620396944,0.807343291946309
V,0.16068033502903242,0.9750545681322108,0.06481668620396944,0.807343291946309
V,0.16087873643051911,0.9750545681322108,0.06481668620396944,0.807343291946309
V,0.16107762839334466,0.9750545681322108,0.06481668620396944,0.807343291946309
V,0.16127701273918202,0.9750545681322108,0.06481668620396944,0.807343291946309
V,0.16147689129873483,0.9750545681322108,0.06481668620396944,0.807343291946309
V,0.1616772659117936,0.9750545681322108,0.06481668620396944,0.807343291946309
V,0.161878138427292,0.9750545681322108,0.06481668620396944,0.807343291946309
V,0.16202767843259214,0.9747427502338635,0.06481668620396944,0.807343291946309
V,0.16222948777829674,0.9747427502338635,0.06481668620396944,0.807343291946309
V,0.16243180046765393,0.9747427502338635,0.06481668620396944,0.807343291946309
V,0.16263461838614016,0.9747427502338635,0.06481668620396944,0.807343291946309
V,0.1627858519560348,0.974430932335516,0.06481668620396944,0.807343291946309
V,0.16298962082094612,0.974430932335516,0.06481668620396944,0.807343291946309
V,0.16319390046477622,0.974430932335516,0.06481668620396944,0.807343291946309
V,0.1632941176470588,0.9738072965388214,0.06481668620396944,0.807343291946309
V,0.16339458667085494,0.9731836607421266,0.06481668620396944,0.807343291946309
V,0.1636001467736017,0.9731836607421266,0.06481668620396944,0.807343291946309
V,0.16380622474151052,0.9731836607421266,0.06481668620396944,0.807343291946309
V,0.16401282253402702,0.9731836607421266,0.06481668620396944,0.807343291946309
V,0.16416732438831885,0.9728718428437793,0.06481668620396944,0.807343291946309
V,0.1643222169537959,0.9725600249454319,0.06481668620396944,0.807343291946309
V,0.16447750171440628,0.9722482070470845,0.06481668620396944,0.807343291946309
V,0.1646859979929224,0.9722482070470845,0.06481668620396944,0.807343291946309
V,0.16489502353376698,0.9722482070470845,0.06481668620396944,0.807343291946309
V,0.16510458035477893,0.9722482070470845,0.06481668620396944,0.807343291946309
V,0.16531467048406764,0.9722482070470845,0.06481668620396944,0.807343291946309
V,0.16547220895046982,0.9719363891487371,0.06481668620396944,0.807343291946309
V,0.16568330409822996,0.9719363891487371,0.06481668620396944,0.807343291946309
V,0.16589493852786205,0.9719363891487371,0.06481668620396944,0.807343291946309
V,0.16605382360778045,0.9716245712503898,0.06481668620396944,0.807343291946309
V,0.16626647457446242,0.9716245712503898,0.06481668620396944,0.807343291946309
V,0.16642624352193194,0.9713127533520424,0.06481668620396944,0.807343291946309
V,0.16658642272508425,0.971000935453695,0.06481668620396944,0.807343291946309
V,0.16680057849911617,0.971000935453695,0.06481668620396944,0.807343291946309
V,0.16701528559935638,0.971000935453695,0.06481668620396944,0.807343291946309
V,0.16723054615756405,0.971000935453695,0.06481668620396944,0.807343291946309
V,0.16739259020272088,0.9706891175553477,0.06481668620396944,0.807343291946309
V,0.16755505303397406,0.9703772996570003,0.06481668620396944,0.807343291946309
V,0.16771793627688825,0.9700654817586529,0.06481668620396944,0.807343291946309
V,0.1679352226720648,0.9700654817586529,0.06481668620396944,0.807343291946309
V,0.16804497054213285,0.9694418459619583,0.06481668620396944,0.807343291946309
V,0.1682091248579315,0.9691300280636108,0.06481668620396944,0.807343291946309
V,0.16837370617243808,0.9688182101652635,0.06481668620396944,0.807343291946309
V,0.16859297845786533,0.9688182101652635,0.06481668620396944,0.807343291946309
V,0.16881282260255365,0.9688182101652635,0.06481668620396944,0.807343291946309
V,0.1690332408465263,0.9688182101652635,0.06481668620396944,0.807343291946309
V,0.16919976030941875,0.9685063922669161,0.06481668620396944,0.807343291946309
V,0.16936671575846834,0.9681945743685687,0.06481668620396944,0.807343291946309
V,0.16959798994974876,0.9681945743685687,0.06481668620396944,0.807343291946309
V,0.16982060818201705,0.9681945743685687,0.06481668620396944,0.807343291946309
V,0.16998904709748083,0.9678827564702214,0.06481668620396944,0.807343291946309
V,0.1702127659574468,0.9678827564702214,0.06481668620396944,0.807343291946309
V,0.17038216560509553,0.967570938571874,0.06481668620396944,0.807343291946309
V,0.17060699362216847,0.967570938571874,0.06481668620396944,0.807343291946309
V,0.17077736181457828,0.9672591206735267,0.06481668620396944,0.807343291946309
V,0.17100330760749724,0.9672591206735267,0.06481668620396944,0.807343291946309
V,0.1710642525943917,0.9663236669784846,0.06481668620396944,0.807343291946309
V,0.17123590537254035,0.9660118490801372,0.06481668620396944,0.807343291946309
V,0.17146336063759132,0.9660118490801372,0.06481668620396944,0.807343291946309
V,0.17169142097095988,0.9660118490801372,0.06481668620396944,0.807343291946309
V,0.17192008879023307,0.9660118490801372,0.06481668620396944,0.807343291946309
V,0.17209379862191598,0.9657000311817898,0.06481668620396944,0.807343291946309
V,0.17215668818161584,0.9647645774867477,0.06481668620396944,0.807343291946309
V,0.17233117896144418,0.9644527595884004,0.06481668620396944,0.807343291946309
V,0.17256192814103993,0.9644527595884004,0.06481668620396944,0.807343291946309
V,0.17268156424581005,0.9638291237917056,0.06481668620396944,0.807343291946309
V,0.1728574625195793,0.9635173058933583,0.06481668620396944,0.807343291946309
V,0.1730338337441183,0.9632054879950109,0.06481668620396944,0.807343291946309
V,0.17326677137087726,0.9632054879950109,0.06481668620396944,0.807343291946309
V,0.1735003370029207,0.9632054879950109,0.06481668620396944,0.807343291946309
V,0.17373453318335208,0.9632054879950109,0.06481668620396944,0.807343291946309
V,0.17396936246902456,0.9632054879950109,0.06481668620396944,0.807343291946309
V,0.17421465230387456,0.9632054879950109,0.06481668620396944,0.807343291946309
V,0.17439430733608177,0.9628936700966636,0.06481668620396944,0.807343291946309
V,0.17457445003675848,0.9625818521983162,0.06481668620396944,0.807343291946309
V,0.17475508239424656,0.9622700342999688,0.06481668620396944,0.807343291946309
V,0.1749929118230791,0.9622700342999688,0.06481668620396944,0.807343291946309
V,0.1751746067798535,0.9619582164016215,0.06481668620396944,0.807343291946309
V,0.17535679763461648,0.961646398503274,0.06481668620396944,0.807343291946309
V,0.17553948642031544,0.9613345806049267,0.06481668620396944,0.807343291946309
V,0.1757796909743999,0.9613345806049267,0.06481668620396944,0.807343291946309
V,0.17590636597202397,0.960710944808232,0.06481668620396944,0.807343291946309
V,0.17614773311989024,0.960710944808232,0.06481668620396944,0.807343291946309
V,0.17638976355413064,0.960710944808232,0.06481668620396944,0.807343291946309
V,0.1766324600126125,0.960710944808232,0.06481668620396944,0.807343291946309
V,0.1768758252482921,0.960710944808232,0.06481668620396944,0.807343291946309
V,0.17711986202931876,0.960710944808232,0.06481668620396944,0.807343291946309
V,0.1773070059294226,0.9603991269098846,0.06481668620396944,0.807343291946309
V,0.1774370208105148,0.9597754911131899,0.06481668620396944,0.807343291946309
V,0.17762512266928362,0.9594636732148425,0.06481668620396944,0.807343291946309
V,0.17787155326897508,0.9594636732148425,0.06481668620396944,0.807343291946309
V,0.17806078147612156,0.9591518553164952,0.06481668620396944,0.807343291946309
V,0.17819256854675092,0.9585282195198004,0.06481668620396944,0.807343291946309
V,0.17838277123120683,0.958216401621453,0.06481668620396944,0.807343291946309
V,0.17863163401732257,0.958216401621453,0.06481668620396944,0.807343291946309
V,0.17870656033529309,0.9572809479264109,0.06481668620396944,0.807343291946309
V,0.17895657242786359,0.9572809479264109,0.06481668620396944,0.807343291946309
V,0.17920728503881853,0.9572809479264109,0.06481668620396944,0.807343291946309
V,0.17940024551353248,0.9569691300280636,0.06481668620396944,0.807343291946309
V,0.179593748170696,0.9566573121297163,0.06481668620396944,0.807343291946309
V,0.17984641538190985,0.9566573121297163,0.06481668620396944,0.807343291946309
V,0.17998238919870854,0.9560336763330215,0.06481668620396944,0.807343291946309
V,0.18017753218505672,0.9557218584346742,0.06481668620396944,0.807343291946309
V,0.18037322658503563,0.9554100405363268,0.06481668620396944,0.807343291946309
V,0.18062842657548783,0.9554100405363268,0.06481668620396944,0.807343291946309
V,0.18088434972548556,0.9554100405363268,0.06481668620396944,0.807343291946309
V,0.18114099911321313,0.9554100405363268,0.06481668620396944,0.807343291946309
V,0.18139837783434964,0.9554100405363268,0.06481668620396944,0.807343291946309
V,0.18165648900219364,0.9554100405363268,0.06481668620396944,0.807343291946309
V,0.1819153357477884,0.9554100405363268,0.06481668620396944,0.807343291946309
V,0.18217492122004875,0.9554100405363268,0.06481668620396944,0.807343291946309
V,0.18243524858588867,0.9554100405363268,0.06481668620396944,0.807343291946309
V,0.1826366942937213,0.9550982226379794,0.06481668620396944,0.807343291946309
V,0.1827790051949603,0.9544745868412847,0.06481668620396944,0.807343291946309
V,0.18286192668779525,0.9535391331462426,0.06481668620396944,0.807343291946309
V,0.1830648541828852,0.9532273152478953,0.06481668620396944,0.807343291946309
V,0.18308845577211394,0.9519800436545057,0.06481668620396944,0.807343291946309
V,0.18335235121013754,0.9519800436545057,0.06481668620396944,0.807343291946309
V,0.18355686533950802,0.9516682257561584,0.06481668620396944,0.807343291946309
V,0.18376197072818165,0.9513564078578111,0.06481668620396944,0.807343291946309
V,0.18396766994390493,0.9510445899594637,0.06481668620396944,0.807343291946309
V,0.1842343702808819,0.9510445899594637,0.06481668620396944,0.807343291946309
V,0.18450184501845018,0.9510445899594637,0.06481668620396944,0.807343291946309
V,0.18464893681468467,0.950420954162769,0.06481668620396944,0.807343291946309
V,0.18491779409088152,0.950420954162769,0.06481668620396944,0.807343291946309
V,0.1851266784130263,0.9501091362644216,0.06481668620396944,0.807343291946309
V,0.1853970185579556,0.9501091362644216,0.06481668620396944,0.807343291946309
V,0.18560721467308514,0.9497973183660742,0.06481668620396944,0.807343291946309
V,0.18581802648440837,0.9494855004677268,0.06481668620396944,0.807343291946309
V,0.18590722972560045,0.9485500467726847,0.06481668620396944,0.807343291946309
V,0.18611910153620173,0.9482382288743374,0.06481668620396944,0.807343291946309
V,0.1862703034017775,0.9476145930776426,0.06481668620396944,0.807343291946309
V,0.1865447179424222,0.9476145930776426,0.06481668620396944,0.807343291946309
V,0.1868199422142989,0.9476145930776426,0.06481668620396944,0.807343291946309
V,0.18709597980668596,0.9476145930776426,0.06481668620396944,0.807343291946309
V,0.18724952216536161,0.946990957280948,0.06481668620396944,0.807343291946309
V,0.18746526705773386,0.9466791393826005,0.06481668620396944,0.807343291946309
V,0.18768165234060974,0.9463673214842532,0.06481668620396944,0.807343291946309
V,0.1879606118783675,0.9463673214842532,0.06481668620396944,0.807343291946309
V,0.1881783787136389,0.9460555035859058,0.06481668620396944,0.807343291946309
V,0.18845891049133487,0.9460555035859058,0.06481668620396944,0.807343291946309
V,0.1887402799377916,0.9460555035859058,0.06481668620396944,0.807343291946309
V,0.1888978879820572,0.9454318677892111,0.06481668620396944,0.807343291946309
V,0.18911836276283772,0.9451200498908637,0.06481668620396944,0.807343291946309
V,0.18933949884396675,0.9448082319925164,0.06481668620396944,0.807343291946309
V,0.1894361349270918,0.9438727782974743,0.06481668620396944,0.807343291946309
V,0.18965841429019117,0.943560960399127,0.06481668620396944,0.807343291946309
V,0.18988136337957442,0.9432491425007795,0.06481668620396944,0.807343291946309
V,0.19010498522662977,0.9429373246024322,0.06481668620396944,0.807343291946309
V,0.19032928288106782,0.9426255067040848,0.06481668620396944,0.807343291946309
V,0.19055425941105997,0.9423136888057374,0.06481668620396944,0.807343291946309
V,0.1907799179033786,0.9420018709073901,0.06481668620396944,0.807343291946309
V,0.19106950856998292,0.9420018709073901,0.06481668620396944,0.807343291946309
V,0.19135997973015773,0.9420018709073901,0.06481668620396944,0.807343291946309
V,0.1916513354056969,0.9420018709073901,0.06481668620396944,0.807343291946309
V,0.19194357964292522,0.9420018709073901,0.06481668620396944,0.807343291946309
V,0.1922367165128858,0.9420018709073901,0.06481668620396944,0.807343291946309
V,0.1925307501115289,0.9420018709073901,0.06481668620396944,0.807343291946309
V,0.1927618561307206,0.9416900530090427,0.06481668620396944,0.807343291946309
V,0.19305759764751007,0.9416900530090427,0.06481668620396944,0.807343291946309
V,0.19335424803124399,0.9416900530090427,0.06481668620396944,0.807343291946309
V,0.19352356524527092,0.941066417212348,0.06481668620396944,0.807343291946309
V,0.1938218483077516,0.941066417212348,0.06481668620396944,0.807343291946309
V,0.19412105229304688,0.941066417212348,0.06481668620396944,0.807343291946309
V,0.19442118147265347,0.941066417212348,0.06481668620396944,0.807343291946309
V,0.1945286792696303,0.9401309635173059,0.06481668620396944,0.807343291946309
V,0.19476575121163167,0.9398191456189585,0.06481668620396944,0.807343291946309
V,0.1949388389101029,0.9391955098222639,0.06481668620396944,0.807343291946309
V,0.1952421079924807,0.9391955098222639,0.06481668620396944,0.807343291946309
V,0.19554632214503667,0.9391955098222639,0.06481668620396944,0.807343291946309
V,0.1957864620586514,0.9388836919239164,0.06481668620396944,0.807343291946309
V,0.19609247802018887,0.9388836919239164,0.06481668620396944,0.807343291946309
V,0.19639945209053553,0.9388836919239164,0.06481668620396944,0.807343291946309
V,0.19670738877637683,0.9388836919239164,0.06481668620396944,0.807343291946309
V,0.19688542825361513,0.9382600561272217,0.06481668620396944,0.807343291946309
V,0.1971950979749656,0.9382600561272217,0.06481668620396944,0.807343291946309
V,0.19744010502133247,0.9379482382288743,0.06481668620396944,0.807343291946309
V,0.19775162711195846,0.9379482382288743,0.06481668620396944,0.807343291946309
V,0.1979982880094818,0.937636420330527,0.06481668620396944,0.807343291946309
V,0.19824572973685947,0.9373246024321796,0.06481668620396944,0.807343291946309
V,0.19856001056872977,0.9373246024321796,0.06481668620396944,0.807343291946309
V,0.1987429705590473,0.9367009666354849,0.06481668620396944,0.807343291946309
V,0.1989265124908886,0.9360773308387902,0.06481668620396944,0.807343291946309
V,0.19917700935820004,0.9357655129404427,0.06481668620396944,0.807343291946309
V,0.19942830552416407,0.9354536950420954,0.06481668620396944,0.807343291946309
V,0.19968040482056063,0.9351418771437481,0.06481668620396944,0.807343291946309
V,0.2,0.9351418771437481,0.06481668620396944,0.807343291946309
V,0.20032061986507246,0.9351418771437481,0.06481668620396944,0.807343291946309
V,0.20064226935170937,0.9351418771437481,0.06481668620396944,0.807343291946309
V,0.20089794277290088,0.9348300592454006,0.06481668620396944,0.807343291946309
V,0.20108732129673132,0.934206423448706,0.06481668620396944,0.807343291946309
V,0.20141176470588235,0.934206423448706,0.06481668620396944,0.807343291946309
V,0.20166992121742644,0.9338946055503586,0.06481668620396944,0.807343291946309
V,0.20179402441491873,0.9329591518553165,0.06481668620396944,0.807343291946309
V,0.20205363777612645,0.9326473339569691,0.06481668620396944,0.807343291946309
V,0.20224643074632925,0.9320236981602744,0.06481668620396944,0.807343291946309
V,0.20250762453405624,0.9317118802619271,0.06481668620396944,0.807343291946309
V,0.20270178535062114,0.9310882444652323,0.06481668620396944,0.807343291946309
V,0.20289657985993065,0.9304646086685375,0.06481668620396944,0.807343291946309
V,0.2031601171422734,0.9301527907701902,0.06481668620396944,0.807343291946309
V,0.20349273483866567,0.9301527907701902,0.06481668620396944,0.807343291946309
V,0.20375811411001024,0.9298409728718429,0.06481668620396944,0.807343291946309
V,0.20409280678940525,0.9298409728718429,0.06481668620396944,0.807343291946309
V,0.20429149242476177,0.9292173370751481,0.06481668620396944,0.807343291946309
V,0.20455950010300075,0.9289055191768008,0.06481668620396944,0.807343291946309
V,0.20489717312057226,0.9289055191768008,0.06481668620396944,0.807343291946309
V,0.2050292800551154,0.9279700654817586,0.06481668620396944,0.807343291946309
V,0.20536884963080532,0.9279700654817586,0.06481668620396944,0.807343291946309
V,0.20570954586299856,0.9279700654817586,0.06481668620396944,0.807343291946309
V,0.20584366128920584,0.9270346117867165,0.06481668620396944,0.807343291946309
V,0.20611692905194534,0.9267227938883692,0.06481668620396944,0.807343291946309
V,0.2063216394581452,0.9260991580916744,0.06481668620396944,0.807343291946309
V,0.20659661818940922,0.9257873401933271,0.06481668620396944,0.807343291946309
V,0.2068725169024883,0.9254755222949798,0.06481668620396944,0.807343291946309
V,0.2072191579976262,0.9254755222949798,0.06481668620396944,0.807343291946309
V,0.20742709280369256,0.924851886498285,0.06481668620396944,0.807343291946309
V,0.20777583187390544,0.924851886498285,0.06481668620396944,0.807343291946309
V,0.2080555750473651,0.9245400685999376,0.06481668620396944,0.807343291946309
V,0.20840655092429886,0.9245400685999376,0.06481668620396944,0.807343291946309
V,0.20868830528761528,0.9242282507015903,0.06481668620396944,0.807343291946309
V,0.20904154030608646,0.9242282507015903,0.06481668620396944,0.807343291946309
V,0.20925468032497352,0.9236046149048955,0.06481668620396944,0.807343291946309
V,0.20946854433514966,0.9229809791082008,0.06481668620396944,0.807343291946309
V,0.20968313603175728,0.9223573433115061,0.06481668620396944,0.807343291946309
V,0.2100404743307534,0.9223573433115061,0.06481668620396944,0.807343291946309
V,0.2103279038338431,0.9220455254131588,0.06481668620396944,0.807343291946309
V,0.2106163163519772,0.9217337075148113,0.06481668620396944,0.807343291946309
V,0.21083434444365143,0.9211100717181167,0.06481668620396944,0.807343291946309
V,0.21112461571459212,0.9207982538197692,0.06481668620396944,0.807343291946309
V,0.21141588483850177,0.9204864359214219,0.06481668620396944,0.807343291946309
V,0.2115646746538489,0.9195509822263798,0.06481668620396944,0.807343291946309
V,0.21185770750988142,0.9192391643280324,0.06481668620396944,0.807343291946309
V,0.2121517529335541,0.9189273464296851,0.06481668620396944,0.807343291946309
V,0.212302588880075,0.917991892734643,0.06481668620396944,0.807343291946309
V,0.2124539478436755,0.9170564390396009,0.06481668620396944,0.807343291946309
V,0.21269358807352728,0.9164328032429061,0.06481668620396944,0.807343291946309
V,0.21306365086269394,0.9164328032429061,0.06481668620396944,0.807343291946309
V,0.21328976034858388,0.9158091674462114,0.06481668620396944,0.807343291946309
V,0.21366215626364032,0.9158091674462114,0.06481668620396944,0.807343291946309
V,0.21396297915755721,0.915497349547864,0.06481668620396944,0.807343291946309
V,0.21426485618338442,0.9151855316495167,0.06481668620396944,0.807343291946309
V,0.2146409243820389,0.9151855316495167,0.06481668620396944,0.807343291946309
V,0.21487179487179486,0.914561895852822,0.06481668620396944,0.807343291946309
V,0.2152502568618817,0.914561895852822,0.06481668620396944,0.807343291946309
V,0.21563005440376415,0.914561895852822,0.06481668620396944,0.807343291946309
V,0.2160111945794668,0.914561895852822,0.06481668620396944,0.807343291946309
V,0.21639368452117455,0.914561895852822,0.06481668620396944,0.807343291946309
V,0.21677753141167774,0.914561895852822,0.06481668620396944,0.807343291946309
V,0.2169406189841552,0.9136264421577799,0.06481668620396944,0.807343291946309
V,0.2172526331404836,0.9133146242594324,0.06481668620396944,0.807343291946309
V,0.21764006538861644,0.9133146242594324,0.06481668620396944,0.807343291946309
V,0.21795444394819116,0.9130028063610851,0.06481668620396944,0.807343291946309
V,0.21834451901565996,0.9130028063610851,0.06481668620396944,0.807343291946309
V,0.21851187808157777,0.912067352666043,0.06481668620396944,0.807343291946309
V,0.21890435563538393,0.912067352666043,0.06481668620396944,0.807343291946309
V,0.21907332433648224,0.9111318989710009,0.06481668620396944,0.807343291946309
V,0.21946822893195134,0.9111318989710009,0.06481668620396944,0.807343291946309
V,0.2197140707298721,0.9105082631743062,0.06481668620396944,0.807343291946309
V,0.22011156339514548,0.9105082631743062,0.06481668620396944,0.807343291946309
V,0.22051049690379096,0.9105082631743062,0.06481668620396944,0.807343291946309
V,0.22083522469359965,0.9101964452759589,0.06481668620396944,0.807343291946309
V,0.22123692587539792,0.9101964452759589,0.06481668620396944,0.807343291946309
V,0.22148823082763858,0.9095728094792641,0.06481668620396944,0.807343291946309
V,0.22181652213601094,0.9092609915809168,0.06481668620396944,0.807343291946309
V,0.2222222222222222,0.9092609915809168,0.06481668620396944,0.807343291946309
V,0.22255306153611237,0.9089491736825693,0.06481668620396944,0.807343291946309
V,0.22288511549640508,0.908637355784222,0.06481668620396944,0.807343291946309
V,0.2232183908045977,0.9083255378858747,0.06481668620396944,0.807343291946309
V,0.22355289421157684,0.9080137199875273,0.06481668620396944,0.807343291946309
V,0.2238117212736502,0.9073900841908326,0.06481668620396944,0.807343291946309
V,0.2241485591000154,0.9070782662924852,0.06481668620396944,0.807343291946309
V,0.22440944881889763,0.9064546304957904,0.06481668620396944,0.807343291946309
V,0.22474864655839133,0.9061428125974431,0.06481668620396944,0.807343291946309
V,0.22516658918332558,0.9061428125974431,0.06481668620396944,0.807343291946309
V,0.22535320602390932,0.905207358902401,0.06481668620396944,0.807343291946309
V,0.22577383729973557,0.905207358902401,0.06481668620396944,0.807343291946309
V,0.22619604176406422,0.905207358902401,0.06481668620396944,0.807343291946309
V,0.2265417642466823,0.9048955410040537,0.06481668620396944,0.807343291946309
V,0.22696699515094634,0.9048955410040537,0.06481668620396944,0.807343291946309
V,0.2271587525466228,0.9039600873090116,0.06481668620396944,0.807343291946309
V,0.2275082430522845,0.9036482694106641,0.06481668620396944,0.807343291946309
V,0.22785905301242723,0.9033364515123168,0.06481668620396944,0.807343291946309
V,0.22821118991331757,0.9030246336139695,0.06481668620396944,0.807343291946309
V,0.22848570977419863,0.9024009978172747,0.06481668620396944,0.807343291946309
V,0.22891947476665084,0.9024009978172747,0.06481668620396944,0.807343291946309
V,0.22935488983991123,0.9024009978172747,0.06481668620396944,0.807343291946309
V,0.22971256153723996,0.9020891799189273,0.06481668620396944,0.807343291946309
V,0.23007159904534608,0.90177736202058,0.06481668620396944,0.807343291946309
V,0.23035230352303523,0.9011537262238852,0.06481668620396944,0.807343291946309
V,0.2307938029068839,0.9011537262238852,0.06481668620396944,0.807343291946309
V,0.23107697231557048,0.9005300904271906,0.06481668620396944,0.807343291946309
V,0.2315215648548982,0.9005300904271906,0.06481668620396944,0.807343291946309
V,0.23196787148594378,0.9005300904271906,0.06481668620396944,0.807343291946309
V,0.23233542572026397,0.9002182725288431,0.06481668620396944,0.807343291946309
V,0.23278503467182712,0.9002182725288431,0.06481668620396944,0.807343291946309
V,0.23315559864275326,0.8999064546304958,0.06481668620396944,0.807343291946309
V,0.23360854783875667,0.8999064546304958,0.06481668620396944,0.807343291946309
V,0.2340632603406326,0.8999064546304958,0.06481668620396944,0.807343291946309
V,0.23451974646513896,0.8999064546304958,0.06481668620396944,0.807343291946309
V,0.23481517668132226,0.899282818833801,0.06481668620396944,0.807343291946309
V,0.23519334312285853,0.8989710009354537,0.06481668620396944,0.807343291946309
V,0.235572993297368,0.8986591830371063,0.06481668620396944,0.807343291946309
V,0.23603603603603604,0.8986591830371063,0.06481668620396944,0.807343291946309
V,0.23641884129328739,0.898347365138759,0.06481668620396944,0.807343291946309
V,0.2368853806939648,0.898347365138759,0.06481668620396944,0.807343291946309
V,0.23735376503542593,0.898347365138759,0.06481668620396944,0.807343291946309
V,0.23782400528314346,0.898347365138759,0.06481668620396944,0.807343291946309
V,0.2380479735318445,0.8974119114437169,0.06481668620396944,0.807343291946309
V,0.23852146527432455,0.8974119114437169,0.06481668620396944,0.807343291946309
V,0.2389968443780103,0.8974119114437169,0.06481668620396944,0.807343291946309
V,0.23947412215010816,0.8974119114437169,0.06481668620396944,0.807343291946309
V,0.2399533099883275,0.8974119114437169,0.06481668620396944,0.807343291946309
V,0.24035087719298245,0.8971000935453695,0.06481668620396944,0.807343291946309
V,0.24075004185501422,0.8967882756470221,0.06481668620396944,0.807343291946309
V,0.24106693507800706,0.8961646398503275,0.06481668620396944,0.807343291946309
V,0.2415532022188603,0.8961646398503275,0.06481668620396944,0.807343291946309
V,0.24204143506821627,0.8961646398503275,0.06481668620396944,0.807343291946309
V,0.24253164556962026,0.8961646398503275,0.06481668620396944,0.807343291946309
V,0.24302384576357178,0.8961646398503275,0.06481668620396944,0.807343291946309
V,0.2435180477885104,0.8961646398503275,0.06481668620396944,0.807343291946309
V,0.24392935982339956,0.89585282195198,0.06481668620396944,0.807343291946309
V,0.2444274289603539,0.89585282195198,0.06481668620396944,0.807343291946309
V,0.24492753623188407,0.89585282195198,0.06481668620396944,0.807343291946309
V,0.2454296941739279,0.89585282195198,0.06481668620396944,0.807343291946309
V,0.24584831364492382,0.8955410040536327,0.06481668620396944,0.807343291946309
V,0.24618287870989877,0.8949173682569379,0.06481668620396944,0.807343291946309
V,0.246690734055355,0.8949173682569379,0.06481668620396944,0.807343291946309
V,0.247114556416882,0.8946055503585906,0.06481668620396944,0.807343291946309
V,0.24754013464526153,0.8942937324602432,0.06481668620396944,0.807343291946309
V,0.24788098944819237,0.8936700966635485,0.06481668620396944,0.807343291946309
V,0.2483966025307679,0.8936700966635485,0.06481668620396944,0.807343291946309
V,0.24882751433038042,0.8933582787652011,0.06481668620396944,0.807343291946309
V,0.249260226283725,0.8930464608668538,0.06481668620396944,0.807343291946309
V,0.24978196406767836,0.8930464608668538,0.06481668620396944,0.807343291946309
V,0.2502184932704073,0.8927346429685064,0.06481668620396944,0.807343291946309
V,0.2507444386057103,0.8927346429685064,0.06481668620396944,0.807343291946309
V,0.25127259961383186,0.8927346429685064,0.06481668620396944,0.807343291946309
V,0.25180299032541775,0.8927346429685064,0.06481668620396944,0.807343291946309
V,0.2522474881015336,0.892422825070159,0.06481668620396944,0.807343291946309
V,0.2527821939586645,0.892422825070159,0.06481668620396944,0.807343291946309
V,0.2531421490529297,0.8917991892734642,0.06481668620396944,0.807343291946309
V,0.25359233634912187,0.8914873713751169,0.06481668620396944,0.807343291946309
V,0.25404444444444446,0.8911755534767696,0.06481668620396944,0.807343291946309
V,0.25458756458221987,0.8911755534767696,0.06481668620396944,0.807343291946309
V,0.2551330119621496,0.8911755534767696,0.06481668620396944,0.807343291946309
V,0.2556808015745214,0.8911755534767696,0.06481668620396944,0.807343291946309
V,0.2561412946028331,0.8908637355784222,0.06481668620396944,0.807343291946309
V,0.25669362084456426,0.8908637355784222,0.06481668620396944,0.807343291946309
V,0.25715829281469477,0.8905519176800748,0.06481668620396944,0.807343291946309
V,0.25771521386031404,0.8905519176800748,0.06481668620396944,0.807343291946309
V,0.25827455236028213,0.8905519176800748,0.06481668620396944,0.807343291946309
V,0.2588363240891789,0.8905519176800748,0.06481668620396944,0.807343291946309
V,0.25940054495912807,0.8905519176800748,0.06481668620396944,0.807343291946309
V,0.2599672310212998,0.8905519176800748,0.06481668620396944,0.807343291946309
V,0.2604451742382777,0.8902400997817275,0.06481668620396944,0.807343291946309
V,0.2609252148473213,0.8899282818833801,0.06481668620396944,0.807343291946309
V,0.26149899212021255,0.8899282818833801,0.06481668620396944,0.807343291946309
V,0.26189164370982554,0.8893046460866854,0.06481668620396944,0.807343291946309
V,0.2623780600036812,0.888992828188338,0.06481668620396944,0.807343291946309
V,0.26295886367828814,0.888992828188338,0.06481668620396944,0.807343291946309
V,0.2633573673507118,0.8883691923916432,0.06481668620396944,0.807343291946309
V,0.2638502871965907,0.8880573744932959,0.06481668620396944,0.807343291946309
V,0.26434540389972144,0.8877455565949486,0.06481668620396944,0.807343291946309
V,0.2649357900614182,0.8877455565949486,0.06481668620396944,0.807343291946309
V,0.2654355530684574,0.8874337386966011,0.06481668620396944,0.807343291946309
V,0.26603103383810056,0.8874337386966011,0.06481668620396944,0.807343291946309
V,0.2666291924302042,0.8874337386966011,0.06481668620396944,0.807343291946309
V,0.2672300469483568,0.8874337386966011,0.06481668620396944,0.807343291946309
V,0.2678336156597026,0.8874337386966011,0.06481668620396944,0.807343291946309
V,0.2683455951707225,0.8871219207982538,0.06481668620396944,0.807343291946309
V,0.2689544337303838,0.8871219207982538,0.06481668620396944,0.807343291946309
V,0.2694712905059693,0.8868101028999065,0.06481668620396944,0.807343291946309
V,0.2698955365622032,0.8861864671032117,0.06481668620396944,0.807343291946309
V,0.2705120883304778,0.8861864671032117,0.06481668620396944,0.807343291946309
V,0.2710360618202633,0.8858746492048644,0.06481668620396944,0.807343291946309
V,0.27146681965959074,0.8852510134081696,0.06481668620396944,0.807343291946309
V,0.27209124017634656,0.8852510134081696,0.06481668620396944,0.807343291946309
V,0.2727185398655139,0.8852510134081696,0.06481668620396944,0.807343291946309
V,0.2732524552281918,0.8849391955098223,0.06481668620396944,0.807343291946309
V,0.27388535031847133,0.8849391955098223,0.06481668620396944,0.807343291946309
V,0.2745211839814277,0.8849391955098223,0.06481668620396944,0.807343291946309
V,0.2750630211363196,0.8846273776114749,0.06481668620396944,0.807343291946309
V,0.27570456754130224,0.8846273776114749,0.06481668620396944,0.807343291946309
V,0.2763491135788038,0.8846273776114749,0.06481668620396944,0.807343291946309
V,0.27680140597539543,0.8840037418147801,0.06481668620396944,0.807343291946309
V,0.27745155607751026,0.8840037418147801,0.06481668620396944,0.807343291946309
V,0.27800667059054346,0.8836919239164328,0.06481668620396944,0.807343291946309
V,0.2785644051130777,0.8833801060180855,0.06481668620396944,0.807343291946309
V,0.2792233392469939,0.8833801060180855,0.06481668620396944,0.807343291946309
V,0.27988539814265956,0.8833801060180855,0.06481668620396944,0.807343291946309
V,0.28055060408001586,0.8833801060180855,0.06481668620396944,0.807343291946309
V,0.28121897955132025,0.8833801060180855,0.06481668620396944,0.807343291946309
V,0.2817910447761194,0.883068288119738,0.06481668620396944,0.807343291946309
V,0.2824655894673848,0.883068288119738,0.06481668620396944,0.807343291946309
V,0.28304339132173567,0.8827564702213907,0.06481668620396944,0.807343291946309
V,0.28372419322509523,0.8827564702213907,0.06481668620396944,0.807343291946309
V,0.28430781595338556,0.8824446523230434,0.06481668620396944,0.807343291946309
V,0.285023668043106,0.8824446523230434,0.06481668620396944,0.807343291946309
V,0.2857142857142857,0.8824446523230434,0.06481668620396944,0.807343291946309
V,0.2864082582734541,0.8824446523230434,0.06481668620396944,0.807343291946309
V,0.2870041594805722,0.882132834424696,0.06481668620396944,0.807343291946309
V,0.28770466795484595,0.882132834424696,0.06481668620396944,0.807343291946309
V,0.28840860434295035,0.882132834424696,0.06481668620396944,0.807343291946309
V,0.28911599386816556,0.882132834424696,0.06481668620396944,0.807343291946309
V,0.2898268620018441,0.882132834424696,0.06481668620396944,0.807343291946309
V,0.29043853342918763,0.8818210165263486,0.06481668620396944,0.807343291946309
V,0.2911561824359106,0.8818210165263486,0.06481668620396944,0.807343291946309
V,0.2918773867272164,0.8818210165263486,0.06481668620396944,0.807343291946309
V,0.2926021727884118,0.8818210165263486,0.06481668620396944,0.807343291946309
V,0.29322684368841406,0.8815091986280013,0.06481668620396944,0.807343291946309
V,0.29395861495268794,0.8815091986280013,0.06481668620396944,0.807343291946309
V,0.2945898050661941,0.8811973807296539,0.06481668620396944,0.807343291946309
V,0.2952241613543735,0.8808855628313065,0.06481668620396944,0.807343291946309
V,0.2959664745940283,0.8808855628313065,0.06481668620396944,0.807343291946309
V,0.29660749921226764,0.8805737449329591,0.06481668620396944,0.807343291946309
V,0.2973570601242498,0.8805737449329591,0.06481668620396944,0.807343291946309
V,0.29811041908582286,0.8805737449329591,0.06481668620396944,0.807343291946309
V,0.2988676050375701,0.8805737449329591,0.06481668620396944,0.807343291946309
V,0.29952254641909815,0.8802619270346118,0.06481668620396944,0.807343291946309
V,0.3002872034889905,0.8802619270346118,0.06481668620396944,0.807343291946309
V,0.30105577476804946,0.8802619270346118,0.06481668620396944,0.807343291946309
V,0.30182829038811076,0.8802619270346118,0.06481668620396944,0.807343291946309
V,0.30260478079108155,0.8802619270346118,0.06481668620396944,0.807343291946309
V,0.30327780763030626,0.8799501091362644,0.06481668620396944,0.807343291946309
V,0.3039543152677513,0.879638291237917,0.06481668620396944,0.807343291946309
V,0.30463433077670954,0.8793264733395697,0.06481668620396944,0.807343291946309
V,0.3052095743528647,0.8787028375428749,0.06481668620396944,0.807343291946309
V,0.30600499511347595,0.8787028375428749,0.06481668620396944,0.807343291946309
V,0.3068045726728362,0.8787028375428749,0.06481668620396944,0.807343291946309
V,0.307608339700906,0.8787028375428749,0.06481668620396944,0.807343291946309
V,0.30841632921090073,0.8787028375428749,0.06481668620396944,0.807343291946309
V,0.3091188412158455,0.8783910196445276,0.06481668620396944,0.807343291946309
V,0.3098250632632853,0.8780792017461803,0.06481668620396944,0.807343291946309
V,0.3105350248207391,0.8777673838478328,0.06481668620396944,0.807343291946309
V,0.3112487556686207,0.8774555659494855,0.06481668620396944,0.807343291946309
V,0.31207718753465674,0.8774555659494855,0.06481668620396944,0.807343291946309
V,0.31291004114311133,0.8774555659494855,0.06481668620396944,0.807343291946309
V,0.31374735199018844,0.8774555659494855,0.06481668620396944,0.807343291946309
V,0.3145891559530464,0.8774555659494855,0.06481668620396944,0.807343291946309
V,0.31532339423831407,0.8771437480511382,0.06481668620396944,0.807343291946309
V,0.31606159379566146,0.8768319301527908,0.06481668620396944,0.807343291946309
V,0.3168037867688493,0.8765201122544434,0.06481668620396944,0.807343291946309
V,0.3176630127698045,0.8765201122544434,0.06481668620396944,0.807343291946309
V,0.31841359773371103,0.876208294356096,0.06481668620396944,0.807343291946309
V,0.3192818997841154,0.876208294356096,0.06481668620396944,0.807343291946309
V,0.3200410162925829,0.8758964764577487,0.06481668620396944,0.807343291946309
V,0.320804295670056,0.8755846585594013,0.06481668620396944,0.807343291946309
V,0.32157177225340816,0.8752728406610539,0.06481668620396944,0.807343291946309
V,0.322343480758185,0.8749610227627066,0.06481668620396944,0.807343291946309
V,0.32311945628383826,0.8746492048643593,0.06481668620396944,0.807343291946309
V,0.32389973431904817,0.8743373869660118,0.06481668620396944,0.807343291946309
V,0.3246843507471331,0.8740255690676645,0.06481668620396944,0.807343291946309
V,0.3255894993611337,0.8740255690676645,0.06481668620396944,0.807343291946309
V,0.32649970879440887,0.8740255690676645,0.06481668620396944,0.807343291946309
V,0.32741502160962505,0.8740255690676645,0.06481668620396944,0.807343291946309
V,0.32810120651282654,0.8734019332709697,0.06481668620396944,0.807343291946309
V,0.3289087278280277,0.8730901153726224,0.06481668620396944,0.807343291946309
V,0.32983861467781833,0.8730901153726224,0.06481668620396944,0.807343291946309
V,0.33077377436503247,0.8730901153726224,0.06481668620396944,0.807343291946309
V,0.33159578249022625,0.872778297474275,0.06481668620396944,0.807343291946309
V,0.3325412854936438,0.872778297474275,0.06481668620396944,0.807343291946309
V,0.333492195877517,0.872778297474275,0.06481668620396944,0.807343291946309
V,0.3343290715736647,0.8724664795759277,0.06481668620396944,0.807343291946309
V,0.3352905931695626,0.8724664795759277,0.06481668620396944,0.807343291946309
V,0.3362576613387814,0.8724664795759277,0.06481668620396944,0.807343291946309
V,0.3372303242135712,0.8724664795759277,0.06481668620396944,0.807343291946309
V,0.3382086304847093,0.8724664795759277,0.06481668620396944,0.807343291946309
V,0.3389501757788823,0.8718428437792329,0.06481668620396944,0.807343291946309
V,0.3398176291793313,0.8715310258808856,0.06481668620396944,0.807343291946309
V,0.3408120960858432,0.8715310258808856,0.06481668620396944,0.807343291946309
V,0.34181240063593005,0.8715310258808856,0.06481668620396944,0.807343291946309
V,0.3428185943824359,0.8715310258808856,0.06481668620396944,0.807343291946309
V,0.34370771312584575,0.8712192079825382,0.06481668620396944,0.807343291946309
V,0.3446020974706971,0.8709073900841908,0.06481668620396944,0.807343291946309
V,0.3456255413933919,0.8709073900841908,0.06481668620396944,0.807343291946309
V,0.3466550825369244,0.8709073900841908,0.06481668620396944,0.807343291946309
V,0.34769077555085276,0.8709073900841908,0.06481668620396944,0.807343291946309
V,0.3487326757397927,0.8709073900841908,0.06481668620396944,0.807343291946309
V,0.3496556042579837,0.8705955721858435,0.06481668620396944,0.807343291946309
V,0.3507097098354478,0.8705955721858435,0.06481668620396944,0.807343291946309
V,0.3517701902482046,0.8705955721858435,0.06481668620396944,0.807343291946309
V,0.35271072917983065,0.870283754287496,0.06481668620396944,0.807343291946309
V,0.3537837495246546,0.870283754287496,0.06481668620396944,0.807343291946309
V,0.3548633184996821,0.870283754287496,0.06481668620396944,0.807343291946309
V,0.35594949623772476,0.870283754287496,0.06481668620396944,0.807343291946309
V,0.3569144172956377,0.8699719363891487,0.06481668620396944,0.807343291946309
V,0.3578852816630309,0.8696601184908014,0.06481668620396944,0.807343291946309
V,0.3589908611146866,0.8696601184908014,0.06481668620396944,0.807343291946309
V,0.35997417688831507,0.869348300592454,0.06481668620396944,0.807343291946309
V,0.36109312265250615,0.869348300592454,0.06481668620396944,0.807343291946309
V,0.36208912563336365,0.8690364826941066,0.06481668620396944,0.807343291946309
V,0.3632216864329467,0.8690364826941066,0.06481668620396944,0.807343291946309
V,0.3642306183814878,0.8687246647957593,0.06481668620396944,0.807343291946309
V,0.3653770491803279,0.8687246647957593,0.06481668620396944,0.807343291946309
V,0.36653071964215234,0.8687246647957593,0.06481668620396944,0.807343291946309
V,0.36755972020588623,0.8684128468974119,0.06481668620396944,0.807343291946309
V,0.3687276578842844,0.8684128468974119,0.06481668620396944,0.807343291946309
V,0.3697702218090052,0.8681010289990645,0.06481668620396944,0.807343291946309
V,0.3709526982011992,0.8681010289990645,0.06481668620396944,0.807343291946309
V,0.3721427616628793,0.8681010289990645,0.06481668620396944,0.807343291946309
V,0.3732063832640472,0.8677892111007172,0.06481668620396944,0.807343291946309
V,0.37427687340239474,0.8674773932023698,0.06481668620396944,0.807343291946309
V,0.3754892698069915,0.8674773932023698,0.06481668620396944,0.807343291946309
V,0.3767095463777928,0.8674773932023698,0.06481668620396944,0.807343291946309
V,0.377801929085722,0.8671655753040225,0.06481668620396944,0.807343291946309
V,0.37903775385034755,0.8671655753040225,0.06481668620396944,0.807343291946309
V,0.38028169014084506,0.8671655753040225,0.06481668620396944,0.807343291946309
V,0.3813966250514474,0.866853757405675,0.06481668620396944,0.807343291946309
V,0.3826565726083964,0.866853757405675,0.06481668620396944,0.807343291946309
V,0.3839248722552134,0.866853757405675,0.06481668620396944,0.807343291946309
V,0.3852016073160593,0.866853757405675,0.06481668620396944,0.807343291946309
V,0.3864868622271653,0.866853757405675,0.06481668620396944,0.807343291946309
V,0.38778072255544704,0.866853757405675,0.06481668620396944,0.807343291946309
V,0.38908327501749473,0.866853757405675,0.06481668620396944,0.807343291946309
V,0.3903946074989468,0.866853757405675,0.06481668620396944,0.807343291946309
V,0.39157390446667606,0.8665419395073277,0.06481668620396944,0.807343291946309
V,0.3929025873038315,0.8665419395073277,0.06481668620396944,0.807343291946309
V,0.39409845368137325,0.8662301216089804,0.06481668620396944,0.807343291946309
V,0.39516014234875446,0.8656064858122856,0.06481668620396944,0.807343291946309
V,0.3962291101271247,0.8649828500155909,0.06481668620396944,0.807343291946309
V,0.3976490825688073,0.8649828500155909,0.06481668620396944,0.807343291946309
V,0.39902186421173763,0.8649828500155909,0.06481668620396944,0.807343291946309
V,0.4004041570438799,0.8649828500155909,0.06481668620396944,0.807343291946309
V,0.4017960602549247,0.8649828500155909,0.06481668620396944,0.807343291946309
V,0.40319767441860466,0.8649828500155909,0.06481668620396944,0.807343291946309
V,0.4046091015169195,0.8649828500155909,0.06481668620396944,0.807343291946309
V,0.4060304449648712,0.8649828500155909,0.06481668620396944,0.807343291946309
V,0.40731492361927146,0.8646710321172435,0.06481668620396944,0.807343291946309
V,0.4087558962264151,0.8646710321172435,0.06481668620396944,0.807343291946309
V,0.4100591715976331,0.8643592142188962,0.06481668620396944,0.807343291946309
V,0.41137173396674587,0.8640473963205488,0.06481668620396944,0.807343291946309
V,0.41254469606674615,0.8634237605238541,0.06481668620396944,0.807343291946309
V,0.4137260765550239,0.8628001247271594,0.06481668620396944,0.807343291946309
V,0.4152160864345738,0.8628001247271594,0.06481668620396944,0.807343291946309
V,0.4167168674698795,0.8628001247271594,0.06481668620396944,0.807343291946309
V,0.4182285368802902,0.8628001247271594,0.06481668620396944,0.807343291946309
V,0.4195995145631068,0.862488306828812,0.06481668620396944,0.807343291946309
V,0.42113276492082824,0.862488306828812,0.06481668620396944,0.807343291946309
V,0.42267726161369196,0.862488306828812,0.06481668620396944,0.807343291946309
V,0.4242331288343558,0.862488306828812,0.06481668620396944,0.807343291946309
V,0.4258004926108374,0.862488306828812,0.06481668620396944,0.807343291946309
V,0.4273794808405439,0.862488306828812,0.06481668620396944,0.807343291946309
V,0.428970223325062,0.862488306828812,0.06481668620396944,0.807343291946309
V,0.4305728518057285,0.862488306828812,0.06481668620396944,0.807343291946309
V,0.43203125,0.8621764889304646,0.06481668620396944,0.807343291946309
V,0.4336574654956085,0.8621764889304646,0.06481668620396944,0.807343291946309
V,0.43529596977329976,0.8621764889304646,0.06481668620396944,0.807343291946309
V,0.43694690265486724,0.8621764889304646,0.06481668620396944,0.807343291946309
V,0.4386104060913706,0.8621764889304646,0.06481668620396944,0.807343291946309
V,0.44028662420382164,0.8621764889304646,0.06481668620396944,0.807343291946309
V,0.44181585677749363,0.8618646710321173,0.06481668620396944,0.807343291946309
V,0.4435173299101412,0.8618646710321173,0.06481668620396944,0.807343291946309
V,0.44507087628865977,0.8615528531337698,0.06481668620396944,0.807343291946309
V,0.4467981888745149,0.8615528531337698,0.06481668620396944,0.807343291946309
V,0.448538961038961,0.8615528531337698,0.06481668620396944,0.807343291946309
V,0.45029335071707954,0.8615528531337698,0.06481668620396944,0.807343291946309
V,0.45206151832460734,0.8615528531337698,0.06481668620396944,0.807343291946309
V,0.45367936925098556,0.8612410352354225,0.06481668620396944,0.807343291946309
V,0.45547493403693934,0.8612410352354225,0.06481668620396944,0.807343291946309
V,0.45678807947019867,0.8603055815403804,0.06481668620396944,0.807343291946309
V,0.4586103723404255,0.8603055815403804,0.06481668620396944,0.807343291946309
V,0.4602803738317757,0.8599937636420331,0.06481668620396944,0.807343291946309
V,0.4621313672922252,0.8599937636420331,0.06481668620396944,0.807343291946309
V,0.4639973082099596,0.8599937636420331,0.06481668620396944,0.807343291946309
V,0.46587837837837837,0.8599937636420331,0.06481668620396944,0.807343291946309
V,0.46743554952510175,0.8593701278453383,0.06481668620396944,0.807343291946309
V,0.4690853346959632,0.8587464920486436,0.06481668620396944,0.807343291946309
V,0.47083974687874125,0.8584346741502962,0.06481668620396944,0.807343291946309
V,0.4727803537695346,0.8584346741502962,0.06481668620396944,0.807343291946309
V,0.47456458010001723,0.8581228562519488,0.06481668620396944,0.807343291946309
V,0.4763636363636364,0.8578110383536015,0.06481668620396944,0.807343291946309
V,0.47835159102764735,0.8578110383536015,0.06481668620396944,0.807343291946309
V,0.48018159594901344,0.8574992204552542,0.06481668620396944,0.807343291946309
V,0.48220234964054004,0.8574992204552542,0.06481668620396944,0.807343291946309
V,0.4842401831308329,0.8574992204552542,0.06481668620396944,0.807343291946309
V,0.48629531388152075,0.8574992204552542,0.06481668620396944,0.807343291946309
V,0.4880127863612147,0.8568755846585594,0.06481668620396944,0.807343291946309
V,0.48974496165507403,0.8562519488618646,0.06481668620396944,0.807343291946309
V,0.49185025971699803,0.8562519488618646,0.06481668620396944,0.807343291946309
V,0.49361395934520597,0.85562831306517,0.06481668620396944,0.807343291946309
V,0.4957542908762421,0.85562831306517,0.06481668620396944,0.807343291946309
V,0.49736889856650335,0.8546928593701278,0.06481668620396944,0.807343291946309
V,0.4995443776198287,0.8546928593701278,0.06481668620396944,0.807343291946309
V,0.5017389712612118,0.8546928593701278,0.06481668620396944,0.807343291946309
V,0.5038617138653917,0.8543810414717805,0.06481668620396944,0.807343291946309
V,0.5057258958256372,0.8537574056750857,0.06481668620396944,0.807343291946309
V,0.5077922077922078,0.8534455877767384,0.06481668620396944,0.807343291946309
V,0.509877003354454,0.8531337698783911,0.06481668620396944,0.807343291946309
V,0.5121677274429053,0.8531337698783911,0.06481668620396944,0.807343291946309
V,0.5139150056412185,0.852198316183349,0.06481668620396944,0.807343291946309
V,0.5158670192670948,0.8515746803866542,0.06481668620396944,0.807343291946309
V,0.5180265654648957,0.8512628624883068,0.06481668620396944,0.807343291946309
V,0.5202058711399161,0.8509510445899595,0.06481668620396944,0.807343291946309
V,0.5224052087322865,0.8506392266916121,0.06481668620396944,0.807343291946309
V,0.5248172373989997,0.8506392266916121,0.06481668620396944,0.807343291946309
V,0.5270583687669115,0.8503274087932647,0.06481668620396944,0.807343291946309
V,0.5295145631067961,0.8503274087932647,0.06481668620396944,0.807343291946309
V,0.5319937573156457,0.8503274087932647,0.06481668620396944,0.807343291946309
V,0.5343002744021952,0.8500155908949174,0.06481668620396944,0.807343291946309
V,0.5368255218589996,0.8500155908949174,0.06481668620396944,0.807343291946309
V,0.5389790265136526,0.8493919550982226,0.06481668620396944,0.807343291946309
V,0.541351888667992,0.8490801371998753,0.06481668620396944,0.807343291946309
V,0.5436563436563436,0.8484565014031805,0.06481668620396944,0.807343291946309
V,0.5462758482232484,0.8484565014031805,0.06481668620396944,0.807343291946309
V,0.5489207181763163,0.8484565014031805,0.06481668620396944,0.807343291946309
V,0.5513886073383337,0.8481446835048332,0.06481668620396944,0.807343291946309
V,0.5536769199429619,0.8475210477081384,0.06481668620396944,0.807343291946309
V,0.5561924257932446,0.8472092298097911,0.06481668620396944,0.807343291946309
V,0.5589384900226291,0.8472092298097911,0.06481668620396944,0.807343291946309
V,0.5615050651230101,0.8468974119114437,0.06481668620396944,0.807343291946309
V,0.5636816954082693,0.8459619582164016,0.06481668620396944,0.807343291946309
V,0.5660889538525788,0.8453383224197069,0.06481668620396944,0.807343291946309
V,0.5689401888772297,0.8453383224197069,0.06481668620396944,0.807343291946309
V,0.5717299578059072,0.8450265045213595,0.06481668620396944,0.807343291946309
V,0.5744274809160306,0.8447146866230122,0.06481668620396944,0.807343291946309
V,0.5773657289002557,0.8447146866230122,0.06481668620396944,0.807343291946309
V,0.5803341902313625,0.8447146866230122,0.06481668620396944,0.807343291946309
V,0.582687338501292,0.8437792329279701,0.06481668620396944,0.807343291946309
V,0.5857142857142857,0.8437792329279701,0.06481668620396944,0.807343291946309
V,0.5885552654482158,0.8434674150296227,0.06481668620396944,0.807343291946309
V,0.5909886264216972,0.8425319613345806,0.06481668620396944,0.807343291946309
V,0.5941072999120492,0.8425319613345806,0.06481668620396944,0.807343291946309
V,0.5972590627763041,0.8425319613345806,0.06481668620396944,0.807343291946309
V,0.5993333333333334,0.8409728718428437,0.06481668620396944,0.807343291946309
V,0.6023235031277927,0.8406610539444964,0.06481668620396944,0.807343291946309
V,0.6053459119496856,0.8403492360461491,0.06481668620396944,0.807343291946309
V,0.6084010840108401,0.8400374181478016,0.06481668620396944,0.807343291946309
V,0.611716621253406,0.8400374181478016,0.06481668620396944,0.807343291946309
V,0.6148401826484018,0.8397256002494543,0.06481668620396944,0.807343291946309
V,0.6182277318640955,0.8397256002494543,0.06481668620396944,0.807343291946309
V,0.6216528162511542,0.8397256002494543,0.06481668620396944,0.807343291946309
V,0.6246518105849582,0.8391019644527596,0.06481668620396944,0.807343291946309
V,0.6274509803921569,0.8381665107577175,0.06481668620396944,0.807343291946309
V,0.6305164319248826,0.8375428749610228,0.06481668620396944,0.807343291946309
V,0.6336166194523135,0.836919239164328,0.06481668620396944,0.807343291946309
V,0.6369895536562203,0.8366074212659806,0.06481668620396944,0.807343291946309
V,0.640639923591213,0.8366074212659806,0.06481668620396944,0.807343291946309
V,0.643611911623439,0.8356719675709385,0.06481668620396944,0.807343291946309
V,0.6471014492753623,0.8353601496725912,0.06481668620396944,0.807343291946309
V,0.6508746355685131,0.8353601496725912,0.06481668620396944,0.807343291946309
V,0.6544477028347996,0.8350483317742439,0.06481668620396944,0.807343291946309
V,0.658062930186824,0.8347365138758964,0.06481668620396944,0.807343291946309
V,0.6604846686449061,0.8328656064858123,0.06481668620396944,0.807343291946309
V,0.664179104477612,0.8325537885874649,0.06481668620396944,0.807343291946309
V,0.6676676676676677,0.8319301527907702,0.06481668620396944,0.807343291946309
V,0.6711983887210473,0.8313065169940754,0.06481668620396944,0.807343291946309
V,0.6747720364741642,0.8306828811973808,0.06481668620396944,0.807343291946309
V,0.6783893985728848,0.830059245400686,0.06481668620396944,0.807343291946309
V,0.6825641025641026,0.830059245400686,0.06481668620396944,0.807343291946309
V,0.686016511867905,0.8291237917056439,0.06481668620396944,0.807343291946309
V,0.6902907580477674,0.8291237917056439,0.06481668620396944,0.807343291946309
V,0.6938349007314525,0.8281883380106018,0.06481668620396944,0.807343291946309
V,0.6974237644584648,0.8272528843155598,0.06481668620396944,0.807343291946309
V,0.7015873015873015,0.8269410664172123,0.06481668620396944,0.807343291946309
V,0.7052715654952076,0.8260056127221702,0.06481668620396944,0.807343291946309
V,0.7090032154340836,0.8250701590271281,0.06481668620396944,0.807343291946309
V,0.7125134843581445,0.8238228874337387,0.06481668620396944,0.807343291946309
V,0.7170784686396959,0.8235110695353913,0.06481668620396944,0.807343291946309
V,0.7209620114785461,0.8225756158403492,0.06481668620396944,0.807343291946309
V,0.725171939477304,0.8219519800436546,0.06481668620396944,0.807343291946309
V,0.7294378288562725,0.8213283442469598,0.06481668620396944,0.807343291946309
V,0.733482018399777,0.8203928905519177,0.06481668620396944,0.807343291946309
V,0.7373000280662363,0.8191456189585282,0.06481668620396944,0.807343291946309
V,0.7420175190731845,0.8188338010601809,0.06481668620396944,0.807343291946309
V,0.7465149359886202,0.8182101652634861,0.06481668620396944,0.807343291946309
V,0.7502148381552564,0.8166510757717493,0.06481668620396944,0.807343291946309
V,0.7545428324199596,0.8157156220767072,0.06481668620396944,0.807343291946309
V,0.7583502759221609,0.8141565325849703,0.06481668620396944,0.807343291946309
V,0.7622111728575607,0.8125974430932336,0.06481668620396944,0.807343291946309
V,0.7658321060382917,0.8107265357031493,0.06481668620396944,0.807343291946309
V,0.7700978938000593,0.8094792641097599,0.06481668620396944,0.807343291946309
V,0.7732297579922318,0.806984720922981,0.06481668620396944,0.807343291946309
V,0.7767077941619019,0.8048019956345495,0.06481668620396944,0.807343291946309
V,0.7808426795998787,0.8032429061428126,0.06481668620396944,0.807343291946309
V,0.785648854961832,0.8023074524477705,0.06481668620396944,0.807343291946309
V,0.7883728083666565,0.7991892734642968,0.06481668620396944,0.807343291946309
V,0.7914471645491168,0.7963829123791706,0.06481668620396944,0.807343291946309
V,0.7951920074929754,0.794200187090739,0.06481668620396944,0.807343291946309
V,0.7989933941491035,0.7920174618023075,0.06481668620396944,0.807343291946309
V,0.8025356576862124,0.7895229186155285,0.06481668620396944,0.807343291946309
V,0.8054934525710635,0.7864047396320549,0.06481668620396944,0.807343291946309
V,0.808818796266495,0.7835983785469286,0.06481668620396944,0.807343291946309
V,0.8128446318520921,0.781415653258497,0.06481668620396944,0.807343291946309
V,0.8159529257927427,0.7782974742750234,0.06481668620396944,0.807343291946309
V,0.8187808896210873,0.7748674773932024,0.06481668620396944,0.807343291946309
V,0.8226502822982398,0.7723729342064235,0.06481668620396944,0.807343291946309
V,0.8265818547037161,0.7698783910196445,0.06481668620396944,0.807343291946309
V,0.8309146135673304,0.767695665731213,0.06481668620396944,0.807343291946309
V,0.8332766247022797,0.7636420330526972,0.06481668620396944,0.807343291946309
V,0.8377358490566038,0.7614593077642656,0.06481668620396944,0.807343291946309
V,0.8398478035281909,0.7570938571874025,0.06481668620396944,0.807343291946309
V,0.8444366934077433,0.754911131898971,0.06481668620396944,0.807343291946309
V,0.848047836792121,0.7517929529154973,0.06481668620396944,0.807343291946309
V,0.8527846754168145,0.7496102276270658,0.06481668620396944,0.807343291946309
V,0.8540250447227191,0.7443093233551605,0.06481668620396944,0.807343291946309
V,0.8570913027787802,0.7405675085749922,0.06481668620396944,0.807343291946309
V,0.8587550054605023,0.7355784222014343,0.06481668620396944,0.807343291946309
V,0.8593463092177746,0.7296538821328344,0.06481668620396944,0.807343291946309
V,0.861430159318266,0.724976613657624,0.06481668620396944,0.807343291946309
V,0.8642990654205608,0.7209229809791082,0.06481668620396944,0.807343291946309
V,0.8668427008675972,0.7165575304022451,0.06481668620396944,0.807343291946309
V,0.8690521507422916,0.7118802619270346,0.06481668620396944,0.807343291946309
V,0.8713023434498656,0.7072029934518241,0.06481668620396944,0.807343291946309
V,0.8728189220628151,0.7019020891799189,0.06481668620396944,0.807343291946309
V,0.873972602739726,0.6962893670096664,0.06481668620396944,0.807343291946309
V,0.8755432635322007,0.6909884627377612,0.06481668620396944,0.807343291946309
V,0.877143996808935,0.6856875584658559,0.06481668620396944,0.807343291946309
V,0.8807893677003624,0.6819457436856876,0.06481668620396944,0.807343291946309
V,0.8828792191947946,0.6769566573121297,0.06481668620396944,0.807343291946309
V,0.8841889117043121,0.6713439351418772,0.06481668620396944,0.807343291946309
V,0.8867689755288262,0.6666666666666666,0.06481668620396944,0.807343291946309
V,0.8881441139505656,0.6610539444964141,0.06481668620396944,0.807343291946309
V,0.8895471857807872,0.6554412223261615,0.06481668620396944,0.807343291946309
V,0.8914065840102608,0.6501403180542563,0.06481668620396944,0.807343291946309
V,0.8928725701943845,0.6445275958840038,0.06481668620396944,0.807343291946309
V,0.8943692710606722,0.6389148737137512,0.06481668620396944,0.807343291946309
V,0.8950154389060432,0.6326785157468039,0.06481668620396944,0.807343291946309
V,0.896121266161391,0.6267539756782039,0.06481668620396944,0.807343291946309
V,0.8963497070752591,0.6202057998129092,0.06481668620396944,0.807343291946309
V,0.89749430523918,0.6142812597443094,0.06481668620396944,0.807343291946309
V,0.8972823583602026,0.6074212659806673,0.06481668620396944,0.807343291946309
V,0.8993945039590125,0.602120361708762,0.06481668620396944,0.807343291946309
V,0.8991992463495054,0.59526036794512,0.06481668620396944,0.807343291946309
V,0.9018580276322058,0.5902712815715622,0.06481668620396944,0.807343291946309
V,0.9036144578313253,0.5846585594013096,0.06481668620396944,0.807343291946309
V,0.9024865919063871,0.5771749298409729,0.06481668620396944,0.807343291946309
V,0.9042920572274297,0.5715622076707203,0.06481668620396944,0.807343291946309
V,0.9066400399400899,0.5662613033988151,0.06481668620396944,0.807343291946309
V,0.9060131379484588,0.5590894917368257,0.06481668620396944,0.807343291946309
V,0.9063938618925831,0.552541315871531,0.06481668620396944,0.807343291946309
V,0.9078197824961161,0.5466167758029311,0.06481668620396944,0.807343291946309
V,0.9071840587309911,0.5394449641409417,0.06481668620396944,0.807343291946309
V,0.9065321295804567,0.5322731524789522,0.06481668620396944,0.807343291946309
V,0.9053254437869822,0.5247895229186156,0.06481668620396944,0.807343291946309
V,0.9084468664850136,0.5198004365450577,0.06481668620396944,0.807343291946309
V,0.90944229707344,0.5135640785781104,0.06481668620396944,0.807343291946309
V,0.9099048684946839,0.5070159027128157,0.06481668620396944,0.807343291946309
V,0.9092456040839478,0.49984409105082633,0.06481668620396944,0.807343291946309
V,0.9114433582518688,0.49423136888057373,0.06481668620396944,0.807343291946309
V,0.9125364431486881,0.48799501091362646,0.06481668620396944,0.807343291946309
V,0.9142519219396806,0.4820704708450265,0.06481668620396944,0.807343291946309
V,0.9160167966406718,0.4761459307764266,0.06481668620396944,0.807343291946309
V,0.91661594643944,0.4695977549111319,0.06481668620396944,0.807343291946309
V,0.9172328597899938,0.4630495790458372,0.06481668620396944,0.807343291946309
V,0.9178683385579938,0.45650140318054255,0.06481668620396944,0.807343291946309
V,0.9172501591343094,0.4493295915185532,0.06481668620396944,0.807343291946309
V,0.9159663865546218,0.4418459619582164,0.06481668620396944,0.807343291946309
V,0.9179251477347341,0.43592142188961647,0.06481668620396944,0.807343291946309
V,0.9179452968645764,0.4290614281259744,0.06481668620396944,0.807343291946309
V,0.9186440677966101,0.42251325226067976,0.06481668620396944,0.807343291946309
V,0.9186767746381805,0.4156532584970377,0.06481668620396944,0.807343291946309
V,0.9201121233356693,0.40941690053009044,0.06481668620396944,0.807343291946309
V,0.9194583036350678,0.402245088868101,0.06481668620396944,0.807343291946309
V,0.9180565627266135,0.39476145930776424,0.06481668620396944,0.807343291946309
V,0.9180811808118081,0.38790146554412225,0.06481668620396944,0.807343291946309
V,0.9196093163035312,0.3816651075771749,0.06481668620396944,0.807343291946309
V,0.9196633511859219,0.3748051138135329,0.06481668620396944,0.807343291946309
V,0.9189399844115355,0.3676333021515435,0.06481668620396944,0.807343291946309
V,0.9197776012708498,0.36108512628624884,0.06481668620396944,0.807343291946309
V,0.9206477732793522,0.3545369504209542,0.06481668620396944,0.807343291946309
V,0.9199009083402147,0.34736513875896474,0.06481668620396944,0.807343291946309
V,0.9216512215669755,0.34112878079201747,0.06481668620396944,0.807343291946309
V,0.9208942390369733,0.33395696913002804,0.06481668620396944,0.807343291946309
V,0.9201053555750659,0.32678515746803866,0.06481668620396944,0.807343291946309
V,0.9210762331838565,0.320236981602744,0.06481668620396944,0.807343291946309
V,0.922089825847846,0.31368880573744934,0.06481668620396944,0.807343291946309
V,0.9259606373008434,0.30807608356719673,0.06481668620396944,0.807343291946309
V,0.925215723873442,0.30090427190520735,0.06481668620396944,0.807343291946309
V,0.9273797841020608,0.29466791393826003,0.06481668620396944,0.807343291946309
V,0.928643216080402,0.28811973807296537,0.06481668620396944,0.807343291946309
V,0.9320288362512873,0.28219519800436543,0.06481668620396944,0.807343291946309
V,0.9345300950369588,0.27595884003741816,0.06481668620396944,0.807343291946309
V,0.9382448537378115,0.2700342999688182,0.06481668620396944,0.807343291946309
V,0.9399332591768632,0.26348612410352357,0.06481668620396944,0.807343291946309
V,0.9417142857142857,0.25693794823822885,0.06481668620396944,0.807343291946309
V,0.9435957696827262,0.2503897723729342,0.06481668620396944,0.807343291946309
V,0.9467956469165659,0.2441534144059869,0.06481668620396944,0.807343291946309
V,0.9476961394769614,0.23729342064234488,0.06481668620396944,0.807343291946309
V,0.9499358151476252,0.2307452447770502,0.06481668620396944,0.807343291946309
V,0.952317880794702,0.22419706891175553,0.06481668620396944,0.807343291946309
V,0.9534883720930233,0.2173370751481135,0.06481668620396944,0.807343291946309
V,0.9561527581329562,0.21078889928281883,0.06481668620396944,0.807343291946309
V,0.9604685212298683,0.20455254131587153,0.06481668620396944,0.807343291946309
V,0.9590288315629742,0.19706891175553476,0.06481668620396944,0.807343291946309
V,0.9606299212598425,0.19020891799189274,0.06481668620396944,0.807343291946309
V,0.9656301145662848,0.18397256002494544,0.06481668620396944,0.807343291946309
V,0.9676320272572402,0.1771125662613034,0.06481668620396944,0.807343291946309
V,0.9680284191829485,0.169940754599314,0.06481668620396944,0.807343291946309
V,0.9684601113172542,0.1627689429373246,0.06481668620396944,0.807343291946309
V,0.970873786407767,0.15590894917368256,0.06481668620396944,0.807343291946309
V,0.9735234215885947,0.14904895541004054,0.06481668620396944,0.807343291946309
V,0.9721627408993576,0.14156532584970377,0.06481668620396944,0.807343291946309
V,0.9706546275395034,0.134081696289367,0.06481668620396944,0.807343291946309
V,0.9689737470167065,0.12659806672903023,0.06481668620396944,0.807343291946309
V,0.9670886075949368,0.11911443716869348,0.06481668620396944,0.807343291946309
V,0.9703504043126685,0.11225444340505145,0.06481668620396944,0.807343291946309
V,0.9769452449567724,0.10570626753975679,0.06481668620396944,0.807343291946309
V,0.9752321981424149,0.09822263797942002,0.06481668620396944,0.807343291946309
V,0.9765886287625418,0.09105082631743062,0.06481668620396944,0.807343291946309
V,0.9781818181818182,0.08387901465544122,0.06481668620396944,0.807343291946309
V,0.9840637450199203,0.07701902089179918,0.06481668620396944,0.807343291946309
V,0.9823788546255506,0.06953539133146243,0.06481668620396944,0.807343291946309
V,0.9852216748768473,0.06236357966947303,0.06481668620396944,0.807343291946309
V,0.9888268156424581,0.05519176800748363,0.06481668620396944,0.807343291946309
V,0.9935483870967742,0.04801995634549423,0.06481668620396944,0.807343291946309
V,0.9923664122137404,0.04053632678515747,0.06481668620396944,0.807343291946309
V,0.9906542056074766,0.0330526972248207,0.06481668620396944,0.807343291946309
V,0.9879518072289156,0.02556906766448394,0.06481668620396944,0.807343291946309
V,0.9830508474576272,0.01808543810414718,0.06481668620396944,0.807343291946309
V,1.0,0.01091362644215778,0.06481668620396944,0.807343291946309
V,1.0,0.0034299968818210166,0.06481668620396944,0.807343291946309
F,0.007841869113545414,1.0,0.007841869113545414,0.0135248218091929
F,0.00784567476847171,1.0,0.007841869113545414,0.0135248218091929
F,0.007849484118956099,1.0,0.007841869113545414,0.0135248218091929
F,0.007853297170384164,1.0,0.007841869113545414,0.0135248218091929
F,0.007857113928151959,1.0,0.007841869113545414,0.0135248218091929
F,0.007860934397666032,1.0,0.007841869113545414,0.0135248218091929
F,0.007864758584343455,1.0,0.007841869113545414,0.0135248218091929
F,0.007868586493611843,1.0,0.007841869113545414,0.0135248218091929
F,0.007872418130909387,1.0,0.007841869113545414,0.0135248218091929
F,0.007876253501684869,1.0,0.007841869113545414,0.0135248218091929
F,0.007880092611397702,1.0,0.007841869113545414,0.0135248218091929
F,0.007883935465517942,1.0,0.007841869113545414,0.0135248218091929
F,0.007887782069526327,1.0,0.007841869113545414,0.0135248218091929
F,0.00789163242891429,1.0,0.007841869113545414,0.0135248218091929
F,0.007895486549183997,1.0,0.007841869113545414,0.0135248218091929
F,0.007899344435848365,1.0,0.007841869113545414,0.0135248218091929
F,0.00790320609443109,1.0,0.007841869113545414,0.0135248218091929
F,0.007907071530466681,1.0,0.007841869113545414,0.0135248218091929
F,0.007910940749500469,1.0,0.007841869113545414,0.0135248218091929
F,0.007914813757088654,1.0,0.007841869113545414,0.0135248218091929
F,0.007918690558798317,1.0,0.007841869113545414,0.0135248218091929
F,0.007922571160207456,1.0,0.007841869113545414,0.0135248218091929
F,0.007926455566905004,1.0,0.007841869113545414,0.0135248218091929
F,0.007930343784490864,1.0,0.007841869113545414,0.0135248218091929
F,0.007934235818575927,1.0,0.007841869113545414,0.0135248218091929
F,0.00793813167478211,1.0,0.007841869113545414,0.0135248218091929
F,0.007942031358742375,1.0,0.007841869113545414,0.0135248218091929
F,0.007945934876100758,1.0,0.007841869113545414,0.0135248218091929
F,0.007949842232512397,1.0,0.007841869113545414,0.0135248218091929
F,0.007953753433643558,1.0,0.007841869113545414,0.0135248218091929
F,0.007957668485171664,1.0,0.007841869113545414,0.0135248218091929
F,0.007961587392785324,1.0,0.007841869113545414,0.0135248218091929
F,0.007965510162184357,1.0,0.007841869113545414,0.0135248218091929
F,0.007969436799079818,1.0,0.007841869113545414,0.0135248218091929
F,0.007973367309194032,1.0,0.007841869113545414,0.0135248218091929
F,0.007977301698260619,1.0,0.007841869113545414,0.0135248218091929
F,0.00798123997202452,1.0,0.007841869113545414,0.0135248218091929
F,0.007985182136242025,1.0,0.007841869113545414,0.0135248218091929
F,0.007989128196680805,1.0,0.007841869113545414,0.0135248218091929
F,0.007993078159119937,1.0,0.007841869113545414,0.0135248218091929
F,0.007997032029349932,1.0,0.007841869113545414,0.0135248218091929
F,0.008000989813172764,1.0,0.007841869113545414,0.0135248218091929
F,0.008004951516401898,1.0,0.007841869113545414,0.0135248218091929
F,0.008008917144862321,1.0,0.007841869113545414,0.0135248218091929
F,0.008012886704390567,1.0,0.007841869113545414,0.0135248218091929
F,0.008016860200834745,1.0,0.007841869113545414,0.0135248218091929
F,0.008020837640054575,1.0,0.007841869113545414,0.0135248218091929
F,0.008024819027921407,1.0,0.007841869113545414,0.0135248218091929
F,0.008028804370318256,1.0,0.007841869113545414,0.0135248218091929
F,0.008032793673139828,1.0,0.007841869113545414,0.0135248218091929
F,0.008036786942292555,1.0,0.007841869113545414,0.0135248218091929
F,0.008040784183694616,1.0,0.007841869113545414,0.0135248218091929
F,0.008044785403275969,1.0,0.007841869113545414,0.0135248218091929
F,0.008048790606978384,1.0,0.007841869113545414,0.0135248218091929
F,0.008052799800755468,1.0,0.007841869113545414,0.0135248218091929
F,0.008056812990572699,1.0,0.007841869113545414,0.0135248218091929
F,0.008060830182407447,1.0,0.007841869113545414,0.0135248218091929
F,0.008064851382249013,1.0,0.007841869113545414,0.0135248218091929
F,0.008068876596098657,1.0,0.007841869113545414,0.0135248218091929
F,0.008072905829969623,1.0,0.007841869113545414,0.0135248218091929
F,0.008076939089887172,1.0,0.007841869113545414,0.0135248218091929
F,0.008080976381888616,1.0,0.007841869113545414,0.0135248218091929
F,0.008085017712023338,1.0,0.007841869113545414,0.0135248218091929
F,0.008089063086352833,1.0,0.007841869113545414,0.0135248218091929
F,0.008093112510950733,1.0,0.007841869113545414,0.0135248218091929
F,0.008097165991902834,1.0,0.007841869113545414,0.0135248218091929
F,0.008101223535307137,1.0,0.007841869113545414,0.0135248218091929
F,0.008105285147273867,1.0,0.007841869113545414,0.0135248218091929
F,0.008109350833925512,1.0,0.007841869113545414,0.0135248218091929
F,0.008113420601396847,1.0,0.007841869113545414,0.0135248218091929
F,0.008117494455834972,1.0,0.007841869113545414,0.0135248218091929
F,0.008121572403399339,1.0,0.007841869113545414,0.0135248218091929
F,0.00812565445026178,1.0,0.007841869113545414,0.0135248218091929
F,0.008129740602606546,1.0,0.007841869113545414,0.0135248218091929
F,0.00813383086663033,1.0,0.007841869113545414,0.0135248218091929
F,0.008137925248542304,1.0,0.007841869113545414,0.0135248218091929
F,0.00814202375456415,1.0,0.007841869113545414,0.0135248218091929
F,0.008146126390930085,1.0,0.007841869113545414,0.0135248218091929
F,0.008150233163886906,1.0,0.007841869113545414,0.0135248218091929
F,0.008154344079694002,1.0,0.007841869113545414,0.0135248218091929
F,0.008158459144623407,1.0,0.007841869113545414,0.0135248218091929
F,0.008162578364959818,1.0,0.007841869113545414,0.0135248218091929
F,0.008166701747000632,1.0,0.007841869113545414,0.0135248218091929
F,0.008170829297055975,1.0,0.007841869113545414,0.0135248218091929
F,0.008174961021448738,1.0,0.007841869113545414,0.0135248218091929
F,0.008179096926514608,1.0,0.007841869113545414,0.0135248218091929
F,0.0081832370186021,1.0,0.007841869113545414,0.0135248218091929
F,0.008187381304072589,1.0,0.007841869113545414,0.0135248218091929
F,0.008191529789300342,1.0,0.007841869113545414,0.0135248218091929
F,0.008195682480672553,1.0,0.007841869113545414,0.0135248218091929
F,0.008199839384589375,1.0,0.007841869113545414,0.0135248218091929
F,0.008204000507463949,1.0,0.007841869113545414,0.0135248218091929
F,0.008208165855722446,1.0,0.007841869113545414,0.0135248218091929
F,0.008212335435804088,1.0,0.007841869113545414,0.0135248218091929
F,0.008216509254161196,1.0,0.007841869113545414,0.0135248218091929
F,0.008220687317259206,1.0,0.007841869113545414,0.0135248218091929
F,0.008224869631576716,1.0,0.007841869113545414,0.0135248218091929
F,0.008229056203605515,1.0,0.007841869113545414,0.0135248218091929
F,0.008233247039850613,1.0,0.007841869113545414,0.0135248218091929
F,0.008237442146830283,1.0,0.007841869113545414,0.0135248218091929
F,0.008241641531076087,1.0,0.007841869113545414,0.0135248218091929
F,0.008245845199132911,1.0,0.007841869113545414,0.0135248218091929
F,0.008250053157559004,1.0,0.007841869113545414,0.0135248218091929
F,0.00825426541292601,1.0,0.007841869113545414,0.0135248218091929
F,0.008258481971818995,1.0,0.007841869113545414,0.0135248218091929
F,0.008262702840836493,1.0,0.007841869113545414,0.0135248218091929
F,0.008266928026590532,1.0,0.007841869113545414,0.0135248218091929
F,0.008271157535706673,1.0,0.007841869113545414,0.0135248218091929
F,0.008275391374824042,1.0,0.007841869113545414,0.0135248218091929
F,0.008279629550595365,1.0,0.007841869113545414,0.0135248218091929
F,0.008283872069687006,1.0,0.007841869113545414,0.0135248218091929
F,0.008288118938778998,1.0,0.007841869113545414,0.0135248218091929
F,0.008292370164565079,1.0,0.007841869113545414,0.0135248218091929
F,0.008296625753752727,1.0,0.007841869113545414,0.0135248218091929
F,0.008300885713063198,1.0,0.007841869113545414,0.0135248218091929
F,0.008305150049231559,1.0,0.007841869113545414,0.0135248218091929
F,0.008309418769006725,1.0,0.007841869113545414,0.0135248218091929
F,0.00831369187915149,1.0,0.007841869113545414,0.0135248218091929
F,0.008317969386442567,1.0,0.007841869113545414,0.0135248218091929
F,0.008322251297670627,1.0,0.007841869113545414,0.0135248218091929
F,0.008326537619640327,1.0,0.007841869113545414,0.0135248218091929
F,0.008330828359170353,1.0,0.007841869113545414,0.0135248218091929
F,0.008335123523093449,1.0,0.007841869113545414,0.0135248218091929
F,0.008339423118256459,1.0,0.007841869113545414,0.0135248218091929
F,0.008343727151520364,1.0,0.007841869113545414,0.0135248218091929
F,0.008348035629760317,1.0,0.007841869113545414,0.0135248218091929
F,0.008352348559865674,1.0,0.007841869113545414,0.0135248218091929
F,0.008356665948740039,1.0,0.007841869113545414,0.0135248218091929
F,0.008360987803301297,1.0,0.007841869113545414,0.0135248218091929
F,0.008365314130481652,1.0,0.007841869113545414,0.0135248218091929
F,0.008369644937227663,1.0,0.007841869113545414,0.0135248218091929
F,0.00837398023050028,1.0,0.007841869113545414,0.0135248218091929
F,0.008378320017274886,1.0,0.007841869113545414,0.0135248218091929
F,0.00838266430454133,1.0,0.007841869113545414,0.0135248218091929
F,0.008387013099303965,1.0,0.007841869113545414,0.0135248218091929
F,0.008391366408581687,1.0,0.007841869113545414,0.0135248218091929
F,0.008395724239407971,1.0,0.007841869113545414,0.0135248218091929
F,0.008400086598830916,1.0,0.007841869113545414,0.0135248218091929
F,0.008404453493913269,1.0,0.007841869113545414,0.0135248218091929
F,0.008408824931732478,1.0,0.007841869113545414,0.0135248218091929
F,0.008413200919380718,1.0,0.007841869113545414,0.0135248218091929
F,0.008417581463964941,1.0,0.007841869113545414,0.0135248218091929
F,0.008421966572606902,1.0,0.007841869113545414,0.0135248218091929
F,0.008426356252443208,1.0,0.007841869113545414,0.0135248218091929
F,0.008430750510625354,1.0,0.007841869113545414,0.0135248218091929
F,0.008435149354319754,1.0,0.007841869113545414,0.0135248218091929
F,0.008439552790707792,1.0,0.007841869113545414,0.0135248218091929
F,0.008443960826985853,1.0,0.007841869113545414,0.0135248218091929
F,0.00844837347036537,1.0,0.007841869113545414,0.0135248218091929
F,0.00845279072807285,1.0,0.007841869113545414,0.0135248218091929
F,0.008457212607349928,1.0,0.007841869113545414,0.0135248218091929
F,0.008461639115453395,1.0,0.007841869113545414,0.0135248218091929
F,0.008466070259655248,1.0,0.007841869113545414,0.0135248218091929
F,0.00847050604724272,1.0,0.007841869113545414,0.0135248218091929
F,0.008474946485518326,1.0,0.007841869113545414,0.0135248218091929
F,0.008479391581799904,1.0,0.007841869113545414,0.0135248218091929
F,0.00848384134342065,1.0,0.007841869113545414,0.0135248218091929
F,0.008488295777729162,1.0,0.007841869113545414,0.0135248218091929
F,0.00849275489208948,1.0,0.007841869113545414,0.0135248218091929
F,0.008497218693881127,1.0,0.007841869113545414,0.0135248218091929
F,0.008501687190499145,1.0,0.007841869113545414,0.0135248218091929
F,0.008506160389354145,1.0,0.007841869113545414,0.0135248218091929
F,0.00851063829787234,1.0,0.007841869113545414,0.0135248218091929
F,0.008515120923495588,1.0,0.007841869113545414,0.0135248218091929
F,0.008519608273681437,1.0,0.007841869113545414,0.0135248218091929
F,0.008524100355903159,1.0,0.007841869113545414,0.0135248218091929
F,0.0085285971776498,1.0,0.007841869113545414,0.0135248218091929
F,0.008533098746426215,1.0,0.007841869113545414,0.0135248218091929
F,0.008537605069753113,1.0,0.007841869113545414,0.0135248218091929
F,0.0085421161551671,1.0,0.007841869113545414,0.0135248218091929
F,0.008546632010220715,1.0,0.007841869113545414,0.0135248218091929
F,0.00855115264248248,1.0,0.007841869113545414,0.0135248218091929
F,0.008555678059536935,1.0,0.007841869113545414,0.0135248218091929
F,0.008560208268984688,1.0,0.007841869113545414,0.0135248218091929
F,0.008564743278442453,1.0,0.007841869113545414,0.0135248218091929
F,0.00856928309554309,1.0,0.007841869113545414,0.0135248218091929
F,0.008573827727935652,1.0,0.007841869113545414,0.0135248218091929
F,0.00857837718328543,1.0,0.007841869113545414,0.0135248218091929
F,0.00858293146927399,1.0,0.007841869113545414,0.0135248218091929
F,0.008587490593599222,1.0,0.007841869113545414,0.0135248218091929
F,0.008592054563975375,1.0,0.007841869113545414,0.0135248218091929
F,0.008596623388133115,1.0,0.007841869113545414,0.0135248218091929
F,0.008601197073819553,1.0,0.007841869113545414,0.0135248218091929
F,0.008605775628798296,1.0,0.007841869113545414,0.0135248218091929
F,0.008610359060849497,1.0,0.007841869113545414,0.0135248218091929
F,0.008614947377769883,1.0,0.007841869113545414,0.0135248218091929
F,0.008619540587372817,1.0,0.007841869113545414,0.0135248218091929
F,0.008624138697488331,1.0,0.007841869113545414,0.0135248218091929
F,0.008628741715963173,1.0,0.007841869113545414,0.0135248218091929
F,0.008633349650660852,1.0,0.007841869113545414,0.0135248218091929
F,0.008637962509461685,1.0,0.007841869113545414,0.0135248218091929
F,0.008642580300262841,1.0,0.007841869113545414,0.0135248218091929
F,0.008647203030978382,1.0,0.007841869113545414,0.0135248218091929
F,0.008651830709539312,1.0,0.007841869113545414,0.0135248218091929
F,0.008656463343893623,1.0,0.007841869113545414,0.0135248218091929
F,0.008661100942006339,1.0,0.007841869113545414,0.0135248218091929
F,0.008665743511859562,1.0,0.007841869113545414,0.0135248218091929
F,0.008670391061452514,1.0,0.007841869113545414,0.0135248218091929
F,0.008675043598801592,1.0,0.007841869113545414,0.0135248218091929
F,0.008679701131940405,1.0,0.007841869113545414,0.0135248218091929
F,0.008684363668919826,1.0,0.007841869113545414,0.0135248218091929
F,0.008689031217808035,1.0,0.007841869113545414,0.0135248218091929
F,0.008693703786690567,1.0,0.007841869113545414,0.0135248218091929
F,0.008698381383670357,1.0,0.007841869113545414,0.0135248218091929
F,0.008703064016867794,1.0,0.007841869113545414,0.0135248218091929
F,0.008707751694420755,1.0,0.007841869113545414,0.0135248218091929
F,0.008712444424484664,1.0,0.007841869113545414,0.0135248218091929
F,0.008717142215232532,1.0,0.007841869113545414,0.0135248218091929
F,0.00872184507485501,1.0,0.007841869113545414,0.0135248218091929
F,0.008726553011560433,1.0,0.007841869113545414,0.0135248218091929
F,0.008731266033574868,1.0,0.007841869113545414,0.0135248218091929
F,0.008735984149142163,1.0,0.007841869113545414,0.0135248218091929
F,0.008740707366523992,1.0,0.007841869113545414,0.0135248218091929
F,0.00874543569399991,1.0,0.007841869113545414,0.0135248218091929
F,0.008750169139867394,1.0,0.007841869113545414,0.0135248218091929
F,0.008754907712441896,1.0,0.007841869113545414,0.0135248218091929
F,0.008759651420056892,1.0,0.007841869113545414,0.0135248218091929
F,0.008764400271063925,1.0,0.007841869113545414,0.0135248218091929
F,0.008769154273832663,1.0,0.007841869113545414,0.0135248218091929
F,0.008773913436750939,1.0,0.007841869113545414,0.0135248218091929
F,0.008778677768224807,1.0,0.007841869113545414,0.0135248218091929
F,0.00878344727667859,1.0,0.007841869113545414,0.0135248218091929
F,0.008788221970554927,1.0,0.007841869113545414,0.0135248218091929
F,0.008793001858314825,1.0,0.007841869113545414,0.0135248218091929
F,0.008797786948437712,1.0,0.007841869113545414,0.0135248218091929
F,0.00880257724942148,1.0,0.007841869113545414,0.0135248218091929
F,0.008807372769782539,1.0,0.007841869113545414,0.0135248218091929
F,0.00881217351805587,1.0,0.007841869113545414,0.0135248218091929
F,0.008816979502795074,1.0,0.007841869113545414,0.0135248218091929
F,0.008821790732572415,1.0,0.007841869113545414,0.0135248218091929
F,0.00882660721597889,1.0,0.007841869113545414,0.0135248218091929
F,0.008831428961624255,1.0,0.007841869113545414,0.0135248218091929
F,0.008836255978137099,1.0,0.007841869113545414,0.0135248218091929
F,0.008841088274164882,1.0,0.007841869113545414,0.0135248218091929
F,0.008845925858373991,1.0,0.007841869113545414,0.0135248218091929
F,0.008850768739449793,1.0,0.007841869113545414,0.0135248218091929
F,0.008855616926096682,1.0,0.007841869113545414,0.0135248218091929
F,0.008860470427038136,1.0,0.007841869113545414,0.0135248218091929
F,0.008865329251016772,1.0,0.007841869113545414,0.0135248218091929
F,0.008870193406794385,1.0,0.007841869113545414,0.0135248218091929
F,0.00887506290315202,1.0,0.007841869113545414,0.0135248218091929
F,0.008879937748890008,1.0,0.007841869113545414,0.0135248218091929
F,0.008884817952828028,1.0,0.007841869113545414,0.0135248218091929
F,0.00888970352380516,1.0,0.007841869113545414,0.0135248218091929
F,0.008894594470679933,1.0,0.007841869113545414,0.0135248218091929
F,0.008899490802330382,1.0,0.007841869113545414,0.0135248218091929
F,0.008904392527654105,1.0,0.007841869113545414,0.0135248218091929
F,0.008909299655568312,1.0,0.007841869113545414,0.0135248218091929
F,0.00891421219500988,1.0,0.007841869113545414,0.0135248218091929
F,0.008919130154935406,1.0,0.007841869113545414,0.0135248218091929
F,0.008924053544321266,1.0,0.007841869113545414,0.0135248218091929
F,0.008928982372163668,1.0,0.007841869113545414,0.0135248218091929
F,0.008933916647478701,1.0,0.007841869113545414,0.0135248218091929
F,0.0089388563793024,1.0,0.007841869113545414,0.0135248218091929
F,0.008943801576690794,1.0,0.007841869113545414,0.0135248218091929
F,0.008948752248719959,1.0,0.007841869113545414,0.0135248218091929
F,0.008953708404486085,1.0,0.007841869113545414,0.0135248218091929
F,0.008958670053105518,1.0,0.007841869113545414,0.0135248218091929
F,0.008963637203714826,1.0,0.007841869113545414,0.0135248218091929
F,0.008968609865470852,1.0,0.007841869113545414,0.0135248218091929
F,0.008973588047550765,1.0,0.007841869113545414,0.0135248218091929
F,0.008978571759152126,1.0,0.007841869113545414,0.0135248218091929
F,0.008983561009492939,1.0,0.007841869113545414,0.0135248218091929
F,0.008988555807811703,1.0,0.007841869113545414,0.0135248218091929
F,0.008993556163367484,1.0,0.007841869113545414,0.0135248218091929
F,0.008998562085439955,1.0,0.007841869113545414,0.0135248218091929
F,0.009003573583329465,1.0,0.007841869113545414,0.0135248218091929
F,0.009008590666357093,1.0,0.007841869113545414,0.0135248218091929
F,0.009013613343864703,1.0,0.007841869113545414,0.0135248218091929
F,0.009018641625215006,1.0,0.007841869113545414,0.0135248218091929
F,0.009023675519791618,1.0,0.007841869113545414,0.0135248218091929
F,0.009028715036999115,1.0,0.007841869113545414,0.0135248218091929
F,0.009033760186263097,1.0,0.007841869113545414,0.0135248218091929
F,0.009038810977030238,1.0,0.007841869113545414,0.0135248218091929
F,0.009043867418768356,1.0,0.007841869113545414,0.0135248218091929
F,0.009048929520966463,1.0,0.007841869113545414,0.0135248218091929
F,0.00905399729313483,1.0,0.007841869113545414,0.0135248218091929
F,0.009059070744805043,1.0,0.007841869113545414,0.0135248218091929
F,0.009064149885530066,1.0,0.007841869113545414,0.0135248218091929
F,0.009069234724884297,1.0,0.007841869113545414,0.0135248218091929
F,0.009074325272463633,1.0,0.007841869113545414,0.0135248218091929
F,0.009079421537885525,1.0,0.007841869113545414,0.0135248218091929
F,0.009084523530789042,1.0,0.007841869113545414,0.0135248218091929
F,0.009089631260834934,1.0,0.007841869113545414,0.0135248218091929
F,0.009094744737705687,1.0,0.007841869113545414,0.0135248218091929
F,0.009099863971105586,1.0,0.007841869113545414,0.0135248218091929
F,0.009104988970760782,1.0,0.007841869113545414,0.0135248218091929
F,0.009110119746419348,1.0,0.007841869113545414,0.0135248218091929
F,0.009115256307851337,1.0,0.007841869113545414,0.0135248218091929
F,0.009120398664848855,1.0,0.007841869113545414,0.0135248218091929
F,0.009125546827226116,1.0,0.007841869113545414,0.0135248218091929
F,0.009130700804819505,1.0,0.007841869113545414,0.0135248218091929
F,0.00913586060748764,1.0,0.007841869113545414,0.0135248218091929
F,0.009141026245111436,1.0,0.007841869113545414,0.0135248218091929
F,0.009146197727594172,1.0,0.007841869113545414,0.0135248218091929
F,0.00915137506486155,1.0,0.007841869113545414,0.0135248218091929
F,0.009156558266861755,1.0,0.007841869113545414,0.0135248218091929
F,0.009161747343565525,1.0,0.007841869113545414,0.0135248218091929
F,0.009166942304966215,1.0,0.007841869113545414,0.0135248218091929
F,0.009172143161079855,1.0,0.007841869113545414,0.0135248218091929
F,0.00917734992194522,1.0,0.007841869113545414,0.0135248218091929
F,0.009182562597623893,1.0,0.007841869113545414,0.0135248218091929
F,0.009187781198200332,1.0,0.007841869113545414,0.0135248218091929
F,0.009193005733781926,1.0,0.007841869113545414,0.0135248218091929
F,0.009198236214499075,1.0,0.007841869113545414,0.0135248218091929
F,0.009203472650505242,1.0,0.007841869113545414,0.0135248218091929
F,0.009208715051977026,1.0,0.007841869113545414,0.0135248218091929
F,0.009213963429114225,1.0,0.007841869113545414,0.0135248218091929
F,0.009219217792139904,1.0,0.007841869113545414,0.0135248218091929
F,0.009224478151300461,1.0,0.007841869113545414,0.0135248218091929
F,0.009229744516865692,1.0,0.007841869113545414,0.0135248218091929
F,0.009235016899128862,1.0,0.007841869113545414,0.0135248218091929
F,0.009240295308406763,1.0,0.007841869113545414,0.0135248218091929
F,0.009245579755039795,1.0,0.007841869113545414,0.0135248218091929
F,0.009250870249392017,1.0,0.007841869113545414,0.0135248218091929
F,0.009256166801851233,1.0,0.007841869113545414,0.0135248218091929
F,0.009261469422829044,1.0,0.007841869113545414,0.0135248218091929
F,0.009266778122760926,1.0,0.007841869113545414,0.0135248218091929
F,0.009272092912106294,1.0,0.007841869113545414,0.0135248218091929
F,0.009277413801348573,1.0,0.007841869113545414,0.0135248218091929
F,0.009282740800995263,1.0,0.007841869113545414,0.0135248218091929
F,0.009288073921578014,1.0,0.007841869113545414,0.0135248218091929
F,0.009293413173652695,1.0,0.007841869113545414,0.0135248218091929
F,0.009298758567799454,1.0,0.007841869113545414,0.0135248218091929
F,0.0093041101146228,1.0,0.007841869113545414,0.0135248218091929
F,0.009309467824751668,1.0,0.007841869113545414,0.0135248218091929
F,0.009314831708839488,1.0,0.007841869113545414,0.0135248218091929
F,0.009320201777564256,1.0,0.007841869113545414,0.0135248218091929
F,0.009325578041628611,1.0,0.007841869113545414,0.0135248218091929
F,0.009330960511759896,1.0,0.007841869113545414,0.0135248218091929
F,0.009336349198710236,1.0,0.007841869113545414,0.0135248218091929
F,0.00934174411325661,1.0,0.007841869113545414,0.0135248218091929
F,0.009347145266200915,1.0,0.007841869113545414,0.0135248218091929
F,0.009352552668370052,1.0,0.007841869113545414,0.0135248218091929
F,0.009357966330615987,1.0,0.007841869113545414,0.0135248218091929
F,0.009363386263815821,1.0,0.007841869113545414,0.0135248218091929
F,0.009368812478871879,1.0,0.007841869113545414,0.0135248218091929
F,0.009374244986711766,1.0,0.007841869113545414,0.0135248218091929
F,0.009379683798288449,1.0,0.007841869113545414,0.0135248218091929
F,0.00938512892458033,1.0,0.007841869113545414,0.0135248218091929
F,0.009390580376591316,1.0,0.007841869113545414,0.0135248218091929
F,0.009396038165350899,1.0,0.007841869113545414,0.0135248218091929
F,0.009401502301914224,1.0,0.007841869113545414,0.0135248218091929
F,0.009406972797362169,1.0,0.007841869113545414,0.0135248218091929
F,0.009412449662801416,1.0,0.007841869113545414,0.0135248218091929
F,0.009417932909364532,1.0,0.007841869113545414,0.0135248218091929
F,0.009423422548210035,1.0,0.007841869113545414,0.0135248218091929
F,0.00942891859052248,1.0,0.007841869113545414,0.0135248218091929
F,0.009434421047512522,1.0,0.007841869113545414,0.0135248218091929
F,0.00943992993041701,1.0,0.007841869113545414,0.0135248218091929
F,0.00944544525049905,1.0,0.007841869113545414,0.0135248218091929
F,0.009450967019048084,1.0,0.007841869113545414,0.0135248218091929
F,0.009456495247379966,1.0,0.007841869113545414,0.0135248218091929
F,0.009462029946837048,1.0,0.007841869113545414,0.0135248218091929
F,0.009467571128788248,1.0,0.007841869113545414,0.0135248218091929
F,0.009473118804629132,1.0,0.007841869113545414,0.0135248218091929
F,0.009478672985781991,1.0,0.007841869113545414,0.0135248218091929
F,0.009484233683695917,1.0,0.007841869113545414,0.0135248218091929
F,0.009489800909846892,1.0,0.007841869113545414,0.0135248218091929
F,0.009495374675737848,1.0,0.007841869113545414,0.0135248218091929
F,0.00950095499289877,1.0,0.007841869113545414,0.0135248218091929
F,0.009506541872886754,1.0,0.007841869113545414,0.0135248218091929
F,0.009512135327286099,1.0,0.007841869113545414,0.0135248218091929
F,0.009517735367708384,1.0,0.007841869113545414,0.0135248218091929
F,0.009523342005792548,1.0,0.007841869113545414,0.0135248218091929
F,0.009528955253204971,1.0,0.007841869113545414,0.0135248218091929
F,0.009534575121639554,1.0,0.007841869113545414,0.0135248218091929
F,0.009540201622817802,1.0,0.007841869113545414,0.0135248218091929
F,0.009545834768488904,1.0,0.007841869113545414,0.0135248218091929
F,0.009551474570429817,1.0,0.007841869113545414,0.0135248218091929
F,0.009557121040445342,1.0,0.007841869113545414,0.0135248218091929
F,0.009562774190368216,1.0,0.007841869113545414,0.0135248218091929
F,0.009568434032059186,1.0,0.007841869113545414,0.0135248218091929
F,0.009574100577407096,1.0,0.007841869113545414,0.0135248218091929
F,0.009579773838328972,1.0,0.007841869113545414,0.0135248218091929
F,0.009585453826770098,1.0,0.007841869113545414,0.0135248218091929
F,0.009591140554704109,1.0,0.007841869113545414,0.0135248218091929
F,0.00959683403413307,1.0,0.007841869113545414,0.0135248218091929
F,0.00960253427708756,1.0,0.007841869113545414,0.0135248218091929
F,0.009608241295626764,1.0,0.007841869113545414,0.0135248218091929
F,0.009613955101838545,1.0,0.007841869113545414,0.0135248218091929
F,0.00961967570783954,1.0,0.007841869113545414,0.0135248218091929
F,0.009625403125775242,1.0,0.007841869113545414,0.0135248218091929
F,0.009631137367820087,1.0,0.007841869113545414,0.0135248218091929
F,0.009636878446177537,1.0,0.007841869113545414,0.0135248218091929
F,0.009642626373080172,1.0,0.007841869113545414,0.0135248218091929
F,0.009648381160789775,1.0,0.007841869113545414,0.0135248218091929
F,0.009654142821597413,1.0,0.007841869113545414,0.0135248218091929
F,0.009659911367823532,1.0,0.007841869113545414,0.0135248218091929
F,0.009665686811818047,1.0,0.007841869113545414,0.0135248218091929
F,0.009671469165960418,1.0,0.007841869113545414,0.0135248218091929
F,0.00967725844265975,1.0,0.007841869113545414,0.0135248218091929
F,0.00968305465435488,1.0,0.007841869113545414,0.0135248218091929
F,0.009688857813514458,1.0,0.007841869113545414,0.0135248218091929
F,0.00969466793263705,1.0,0.007841869113545414,0.0135248218091929
F,0.009700485024251212,1.0,0.007841869113545414,0.0135248218091929
F,0.009706309100915595,1.0,0.007841869113545414,0.0135248218091929
F,0.009712140175219024,1.0,0.007841869113545414,0.0135248218091929
F,0.009717978259780593,1.0,0.007841869113545414,0.0135248218091929
F,0.009723823367249761,1.0,0.007841869113545414,0.0135248218091929
F,0.009729675510306434,1.0,0.007841869113545414,0.0135248218091929
F,0.009735534701661063,1.0,0.007841869113545414,0.0135248218091929
F,0.009741400954054732,1.0,0.007841869113545414,0.0135248218091929
F,0.009747274280259257,1.0,0.007841869113545414,0.0135248218091929
F,0.009753154693077271,1.0,0.007841869113545414,0.0135248218091929
F,0.00975904220534232,1.0,0.007841869113545414,0.0135248218091929
F,0.009764936829918962,1.0,0.007841869113545414,0.0135248218091929
F,0.009770838579702845,1.0,0.007841869113545414,0.0135248218091929
F,0.009776747467620823,1.0,0.007841869113545414,0.0135248218091929
F,0.009782663506631033,1.0,0.007841869113545414,0.0135248218091929
F,0.009788586709722992,1.0,0.007841869113545414,0.0135248218091929
F,0.009794517089917706,1.0,0.007841869113545414,0.0135248218091929
F,0.009800454660267745,1.0,0.007841869113545414,0.0135248218091929
F,0.009806399433857351,1.0,0.007841869113545414,0.0135248218091929
F,0.009812351423802539,1.0,0.007841869113545414,0.0135248218091929
F,0.009818310643251177,1.0,0.007841869113545414,0.0135248218091929
F,0.009824277105383096,1.0,0.007841869113545414,0.0135248218091929
F,0.009830250823410184,1.0,0.007841869113545414,0.0135248218091929
F,0.009836231810576484,1.0,0.007841869113545414,0.0135248218091929
F,0.009842220080158287,1.0,0.007841869113545414,0.0135248218091929
F,0.009848215645464236,1.0,0.007841869113545414,0.0135248218091929
F,0.009854218519835424,1.0,0.007841869113545414,0.0135248218091929
F,0.00986022871664549,1.0,0.007841869113545414,0.0135248218091929
F,0.009866246249300718,1.0,0.007841869113545414,0.0135248218091929
F,0.00987227113124014,1.0,0.007841869113545414,0.0135248218091929
F,0.009878303375935638,1.0,0.007841869113545414,0.0135248218091929
F,0.009884342996892037,1.0,0.007841869113545414,0.0135248218091929
F,0.009890390007647208,1.0,0.007841869113545414,0.0135248218091929
F,0.009896444421772177,1.0,0.007841869113545414,0.0135248218091929
F,0.009902506252871217,1.0,0.007841869113545414,0.0135248218091929
F,0.00990857551458195,1.0,0.007841869113545414,0.0135248218091929
F,0.009914652220575458,1.0,0.007841869113545414,0.0135248218091929
F,0.00992073638455638,1.0,0.007841869113545414,0.0135248218091929
F,0.00992682802026301,1.0,0.007841869113545414,0.0135248218091929
F,0.00993292714146741,1.0,0.007841869113545414,0.0135248218091929
F,0.00993903376197551,1.0,0.007841869113545414,0.0135248218091929
F,0.009945147895627211,1.0,0.007841869113545414,0.0135248218091929
F,0.009951269556296487,1.0,0.007841869113545414,0.0135248218091929
F,0.009957398757891495,1.0,0.007841869113545414,0.0135248218091929
F,0.009963535514354681,1.0,0.007841869113545414,0.0135248218091929
F,0.009969679839662881,1.0,0.007841869113545414,0.0135248218091929
F,0.009975831747827428,1.0,0.007841869113545414,0.0135248218091929
F,0.009981991252894264,1.0,0.007841869113545414,0.0135248218091929
F,0.009988158368944035,1.0,0.007841869113545414,0.0135248218091929
F,0.009994333110092216,1.0,0.007841869113545414,0.0135248218091929
F,0.010000515490489201,1.0,0.007841869113545414,0.0135248218091929
F,0.010006705524320422,1.0,0.007841869113545414,0.0135248218091929
F,0.010012903225806452,1.0,0.007841869113545414,0.0135248218091929
F,0.010019108609203119,1.0,0.007841869113545414,0.0135248218091929
F,0.010025321688801611,1.0,0.007841869113545414,0.0135248218091929
F,0.01003154247892859,1.0,0.007841869113545414,0.0135248218091929
F,0.010037770993946293,1.0,0.007841869113545414,0.0135248218091929
F,0.010044007248252653,1.0,0.007841869113545414,0.0135248218091929
F,0.010050251256281407,1.0,0.007841869113545414,0.0135248218091929
F,0.010056503032502204,1.0,0.007841869113545414,0.0135248218091929
F,0.010062762591420717,1.0,0.007841869113545414,0.0135248218091929
F,0.010069029947578762,1.0,0.007841869113545414,0.0135248218091929
F,0.0100753051155544,1.0,0.007841869113545414,0.0135248218091929
F,0.010081588109962064,1.0,0.007841869113545414,0.0135248218091929
F,0.010087878945452655,1.0,0.007841869113545414,0.0135248218091929
F,0.010094177636713669,1.0,0.007841869113545414,0.0135248218091929
F,0.010100484198469309,1.0,0.007841869113545414,0.0135248218091929
F,0.010106798645480594,1.0,0.007841869113545414,0.0135248218091929
F,0.010113120992545483,1.0,0.007841869113545414,0.0135248218091929
F,0.010119451254498982,1.0,0.007841869113545414,0.0135248218091929
F,0.010125789446213267,1.0,0.007841869113545414,0.0135248218091929
F,0.010132135582597797,1.0,0.007841869113545414,0.0135248218091929
F,0.010138489678599425,1.0,0.007841869113545414,0.0135248218091929
F,0.010144851749202531,1.0,0.007841869113545414,0.0135248218091929
F,0.010151221809429125,1.0,0.007841869113545414,0.0135248218091929
F,0.01015759987433897,1.0,0.007841869113545414,0.0135248218091929
F,0.010163985959029707,1.0,0.007841869113545414,0.0135248218091929
F,0.01017038007863696,1.0,0.007841869113545414,0.0135248218091929
F,0.01017678224833447,1.0,0.007841869113545414,0.0135248218091929
F,0.010183192483334208,1.0,0.007841869113545414,0.0135248218091929
F,0.010189610798886497,1.0,0.007841869113545414,0.0135248218091929
F,0.010196037210280128,1.0,0.007841869113545414,0.0135248218091929
F,0.010202471732842493,1.0,0.007841869113545414,0.0135248218091929
F,0.010208914381939693,1.0,0.007841869113545414,0.0135248218091929
F,0.010215365172976673,1.0,0.007841869113545414,0.0135248218091929
F,0.010221824121397334,1.0,0.007841869113545414,0.0135248218091929
F,0.010228291242684663,1.0,0.007841869113545414,0.0135248218091929
F,0.010234766552360854,1.0,0.007841869113545414,0.0135248218091929
F,0.010241250065987436,1.0,0.007841869113545414,0.0135248218091929
F,0.01024774179916539,1.0,0.007841869113545414,0.0135248218091929
F,0.010254241767535283,1.0,0.007841869113545414,0.0135248218091929
F,0.010260749986777383,1.0,0.007841869113545414,0.0135248218091929
F,0.010267266472611803,1.0,0.007841869113545414,0.0135248218091929
F,0.010273791240798602,1.0,0.007841869113545414,0.0135248218091929
F,0.010280324307137937,1.0,0.007841869113545414,0.0135248218091929
F,0.010286865687470174,1.0,0.007841869113545414,0.0135248218091929
F,0.010293415397676023,1.0,0.007841869113545414,0.0135248218091929
F,0.010299973453676666,1.0,0.007841869113545414,0.0135248218091929
F,0.010306539871433883,1.0,0.007841869113545414,0.0135248218091929
F,0.01031311466695019,1.0,0.007841869113545414,0.0135248218091929
F,0.01031969785626895,1.0,0.007841869113545414,0.0135248218091929
F,0.01032628945547453,1.0,0.007841869113545414,0.0135248218091929
F,0.01033288948069241,1.0,0.007841869113545414,0.0135248218091929
F,0.010339497948089325,1.0,0.007841869113545414,0.0135248218091929
F,0.010346114873873394,1.0,0.007841869113545414,0.0135248218091929
F,0.010352740274294253,1.0,0.007841869113545414,0.0135248218091929
F,0.01035937416564319,1.0,0.007841869113545414,0.0135248218091929
F,0.010366016564253273,1.0,0.007841869113545414,0.0135248218091929
F,0.010372667486499492,1.0,0.007841869113545414,0.0135248218091929
F,0.010379326948798888,1.0,0.007841869113545414,0.0135248218091929
F,0.010385994967610685,1.0,0.007841869113545414,0.0135248218091929
F,0.010392671559436439,1.0,0.007841869113545414,0.0135248218091929
F,0.010399356740820155,1.0,0.007841869113545414,0.0135248218091929
F,0.010406050528348441,1.0,0.007841869113545414,0.0135248218091929
F,0.010412752938650635,1.0,0.007841869113545414,0.0135248218091929
F,0.010419463988398948,1.0,0.007841869113545414,0.0135248218091929
F,0.010426183694308594,1.0,0.007841869113545414,0.0135248218091929
F,0.010432912073137941,1.0,0.007841869113545414,0.0135248218091929
F,0.01043964914168864,1.0,0.007841869113545414,0.0135248218091929
F,0.010446394916805773,1.0,0.007841869113545414,0.0135248218091929
F,0.010453149415377984,1.0,0.007841869113545414,0.0135248218091929
F,0.01045991265433763,1.0,0.007841869113545414,0.0135248218091929
F,0.010466684650660911,1.0,0.007841869113545414,0.0135248218091929
F,0.010473465421368029,1.0,0.007841869113545414,0.0135248218091929
F,0.010480254983523311,1.0,0.007841869113545414,0.0135248218091929
F,0.010487053354235365,1.0,0.007841869113545414,0.0135248218091929
F,0.010493860550657218,1.0,0.007841869113545414,0.0135248218091929
F,0.010500676589986468,1.0,0.007841869113545414,0.0135248218091929
F,0.010507501489465417,1.0,0.007841869113545414,0.0135248218091929
F,0.010514335266381226,1.0,0.007841869113545414,0.0135248218091929
F,0.010521177938066055,1.0,0.007841869113545414,0.0135248218091929
F,0.010528029521897216,1.0,0.007841869113545414,0.0135248218091929
F,0.010534890035297312,1.0,0.007841869113545414,0.0135248218091929
F,0.01054175949573439,1.0,0.007841869113545414,0.0135248218091929
F,0.010548637920722092,1.0,0.007841869113545414,0.0135248218091929
F,0.010555525327819794,1.0,0.007841869113545414,0.0135248218091929
F,0.010562421734632765,1.0,0.007841869113545414,0.0135248218091929
F,0.010569327158812312,1.0,0.007841869113545414,0.0135248218091929
F,0.010576241618055935,1.0,0.007841869113545414,0.0135248218091929
F,0.010583165130107468,1.0,0.007841869113545414,0.0135248218091929
F,0.010590097712757247,1.0,0.007841869113545414,0.0135248218091929
F,0.010597039383842247,1.0,0.007841869113545414,0.0135248218091929
F,0.010603990161246243,1.0,0.007841869113545414,0.0135248218091929
F,0.010610950062899962,1.0,0.007841869113545414,0.0135248218091929
F,0.010617919106781238,1.0,0.007841869113545414,0.0135248218091929
F,0.010624897310915165,1.0,0.007841869113545414,0.0135248218091929
F,0.010631884693374253,1.0,0.007841869113545414,0.0135248218091929
F,0.010638881272278584,1.0,0.007841869113545414,0.0135248218091929
F,0.010645887065795973,1.0,0.007841869113545414,0.0135248218091929
F,0.010652902092142112,1.0,0.007841869113545414,0.0135248218091929
F,0.010659926369580746,1.0,0.007841869113545414,0.0135248218091929
F,0.010666959916423819,1.0,0.007841869113545414,0.0135248218091929
F,0.010674002751031636,1.0,0.007841869113545414,0.0135248218091929
F,0.010681054891813027,1.0,0.007841869113545414,0.0135248218091929
F,0.010688116357225497,1.0,0.007841869113545414,0.0135248218091929
F,0.0106951871657754,1.0,0.007841869113545414,0.0135248218091929
F,0.010702267336018095,1.0,0.007841869113545414,0.0135248218091929
F,0.010709356886558101,1.0,0.007841869113545414,0.0135248218091929
F,0.010716455836049273,1.0,0.007841869113545414,0.0135248218091929
F,0.010723564203194959,1.0,0.007841869113545414,0.0135248218091929
F,0.010730682006748161,1.0,0.007841869113545414,0.0135248218091929
F,0.010737809265511706,1.0,0.007841869113545414,0.0135248218091929
F,0.01074494599833841,1.0,0.007841869113545414,0.0135248218091929
F,0.010752092224131243,1.0,0.007841869113545414,0.0135248218091929
F,0.010759247961843492,1.0,0.007841869113545414,0.0135248218091929
F,0.010766413230478939,1.0,0.007841869113545414,0.0135248218091929
F,0.01077358804909202,1.0,0.007841869113545414,0.0135248218091929
F,0.010780772436787997,1.0,0.007841869113545414,0.0135248218091929
F,0.010787966412723128,1.0,0.007841869113545414,0.0135248218091929
F,0.010795169996104836,1.0,0.007841869113545414,0.0135248218091929
F,0.010802383206191882,1.0,0.007841869113545414,0.0135248218091929
F,0.010809606062294533,1.0,0.007841869113545414,0.0135248218091929
F,0.010816838583774743,1.0,0.007841869113545414,0.0135248218091929
F,0.01082408079004631,1.0,0.007841869113545414,0.0135248218091929
F,0.010831332700575066,1.0,0.007841869113545414,0.0135248218091929
F,0.010838594334879043,1.0,0.007841869113545414,0.0135248218091929
F,0.010845865712528652,1.0,0.007841869113545414,0.0135248218091929
F,0.010853146853146853,1.0,0.007841869113545414,0.0135248218091929
F,0.010860437776409338,1.0,0.007841869113545414,0.0135248218091929
F,0.010867738502044703,1.0,0.007841869113545414,0.0135248218091929
F,0.010875049049834632,1.0,0.007841869113545414,0.0135248218091929
F,0.010882369439614068,1.0,0.007841869113545414,0.0135248218091929
F,0.0108896996912714,1.0,0.007841869113545414,0.0135248218091929
F,0.010897039824748638,1.0,0.007841869113545414,0.0135248218091929
F,0.010904389860041594,1.0,0.007841869113545414,0.0135248218091929
F,0.010911749817200068,1.0,0.007841869113545414,0.0135248218091929
F,0.010919119716328024,1.0,0.007841869113545414,0.0135248218091929
F,0.010926499577583779,1.0,0.007841869113545414,0.0135248218091929
F,0.010933889421180183,1.0,0.007841869113545414,0.0135248218091929
F,0.010941289267384807,1.0,0.007841869113545414,0.0135248218091929
F,0.010948699136520119,1.0,0.007841869113545414,0.0135248218091929
F,0.010956119048963686,1.0,0.007841869113545414,0.0135248218091929
F,0.010963549025148346,1.0,0.007841869113545414,0.0135248218091929
F,0.010970989085562405,1.0,0.007841869113545414,0.0135248218091929
F,0.010978439250749816,1.0,0.007841869113545414,0.0135248218091929
F,0.01098589954131038,1.0,0.007841869113545414,0.0135248218091929
F,0.010993369977899927,1.0,0.007841869113545414,0.0135248218091929
F,0.011000850581230508,1.0,0.007841869113545414,0.0135248218091929
F,0.01100834137207059,1.0,0.007841869113545414,0.0135248218091929
F,0.011015842371245244,1.0,0.007841869113545414,0.0135248218091929
F,0.011023353599636344,1.0,0.007841869113545414,0.0135248218091929
F,0.01103087507818275,1.0,0.007841869113545414,0.0135248218091929
F,0.0110099573257468,0.9974226804123711,0.007841869113545414,0.0135248218091929
F,0.011017479929397028,0.9974226804123711,0.007841869113545414,0.0135248218091929
F,0.011025012819782349,0.9974226804123711,0.007841869113545414,0.0135248218091929
F,0.011032556018016991,0.9974226804123711,0.007841869113545414,0.0135248218091929
F,0.011040109545273007,0.9974226804123711,0.007841869113545414,0.0135248218091929
F,0.011047673422780475,0.9974226804123711,0.007841869113545414,0.0135248218091929
F,0.011055247671827686,0.9974226804123711,0.007841869113545414,0.0135248218091929
F,0.011062832313761362,0.9974226804123711,0.007841869113545414,0.0135248218091929
F,0.01107042736998684,0.9974226804123711,0.007841869113545414,0.0135248218091929
F,0.011078032861968283,0.9974226804123711,0.007841869113545414,0.0135248218091929
F,0.011085648811228874,0.9974226804123711,0.007841869113545414,0.0135248218091929
F,0.011093275239351028,0.9974226804123711,0.007841869113545414,0.0135248218091929
F,0.011100912167976594,0.9974226804123711,0.007841869113545414,0.0135248218091929
F,0.01110855961880705,0.9974226804123711,0.007841869113545414,0.0135248218091929
F,0.011116217613603723,0.9974226804123711,0.007841869113545414,0.0135248218091929
F,0.011123886174187985,0.9974226804123711,0.007841869113545414,0.0135248218091929
F,0.011131565322441465,0.9974226804123711,0.007841869113545414,0.0135248218091929
F,0.011139255080306257,0.9974226804123711,0.007841869113545414,0.0135248218091929
F,0.011146955469785126,0.9974226804123711,0.007841869113545414,0.0135248218091929
F,0.01115466651294172,0.9974226804123711,0.007841869113545414,0.0135248218091929
F,0.011162388231900779,0.9974226804123711,0.007841869113545414,0.0135248218091929
F,0.011170120648848352,0.9974226804123711,0.007841869113545414,0.0135248218091929
F,0.011177863786032003,0.9974226804123711,0.007841869113545414,0.0135248218091929
F,0.011185617665761026,0.9974226804123711,0.007841869113545414,0.0135248218091929
F,0.011193382310406664,0.9974226804123711,0.007841869113545414,0.0135248218091929
F,0.011201157742402315,0.9974226804123711,0.007841869113545414,0.0135248218091929
F,0.011208943984243758,0.9974226804123711,0.007841869113545414,0.0135248218091929
F,0.011216741058489363,0.9974226804123711,0.007841869113545414,0.0135248218091929
F,0.01122454898776031,0.9974226804123711,0.007841869113545414,0.0135248218091929
F,0.011232367794740813,0.9974226804123711,0.007841869113545414,0.0135248218091929
F,0.011240197502178332,0.9974226804123711,0.007841869113545414,0.0135248218091929
F,0.011248365063217556,0.9974226804123711,0.007841869113545414,0.0135248218091929
F,0.01125621709665222,0.9974226804123711,0.007841869113545414,0.0135248218091929
F,0.011264080100125156,0.9974226804123711,0.007841869113545414,0.0135248218091929
F,0.011271954096641714,0.9974226804123711,0.007841869113545414,0.0135248218091929
F,0.01127983910927162,0.9974226804123711,0.007841869113545414,0.0135248218091929
F,0.011287735161149191,0.9974226804123711,0.007841869113545414,0.0135248218091929
F,0.011295642275473571,0.9974226804123711,0.007841869113545414,0.0135248218091929
F,0.011303560475508952,0.9974226804123711,0.007841869113545414,0.0135248218091929
F,0.011311489784584808,0.9974226804123711,0.007841869113545414,0.0135248218091929
F,0.011319430226096112,0.9974226804123711,0.007841869113545414,0.0135248218091929
F,0.011327381823503586,0.9974226804123711,0.007841869113545414,0.0135248218091929
F,0.011335676625659052,0.9974226804123711,0.007841869113545414,0.0135248218091929
F,0.011343651072810412,0.9974226804123711,0.007841869113545414,0.0135248218091929
F,0.011351636747624076,0.9974226804123711,0.007841869113545414,0.0135248218091929
F,0.011359633673828813,0.9974226804123711,0.007841869113545414,0.0135248218091929
F,0.011367641875220304,0.9974226804123711,0.007841869113545414,0.0135248218091929
F,0.011375661375661376,0.9974226804123711,0.007841869113545414,0.0135248218091929
F,0.011383692199082245,0.9974226804123711,0.007841869113545414,0.0135248218091929
F,0.011391734369480749,0.9974226804123711,0.007841869113545414,0.0135248218091929
F,0.011399787910922587,0.9974226804123711,0.007841869113545414,0.0135248218091929
F,0.011407852847541564,0.9974226804123711,0.007841869113545414,0.0135248218091929
F,0.011415929203539822,0.9974226804123711,0.007841869113545414,0.0135248218091929
F,0.011424017003188097,0.9974226804123711,0.007841869113545414,0.0135248218091929
F,0.011432116270825948,0.9974226804123711,0.007841869113545414,0.0135248218091929
F,0.011440227030862008,0.9974226804123711,0.007841869113545414,0.0135248218091929
F,0.011448349307774228,0.9974226804123711,0.007841869113545414,0.0135248218091929
F,0.011456483126110124,0.9974226804123711,0.007841869113545414,0.0135248218091929
F,0.011464628510487025,0.9974226804123711,0.007841869113545414,0.0135248218091929
F,0.011472785485592316,0.9974226804123711,0.007841869113545414,0.0135248218091929
F,0.011480954076183695,0.9974226804123711,0.007841869113545414,0.0135248218091929
F,0.01148913430708942,0.9974226804123711,0.007841869113545414,0.0135248218091929
F,0.011497326203208556,0.9974226804123711,0.007841869113545414,0.0135248218091929
F,0.011505529789511238,0.9974226804123711,0.007841869113545414,0.0135248218091929
F,0.011513745091038915,0.9974226804123711,0.007841869113545414,0.0135248218091929
F,0.01152197213290461,0.9974226804123711,0.007841869113545414,0.0135248218091929
F,0.01153021094029317,0.9974226804123711,0.007841869113545414,0.0135248218091929
F,0.011538461538461539,0.9974226804123711,0.007841869113545414,0.0135248218091929
F,0.01154672395273899,0.9974226804123711,0.007841869113545414,0.0135248218091929
F,0.01155499820852741,0.9974226804123711,0.007841869113545414,0.0135248218091929
F,0.011563284331301542,0.9974226804123711,0.007841869113545414,0.0135248218091929
F,0.011571582346609257,0.9974226804123711,0.007841869113545414,0.0135248218091929
F,0.011579892280071813,0.9974226804123711,0.007841869113545414,0.0135248218091929
F,0.011588214157384117,0.9974226804123711,0.007841869113545414,0.0135248218091929
F,0.011596548004314994,0.9974226804123711,0.007841869113545414,0.0135248218091929
F,0.011604893846707449,0.9974226804123711,0.007841869113545414,0.0135248218091929
F,0.011613251710478934,0.9974226804123711,0.007841869113545414,0.0135248218091929
F,0.011621621621621621,0.9974226804123711,0.007841869113545414,0.0135248218091929
F,0.011630003606202668,0.9974226804123711,0.007841869113545414,0.0135248218091929
F,0.01163839769036449,0.9974226804123711,0.007841869113545414,0.0135248218091929
F,0.011646803900325027,0.9974226804123711,0.007841869113545414,0.0135248218091929
F,0.011655222262378027,0.9974226804123711,0.007841869113545414,0.0135248218091929
F,0.01166365280289331,0.9974226804123711,0.007841869113545414,0.0135248218091929
F,0.011672095548317047,0.9974226804123711,0.007841869113545414,0.0135248218091929
F,0.01168055052517204,0.9974226804123711,0.007841869113545414,0.0135248218091929
F,0.011689017760057992,0.9974226804123711,0.007841869113545414,0.0135248218091929
F,0.011697497279651796,0.9974226804123711,0.007841869113545414,0.0135248218091929
F,0.011705989110707804,0.9974226804123711,0.007841869113545414,0.0135248218091929
F,0.011714493280058118,0.9974226804123711,0.007841869113545414,0.0135248218091929
F,0.011723009814612868,0.9974226804123711,0.007841869113545414,0.0135248218091929
F,0.011731538741360495,0.9974226804123711,0.007841869113545414,0.0135248218091929
F,0.011740080087368038,0.9974226804123711,0.007841869113545414,0.0135248218091929
F,0.011748633879781421,0.9974226804123711,0.007841869113545414,0.0135248218091929
F,0.011757200145825738,0.9974226804123711,0.007841869113545414,0.0135248218091929
F,0.011765778912805546,0.9974226804123711,0.007841869113545414,0.0135248218091929
F,0.011774370208105149,0.9974226804123711,0.007841869113545414,0.0135248218091929
F,0.011782974059188893,0.9974226804123711,0.007841869113545414,0.0135248218091929
F,0.011791590493601463,0.9974226804123711,0.007841869113545414,0.0135248218091929
F,0.011800219538968168,0.9974226804123711,0.007841869113545414,0.0135248218091929
F,0.01180886122299524,0.9974226804123711,0.007841869113545414,0.0135248218091929
F,0.011817515573470135,0.9974226804123711,0.007841869113545414,0.0135248218091929
F,0.011826182618261826,0.9974226804123711,0.007841869113545414,0.0135248218091929
F,0.011834862385321101,0.9974226804123711,0.007841869113545414,0.0135248218091929
F,0.011843554902680867,0.9974226804123711,0.007841869113545414,0.0135248218091929
F,0.011852260198456449,0.9974226804123711,0.007841869113545414,0.0135248218091929
F,0.0118609783008459,0.9974226804123711,0.007841869113545414,0.0135248218091929
F,0.01186970923813029,0.9974226804123711,0.007841869113545414,0.0135248218091929
F,0.011878453038674033,0.9974226804123711,0.007841869113545414,0.0135248218091929
F,0.011887209730925176,0.9974226804123711,0.007841869113545414,0.0135248218091929
F,0.011895979343415714,0.9974226804123711,0.007841869113545414,0.0135248218091929
F,0.011904761904761904,0.9974226804123711,0.007841869113545414,0.0135248218091929
F,0.011913557443664574,0.9974226804123711,0.007841869113545414,0.0135248218091929
F,0.011922365988909427,0.9974226804123711,0.007841869113545414,0.0135248218091929
F,0.01193118756936737,0.9974226804123711,0.007841869113545414,0.0135248218091929
F,0.011940022213994816,0.9974226804123711,0.007841869113545414,0.0135248218091929
F,0.011948869951834012,0.9974226804123711,0.007841869113545414,0.0135248218091929
F,0.011957730812013349,0.9974226804123711,0.007841869113545414,0.0135248218091929
F,0.011966604823747682,0.9974226804123711,0.007841869113545414,0.0135248218091929
F,0.011975492016338655,0.9974226804123711,0.007841869113545414,0.0135248218091929
F,0.011984392419175028,0.9974226804123711,0.007841869113545414,0.0135248218091929
F,0.011993306061732985,0.9974226804123711,0.007841869113545414,0.0135248218091929
F,0.01200223297357648,0.9974226804123711,0.007841869113545414,0.0135248218091929
F,0.012011173184357541,0.9974226804123711,0.007841869113545414,0.0135248218091929
F,0.012020126723816624,0.9974226804123711,0.007841869113545414,0.0135248218091929
F,0.012029093621782916,0.9974226804123711,0.007841869113545414,0.0135248218091929
F,0.012038073908174692,0.9974226804123711,0.007841869113545414,0.0135248218091929
F,0.012047067612999627,0.9974226804123711,0.007841869113545414,0.0135248218091929
F,0.01205607476635514,0.9974226804123711,0.007841869113545414,0.0135248218091929
F,0.012065095398428732,0.9974226804123711,0.007841869113545414,0.0135248218091929
F,0.01207450625565505,0.9974226804123711,0.007841869113545414,0.0135248218091929
F,0.012083554500889875,0.9974226804123711,0.007841869113545414,0.0135248218091929
F,0.012092616317220261,0.9974226804123711,0.007841869113545414,0.0135248218091929
F,0.012101691735201226,0.9974226804123711,0.007841869113545414,0.0135248218091929
F,0.01211078078547958,0.9974226804123711,0.007841869113545414,0.0135248218091929
F,0.012119883498794275,0.9974226804123711,0.007841869113545414,0.0135248218091929
F,0.012128999905976745,0.9974226804123711,0.007841869113545414,0.0135248218091929
F,0.012138130037951259,0.9974226804123711,0.007841869113545414,0.0135248218091929
F,0.012147273925735272,0.9974226804123711,0.007841869113545414,0.0135248218091929
F,0.012156431600439768,0.9974226804123711,0.007841869113545414,0.0135248218091929
F,0.012165603093269623,0.9974226804123711,0.007841869113545414,0.0135248218091929
F,0.012174788435523956,0.9974226804123711,0.007841869113545414,0.0135248218091929
F,0.01218398765859648,0.9974226804123711,0.007841869113545414,0.0135248218091929
F,0.012193200793975865,0.9974226804123711,0.007841869113545414,0.0135248218091929
F,0.012202427873246099,0.9974226804123711,0.007841869113545414,0.0135248218091929
F,0.012211668928086838,0.9974226804123711,0.007841869113545414,0.0135248218091929
F,0.012220923990273786,0.9974226804123711,0.007841869113545414,0.0135248218091929
F,0.012230193091679045,0.9974226804123711,0.007841869113545414,0.0135248218091929
F,0.012239476264271482,0.9974226804123711,0.007841869113545414,0.0135248218091929
F,0.012248773540117107,0.9974226804123711,0.007841869113545414,0.0135248218091929
F,0.01225808495137943,0.9974226804123711,0.007841869113545414,0.0135248218091929
F,0.01226741053031984,0.9974226804123711,0.007841869113545414,0.0135248218091929
F,0.012276750309297972,0.9974226804123711,0.007841869113545414,0.0135248218091929
F,0.012286104320772089,0.9974226804123711,0.007841869113545414,0.0135248218091929
F,0.012295472597299444,0.9974226804123711,0.007841869113545414,0.0135248218091929
F,0.012304855171536675,0.9974226804123711,0.007841869113545414,0.0135248218091929
F,0.012314252076240175,0.9974226804123711,0.007841869113545414,0.0135248218091929
F,0.012323663344266472,0.9974226804123711,0.007841869113545414,0.0135248218091929
F,0.012333089008572612,0.9974226804123711,0.007841869113545414,0.0135248218091929
F,0.012342529102216553,0.9974226804123711,0.007841869113545414,0.0135248218091929
F,0.012351983658357537,0.9974226804123711,0.007841869113545414,0.0135248218091929
F,0.012361452710256493,0.9974226804123711,0.007841869113545414,0.0135248218091929
F,0.012370936291276412,0.9974226804123711,0.007841869113545414,0.0135248218091929
F,0.012380434434882754,0.9974226804123711,0.007841869113545414,0.0135248218091929
F,0.012389947174643829,0.9974226804123711,0.007841869113545414,0.0135248218091929
F,0.0123994745442312,0.9974226804123711,0.007841869113545414,0.0135248218091929
F,0.012409016577420079,0.9974226804123711,0.007841869113545414,0.0135248218091929
F,0.012418573308089723,0.9974226804123711,0.007841869113545414,0.0135248218091929
F,0.012428144770223835,0.9974226804123711,0.007841869113545414,0.0135248218091929
F,0.012405592158123091,0.9948453608247423,0.007841869113545414,0.0135248218091929
F,0.012415168376700652,0.9948453608247423,0.007841869113545414,0.0135248218091929
F,0.012424759390993658,0.9948453608247423,0.007841869113545414,0.0135248218091929
F,0.012402151853880102,0.9922680412371134,0.007841869113545414,0.0135248218091929
F,0.012411747638544118,0.9922680412371134,0.007841869113545414,0.0135248218091929
F,0.012421358283594128,0.9922680412371134,0.007841869113545414,0.0135248218091929
F,0.012430983823576894,0.9922680412371134,0.007841869113545414,0.0135248218091929
F,0.012440624293146347,0.9922680412371134,0.007841869113545414,0.0135248218091929
F,0.012450279727063997,0.9922680412371134,0.007841869113545414,0.0135248218091929
F,0.01245995016019936,0.9922680412371134,0.007841869113545414,0.0135248218091929
F,0.012437246963562753,0.9896907216494846,0.007841869113545414,0.0135248218091929
F,0.012446922303977181,0.9896907216494846,0.007841869113545414,0.0135248218091929
F,0.012456612709637655,0.9896907216494846,0.007841869113545414,0.0135248218091929
F,0.012466318215758205,0.9896907216494846,0.007841869113545414,0.0135248218091929
F,0.012476038857662693,0.9896907216494846,0.007841869113545414,0.0135248218091929
F,0.012485774670785238,0.9896907216494846,0.007841869113545414,0.0135248218091929
F,0.012495525690670658,0.9896907216494846,0.007841869113545414,0.0135248218091929
F,0.012505291952974892,0.9896907216494846,0.007841869113545414,0.0135248218091929
F,0.012515073493465437,0.9896907216494846,0.007841869113545414,0.0135248218091929
F,0.012524870348021789,0.9896907216494846,0.007841869113545414,0.0135248218091929
F,0.012534682552635875,0.9896907216494846,0.007841869113545414,0.0135248218091929
F,0.012544510143412499,0.9896907216494846,0.007841869113545414,0.0135248218091929
F,0.012554353156569784,0.9896907216494846,0.007841869113545414,0.0135248218091929
F,0.012564211628439617,0.9896907216494846,0.007841869113545414,0.0135248218091929
F,0.01257408559546809,0.9896907216494846,0.007841869113545414,0.0135248218091929
F,0.012583975094215959,0.9896907216494846,0.007841869113545414,0.0135248218091929
F,0.01259388016135909,0.9896907216494846,0.007841869113545414,0.0135248218091929
F,0.01260380083368891,0.9896907216494846,0.007841869113545414,0.0135248218091929
F,0.012613737148112867,0.9896907216494846,0.007841869113545414,0.0135248218091929
F,0.012623689141654886,0.9896907216494846,0.007841869113545414,0.0135248218091929
F,0.012633656851455831,0.9896907216494846,0.007841869113545414,0.0135248218091929
F,0.012643640314773961,0.9896907216494846,0.007841869113545414,0.0135248218091929
F,0.012653639568985402,0.9896907216494846,0.007841869113545414,0.0135248218091929
F,0.012663654651584606,0.9896907216494846,0.007841869113545414,0.0135248218091929
F,0.012673685600184824,0.9896907216494846,0.007841869113545414,0.0135248218091929
F,0.01268373245251858,0.9896907216494846,0.007841869113545414,0.0135248218091929
F,0.012693795246438135,0.9896907216494846,0.007841869113545414,0.0135248218091929
F,0.012703874019915969,0.9896907216494846,0.007841869113545414,0.0135248218091929
F,0.01271396881104526,0.9896907216494846,0.007841869113545414,0.0135248218091929
F,0.01272407965804036,0.9896907216494846,0.007841869113545414,0.0135248218091929
F,0.012734206599237274,0.9896907216494846,0.007841869113545414,0.0135248218091929
F,0.012744349673094155,0.9896907216494846,0.007841869113545414,0.0135248218091929
F,0.012754508918191782,0.9896907216494846,0.007841869113545414,0.0135248218091929
F,0.012764684373234053,0.9896907216494846,0.007841869113545414,0.0135248218091929
F,0.012774876077048471,0.9896907216494846,0.007841869113545414,0.0135248218091929
F,0.012785084068586649,0.9896907216494846,0.007841869113545414,0.0135248218091929
F,0.012795308386924794,0.9896907216494846,0.007841869113545414,0.0135248218091929
F,0.012805549071264214,0.9896907216494846,0.007841869113545414,0.0135248218091929
F,0.012815806160931816,0.9896907216494846,0.007841869113545414,0.0135248218091929
F,0.012792678446173886,0.9871134020618557,0.007841869113545414,0.0135248218091929
F,0.012802941668059502,0.9871134020618557,0.007841869113545414,0.0135248218091929
F,0.012813221370981231,0.9871134020618557,0.007841869113545414,0.0135248218091929
F,0.012823517594669702,0.9871134020618557,0.007841869113545414,0.0135248218091929
F,0.012800321683476862,0.9845360824742269,0.007841869113545414,0.0135248218091929
F,0.012810624098728999,0.9845360824742269,0.007841869113545414,0.0135248218091929
F,0.012820943111260278,0.9845360824742269,0.007841869113545414,0.0135248218091929
F,0.012831278761210574,0.9845360824742269,0.007841869113545414,0.0135248218091929
F,0.012841631088849295,0.9845360824742269,0.007841869113545414,0.0135248218091929
F,0.012852000134575917,0.9845360824742269,0.007841869113545414,0.0135248218091929
F,0.012862385938920503,0.9845360824742269,0.007841869113545414,0.0135248218091929
F,0.01287278854254423,0.9845360824742269,0.007841869113545414,0.0135248218091929
F,0.012883207986239924,0.9845360824742269,0.007841869113545414,0.0135248218091929
F,0.012859891315354238,0.9819587628865979,0.007841869113545414,0.0135248218091929
F,0.012870317197581325,0.9819587628865979,0.007841869113545414,0.0135248218091929
F,0.01288075999864769,0.9819587628865979,0.007841869113545414,0.0135248218091929
F,0.012891219759769921,0.9819587628865979,0.007841869113545414,0.0135248218091929
F,0.012901696522298601,0.9819587628865979,0.007841869113545414,0.0135248218091929
F,0.012912190327718846,0.9819587628865979,0.007841869113545414,0.0135248218091929
F,0.01292270121765085,0.9819587628865979,0.007841869113545414,0.0135248218091929
F,0.012933229233850436,0.9819587628865979,0.007841869113545414,0.0135248218091929
F,0.012943774418209614,0.9819587628865979,0.007841869113545414,0.0135248218091929
F,0.012920335928734147,0.979381443298969,0.007841869113545414,0.0135248218091929
F,0.012930887807533943,0.979381443298969,0.007841869113545414,0.0135248218091929
F,0.012941456935599224,0.979381443298969,0.007841869113545414,0.0135248218091929
F,0.012952043355260916,0.979381443298969,0.007841869113545414,0.0135248218091929
F,0.012962647108988572,0.979381443298969,0.007841869113545414,0.0135248218091929
F,0.012973268239390939,0.979381443298969,0.007841869113545414,0.0135248218091929
F,0.012983906789216524,0.979381443298969,0.007841869113545414,0.0135248218091929
F,0.01299456280135417,0.979381443298969,0.007841869113545414,0.0135248218091929
F,0.013005236318833636,0.979381443298969,0.007841869113545414,0.0135248218091929
F,0.01301592738482617,0.979381443298969,0.007841869113545414,0.0135248218091929
F,0.013026636042645093,0.979381443298969,0.007841869113545414,0.0135248218091929
F,0.01303736233574639,0.979381443298969,0.007841869113545414,0.0135248218091929
F,0.01301376918586684,0.9768041237113402,0.007841869113545414,0.0135248218091929
F,0.013024502560225438,0.9768041237113402,0.007841869113545414,0.0135248218091929
F,0.013035253654342218,0.9768041237113402,0.007841869113545414,0.0135248218091929
F,0.013046022512133833,0.9768041237113402,0.007841869113545414,0.0135248218091929
F,0.013056809177662177,0.9768041237113402,0.007841869113545414,0.0135248218091929
F,0.013067613695134987,0.9768041237113402,0.007841869113545414,0.0135248218091929
F,0.013078436108906449,0.9768041237113402,0.007841869113545414,0.0135248218091929
F,0.01308927646347781,0.9768041237113402,0.007841869113545414,0.0135248218091929
F,0.013065569804016453,0.9742268041237113,0.007841869113545414,0.0135248218091929
F,0.01307641747673574,0.9742268041237113,0.007841869113545414,0.0135248218091929
F,0.013087283176955303,0.9742268041237113,0.007841869113545414,0.0135248218091929
F,0.013098166949651754,0.9742268041237113,0.007841869113545414,0.0135248218091929
F,0.013109068839951448,0.9742268041237113,0.007841869113545414,0.0135248218091929
F,0.013119988893131096,0.9742268041237113,0.007841869113545414,0.0135248218091929
F,0.013130927154618404,0.9742268041237113,0.007841869113545414,0.0135248218091929
F,0.013141883669992699,0.9742268041237113,0.007841869113545414,0.0135248218091929
F,0.01315285848498556,0.9742268041237113,0.007841869113545414,0.0135248218091929
F,0.013163851645481455,0.9742268041237113,0.007841869113545414,0.0135248218091929
F,0.013174863197518386,0.9742268041237113,0.007841869113545414,0.0135248218091929
F,0.01318589318728852,0.9742268041237113,0.007841869113545414,0.0135248218091929
F,0.013196941661138847,0.9742268041237113,0.007841869113545414,0.0135248218091929
F,0.013208008665571824,0.9742268041237113,0.007841869113545414,0.0135248218091929
F,0.013219094247246021,0.9742268041237113,0.007841869113545414,0.0135248218091929
F,0.013230198452976795,0.9742268041237113,0.007841869113545414,0.0135248218091929
F,0.013241321329736926,0.9742268041237113,0.007841869113545414,0.0135248218091929
F,0.013252462924657295,0.9742268041237113,0.007841869113545414,0.0135248218091929
F,0.013263623285027545,0.9742268041237113,0.007841869113545414,0.0135248218091929
F,0.013274802458296752,0.9742268041237113,0.007841869113545414,0.0135248218091929
F,0.013286000492074092,0.9742268041237113,0.007841869113545414,0.0135248218091929
F,0.013297217434129524,0.9742268041237113,0.007841869113545414,0.0135248218091929
F,0.013308453332394466,0.9742268041237113,0.007841869113545414,0.0135248218091929
F,0.013319708234962473,0.9742268041237113,0.007841869113545414,0.0135248218091929
F,0.013295715041438899,0.9716494845360825,0.007841869113545414,0.0135248218091929
F,0.013306978221735908,0.9716494845360825,0.007841869113545414,0.0135248218091929
F,0.013318260500936164,0.9716494845360825,0.007841869113545414,0.0135248218091929
F,0.013329561927659725,0.9716494845360825,0.007841869113545414,0.0135248218091929
F,0.013340882550691815,0.9716494845360825,0.007841869113545414,0.0135248218091929
F,0.01335222241898353,0.9716494845360825,0.007841869113545414,0.0135248218091929
F,0.013363581581652547,0.9716494845360825,0.007841869113545414,0.0135248218091929
F,0.013374960087983822,0.9716494845360825,0.007841869113545414,0.0135248218091929
F,0.013386357987430316,0.9716494845360825,0.007841869113545414,0.0135248218091929
F,0.013397775329613703,0.9716494845360825,0.007841869113545414,0.0135248218091929
F,0.013409212164325094,0.9716494845360825,0.007841869113545414,0.0135248218091929
F,0.013420668541525755,0.9716494845360825,0.007841869113545414,0.0135248218091929
F,0.013432144511347846,0.9716494845360825,0.007841869113545414,0.0135248218091929
F,0.01344364012409514,0.9716494845360825,0.007841869113545414,0.0135248218091929
F,0.013455155430243762,0.9716494845360825,0.007841869113545414,0.0135248218091929
F,0.013466690480442937,0.9716494845360825,0.007841869113545414,0.0135248218091929
F,0.013478245325515713,0.9716494845360825,0.007841869113545414,0.0135248218091929
F,0.013489820016459727,0.9716494845360825,0.007841869113545414,0.0135248218091929
F,0.013501414604447946,0.9716494845360825,0.007841869113545414,0.0135248218091929
F,0.01351302914082942,0.9716494845360825,0.007841869113545414,0.0135248218091929
F,0.013524663677130044,0.9716494845360825,0.007841869113545414,0.0135248218091929
F,0.01353631826505332,0.9716494845360825,0.007841869113545414,0.0135248218091929
F,0.013547992956481115,0.9716494845360825,0.007841869113545414,0.0135248218091929
F,0.013559687803474446,0.9716494845360825,0.007841869113545414,0.0135248218091929
F,0.013571402858274236,0.9716494845360825,0.007841869113545414,0.0135248218091929
F,0.013583138173302109,0.9716494845360825,0.007841869113545414,0.0135248218091929
F,0.013594893801161155,0.9716494845360825,0.007841869113545414,0.0135248218091929
F,0.013606669794636735,0.9716494845360825,0.007841869113545414,0.0135248218091929
F,0.01361846620669725,0.9716494845360825,0.007841869113545414,0.0135248218091929
F,0.01359412849343794,0.9690721649484536,0.007841869113545414,0.0135248218091929
F,0.013605934503347204,0.9690721649484536,0.007841869113545414,0.0135248218091929
F,0.013617761037267756,0.9690721649484536,0.007841869113545414,0.0135248218091929
F,0.013629608148765723,0.9690721649484536,0.007841869113545414,0.0135248218091929
F,0.013641475891593804,0.9690721649484536,0.007841869113545414,0.0135248218091929
F,0.013653364319692073,0.9690721649484536,0.007841869113545414,0.0135248218091929
F,0.013665273487188805,0.9690721649484536,0.007841869113545414,0.0135248218091929
F,0.013677203448401294,0.9690721649484536,0.007841869113545414,0.0135248218091929
F,0.013689154257836676,0.9690721649484536,0.007841869113545414,0.0135248218091929
F,0.013701125970192763,0.9690721649484536,0.007841869113545414,0.0135248218091929
F,0.013713118640358875,0.9690721649484536,0.007841869113545414,0.0135248218091929
F,0.013725132323416682,0.9690721649484536,0.007841869113545414,0.0135248218091929
F,0.013737167074641043,0.9690721649484536,0.007841869113545414,0.0135248218091929
F,0.01374922294950086,0.9690721649484536,0.007841869113545414,0.0135248218091929
F,0.01376130000365992,0.9690721649484536,0.007841869113545414,0.0135248218091929
F,0.013773398292977765,0.9690721649484536,0.007841869113545414,0.0135248218091929
F,0.01378551787351054,0.9690721649484536,0.007841869113545414,0.0135248218091929
F,0.013797658801511872,0.9690721649484536,0.007841869113545414,0.0135248218091929
F,0.013809821133433724,0.9690721649484536,0.007841869113545414,0.0135248218091929
F,0.013822004925927287,0.9690721649484536,0.007841869113545414,0.0135248218091929
F,0.01383421023584385,0.9690721649484536,0.007841869113545414,0.0135248218091929
F,0.013846437120235684,0.9690721649484536,0.007841869113545414,0.0135248218091929
F,0.013858685636356935,0.9690721649484536,0.007841869113545414,0.0135248218091929
F,0.013870955841664515,0.9690721649484536,0.007841869113545414,0.0135248218091929
F,0.013883247793819001,0.9690721649484536,0.007841869113545414,0.0135248218091929
F,0.01389556155068554,0.9690721649484536,0.007841869113545414,0.0135248218091929
F,0.01390789717033475,0.9690721649484536,0.007841869113545414,0.0135248218091929
F,0.01392025471104365,0.9690721649484536,0.007841869113545414,0.0135248218091929
F,0.01393263423129655,0.9690721649484536,0.007841869113545414,0.0135248218091929
F,0.013945035789786004,0.9690721649484536,0.007841869113545414,0.0135248218091929
F,0.013957459445413713,0.9690721649484536,0.007841869113545414,0.0135248218091929
F,0.013969905257291472,0.9690721649484536,0.007841869113545414,0.0135248218091929
F,0.013982373284742108,0.9690721649484536,0.007841869113545414,0.0135248218091929
F,0.013994863587300406,0.9690721649484536,0.007841869113545414,0.0135248218091929
F,0.014007376224714077,0.9690721649484536,0.007841869113545414,0.0135248218091929
F,0.014019911256944703,0.9690721649484536,0.007841869113545414,0.0135248218091929
F,0.014032468744168688,0.9690721649484536,0.007841869113545414,0.0135248218091929
F,0.01404504874677823,0.9690721649484536,0.007841869113545414,0.0135248218091929
F,0.014057651325382286,0.9690721649484536,0.007841869113545414,0.0135248218091929
F,0.014070276540807544,0.9690721649484536,0.007841869113545414,0.0135248218091929
F,0.014082924454099404,0.9690721649484536,0.007841869113545414,0.0135248218091929
F,0.014095595126522961,0.9690721649484536,0.007841869113545414,0.0135248218091929
F,0.014108288619563994,0.9690721649484536,0.007841869113545414,0.0135248218091929
F,0.014121004994929959,0.9690721649484536,0.007841869113545414,0.0135248218091929
F,0.014133744314550991,0.9690721649484536,0.007841869113545414,0.0135248218091929
F,0.01414650664058091,0.9690721649484536,0.007841869113545414,0.0135248218091929
F,0.01415929203539823,0.9690721649484536,0.007841869113545414,0.0135248218091929
F,0.014172100561607176,0.9690721649484536,0.007841869113545414,0.0135248218091929
F,0.014184932282038707,0.9690721649484536,0.007841869113545414,0.0135248218091929
F,0.014197787259751538,0.9690721649484536,0.007841869113545414,0.0135248218091929
F,0.014210665558033183,0.9690721649484536,0.007841869113545414,0.0135248218091929
F,0.014223567240400983,0.9690721649484536,0.007841869113545414,0.0135248218091929
F,0.014236492370603157,0.9690721649484536,0.007841869113545414,0.0135248218091929
F,0.014249441012619851,0.9690721649484536,0.007841869113545414,0.0135248218091929
F,0.014262413230664189,0.9690721649484536,0.007841869113545414,0.0135248218091929
F,0.01427540908918334,0.9690721649484536,0.007841869113545414,0.0135248218091929
F,0.014288428652859586,0.9690721649484536,0.007841869113545414,0.0135248218091929
F,0.014301471986611388,0.9690721649484536,0.007841869113545414,0.0135248218091929
F,0.014314539155594472,0.9690721649484536,0.007841869113545414,0.0135248218091929
F,0.014327630225202911,0.9690721649484536,0.007841869113545414,0.0135248218091929
F,0.014340745261070216,0.9690721649484536,0.007841869113545414,0.0135248218091929
F,0.014353884329070433,0.9690721649484536,0.007841869113545414,0.0135248218091929
F,0.014367047495319247,0.9690721649484536,0.007841869113545414,0.0135248218091929
F,0.014380234826175087,0.9690721649484536,0.007841869113545414,0.0135248218091929
F,0.014393446388240248,0.9690721649484536,0.007841869113545414,0.0135248218091929
F,0.014406682248362007,0.9690721649484536,0.007841869113545414,0.0135248218091929
F,0.014419942473633748,0.9690721649484536,0.007841869113545414,0.0135248218091929
F,0.014394840889025373,0.9664948453608248,0.007841869113545414,0.0135248218091929
F,0.014408114650170976,0.9664948453608248,0.007841869113545414,0.0135248218091929
F,0.01442141291389455,0.9664948453608248,0.007841869113545414,0.0135248218091929
F,0.014434735748104239,0.9664948453608248,0.007841869113545414,0.0135248218091929
F,0.014448083220959352,0.9664948453608248,0.007841869113545414,0.0135248218091929
F,0.014461455400871544,0.9664948453608248,0.007841869113545414,0.0135248218091929
F,0.014474852356505963,0.9664948453608248,0.007841869113545414,0.0135248218091929
F,0.014488274156782444,0.9664948453608248,0.007841869113545414,0.0135248218091929
F,0.014501720870876677,0.9664948453608248,0.007841869113545414,0.0135248218091929
F,0.014515192568221405,0.9664948453608248,0.007841869113545414,0.0135248218091929
F,0.014528689318507614,0.9664948453608248,0.007841869113545414,0.0135248218091929
F,0.014542211191685733,0.9664948453608248,0.007841869113545414,0.0135248218091929
F,0.014555758257966851,0.9664948453608248,0.007841869113545414,0.0135248218091929
F,0.014569330587823925,0.9664948453608248,0.007841869113545414,0.0135248218091929
F,0.014582928251993,0.9664948453608248,0.007841869113545414,0.0135248218091929
F,0.014596551321474447,0.9664948453608248,0.007841869113545414,0.0135248218091929
F,0.014610199867534188,0.9664948453608248,0.007841869113545414,0.0135248218091929
F,0.014623873961704949,0.9664948453608248,0.007841869113545414,0.0135248218091929
F,0.014637573675787502,0.9664948453608248,0.007841869113545414,0.0135248218091929
F,0.014651299081851924,0.9664948453608248,0.007841869113545414,0.0135248218091929
F,0.014665050252238864,0.9664948453608248,0.007841869113545414,0.0135248218091929
F,0.014678827259560809,0.9664948453608248,0.007841869113545414,0.0135248218091929
F,0.014692630176703365,0.9664948453608248,0.007841869113545414,0.0135248218091929
F,0.014706459076826542,0.9664948453608248,0.007841869113545414,0.0135248218091929
F,0.014720314033366046,0.9664948453608248,0.007841869113545414,0.0135248218091929
F,0.014734195120034576,0.9664948453608248,0.007841869113545414,0.0135248218091929
F,0.01474810241082314,0.9664948453608248,0.007841869113545414,0.0135248218091929
F,0.014762035980002362,0.9664948453608248,0.007841869113545414,0.0135248218091929
F,0.014775995902123803,0.9664948453608248,0.007841869113545414,0.0135248218091929
F,0.014789982252021298,0.9664948453608248,0.007841869113545414,0.0135248218091929
F,0.014803995104812286,0.9664948453608248,0.007841869113545414,0.0135248218091929
F,0.01481803453589916,0.9664948453608248,0.007841869113545414,0.0135248218091929
F,0.014832100620970613,0.9664948453608248,0.007841869113545414,0.0135248218091929
F,0.014846193436003009,0.9664948453608248,0.007841869113545414,0.0135248218091929
F,0.01486031305726174,0.9664948453608248,0.007841869113545414,0.0135248218091929
F,0.014874459561302606,0.9664948453608248,0.007841869113545414,0.0135248218091929
F,0.0148886330249732,0.9664948453608248,0.007841869113545414,0.0135248218091929
F,0.0149028335254143,0.9664948453608248,0.007841869113545414,0.0135248218091929
F,0.01491706114006126,0.9664948453608248,0.007841869113545414,0.0135248218091929
F,0.014931315946645431,0.9664948453608248,0.007841869113545414,0.0135248218091929
F,0.014945598023195568,0.9664948453608248,0.007841869113545414,0.0135248218091929
F,0.014959907448039255,0.9664948453608248,0.007841869113545414,0.0135248218091929
F,0.014974244299804337,0.9664948453608248,0.007841869113545414,0.0135248218091929
F,0.014948639034333907,0.9639175257731959,0.007841869113545414,0.0135248218091929
F,0.014962992598519704,0.9639175257731959,0.007841869113545414,0.0135248218091929
F,0.014977373753554122,0.9639175257731959,0.007841869113545414,0.0135248218091929
F,0.014991782579067624,0.9639175257731959,0.007841869113545414,0.0135248218091929
F,0.015006219154997391,0.9639175257731959,0.007841869113545414,0.0135248218091929
F,0.015020683561588819,0.9639175257731959,0.007841869113545414,0.0135248218091929
F,0.015035780332877703,0.9639175257731959,0.007841869113545414,0.0135248218091929
F,0.015050301810865191,0.9639175257731959,0.007841869113545414,0.0135248218091929
F,0.015064851365503907,0.9639175257731959,0.007841869113545414,0.0135248218091929
F,0.015079429078300137,0.9639175257731959,0.007841869113545414,0.0135248218091929
F,0.015094035031075955,0.9639175257731959,0.007841869113545414,0.0135248218091929
F,0.015108669305970752,0.9639175257731959,0.007841869113545414,0.0135248218091929
F,0.015123331985442781,0.9639175257731959,0.007841869113545414,0.0135248218091929
F,0.01509754715453736,0.961340206185567,0.007841869113545414,0.0135248218091929
F,0.015112227534235476,0.961340206185567,0.007841869113545414,0.0135248218091929
F,0.015126936491199611,0.961340206185567,0.007841869113545414,0.0135248218091929
F,0.015141674108955103,0.961340206185567,0.007841869113545414,0.0135248218091929
F,0.015156440471353108,0.961340206185567,0.007841869113545414,0.0135248218091929
F,0.015171235662572195,0.961340206185567,0.007841869113545414,0.0135248218091929
F,0.015186059767119942,0.961340206185567,0.007841869113545414,0.0135248218091929
F,0.015160159752221045,0.9587628865979382,0.007841869113545414,0.0135248218091929
F,0.015175002039650812,0.9587628865979382,0.007841869113545414,0.0135248218091929
F,0.015189873417721518,0.9587628865979382,0.007841869113545414,0.0135248218091929
F,0.015204773972042835,0.9587628865979382,0.007841869113545414,0.0135248218091929
F,0.015219703788560674,0.9587628865979382,0.007841869113545414,0.0135248218091929
F,0.015235286890281361,0.9587628865979382,0.007841869113545414,0.0135248218091929
F,0.015250276718730783,0.9587628865979382,0.007841869113545414,0.0135248218091929
F,0.015265296072879478,0.9587628865979382,0.007841869113545414,0.0135248218091929
F,0.015239268843705073,0.9561855670103093,0.007841869113545414,0.0135248218091929
F,0.015254306977509149,0.9561855670103093,0.007841869113545414,0.0135248218091929
F,0.015269374819936617,0.9561855670103093,0.007841869113545414,0.0135248218091929
F,0.015284472459110946,0.9561855670103093,0.007841869113545414,0.0135248218091929
F,0.015258361169532764,0.9536082474226805,0.007841869113545414,0.0135248218091929
F,0.015273477812177503,0.9536082474226805,0.007841869113545414,0.0135248218091929
F,0.015288624437006735,0.9536082474226805,0.007841869113545414,0.0135248218091929
F,0.015303801133308516,0.9536082474226805,0.007841869113545414,0.0135248218091929
F,0.01531900799072579,0.9536082474226805,0.007841869113545414,0.0135248218091929
F,0.015334245099258154,0.9536082474226805,0.007841869113545414,0.0135248218091929
F,0.015349512549263639,0.9536082474226805,0.007841869113545414,0.0135248218091929
F,0.015364810431460487,0.9536082474226805,0.007841869113545414,0.0135248218091929
F,0.01538013883692896,0.9536082474226805,0.007841869113545414,0.0135248218091929
F,0.015395497857113137,0.9536082474226805,0.007841869113545414,0.0135248218091929
F,0.015410887583822733,0.9536082474226805,0.007841869113545414,0.0135248218091929
F,0.015426308109234938,0.9536082474226805,0.007841869113545414,0.0135248218091929
F,0.015441759525896248,0.9536082474226805,0.007841869113545414,0.0135248218091929
F,0.015457241926724319,0.9536082474226805,0.007841869113545414,0.0135248218091929
F,0.015472755405009827,0.9536082474226805,0.007841869113545414,0.0135248218091929
F,0.015488300054418352,0.9536082474226805,0.007841869113545414,0.0135248218091929
F,0.015503875968992248,0.9536082474226805,0.007841869113545414,0.0135248218091929
F,0.01552013422818792,0.9536082474226805,0.007841869113545414,0.0135248218091929
F,0.015535774269398724,0.9536082474226805,0.007841869113545414,0.0135248218091929
F,0.015551445864156018,0.9536082474226805,0.007841869113545414,0.0135248218091929
F,0.01556714910804443,0.9536082474226805,0.007841869113545414,0.0135248218091929
F,0.01558288409703504,0.9536082474226805,0.007841869113545414,0.0135248218091929
F,0.015598650927487353,0.9536082474226805,0.007841869113545414,0.0135248218091929
F,0.015614449696151248,0.9536082474226805,0.007841869113545414,0.0135248218091929
F,0.015630280500168976,0.9536082474226805,0.007841869113545414,0.0135248218091929
F,0.015646143437077133,0.9536082474226805,0.007841869113545414,0.0135248218091929
F,0.015662038604808668,0.9536082474226805,0.007841869113545414,0.0135248218091929
F,0.015677966101694914,0.9536082474226805,0.007841869113545414,0.0135248218091929
F,0.015651510010179844,0.9510309278350515,0.007841869113545414,0.0135248218091929
F,0.015667459239130436,0.9510309278350515,0.007841869113545414,0.0135248218091929
F,0.015683441006460387,0.9510309278350515,0.007841869113545414,0.0135248218091929
F,0.015699455411844792,0.9510309278350515,0.007841869113545414,0.0135248218091929
F,0.01571550255536627,0.9510309278350515,0.007841869113545414,0.0135248218091929
F,0.015731582537517053,0.9510309278350515,0.007841869113545414,0.0135248218091929
F,0.015747695459201093,0.9510309278350515,0.007841869113545414,0.0135248218091929
F,0.015763841421736157,0.9510309278350515,0.007841869113545414,0.0135248218091929
F,0.01578002052685597,0.9510309278350515,0.007841869113545414,0.0135248218091929
F,0.015753424657534248,0.9484536082474226,0.007841869113545414,0.0135248218091929
F,0.01576962632841961,0.9484536082474226,0.007841869113545414,0.0135248218091929
F,0.015785861358956762,0.9484536082474226,0.007841869113545414,0.0135248218091929
F,0.01580212985228444,0.9484536082474226,0.007841869113545414,0.0135248218091929
F,0.01581843191196699,0.9484536082474226,0.007841869113545414,0.0135248218091929
F,0.015834767641996556,0.9484536082474226,0.007841869113545414,0.0135248218091929
F,0.015851137146795313,0.9484536082474226,0.007841869113545414,0.0135248218091929
F,0.01586754053121766,0.9484536082474226,0.007841869113545414,0.0135248218091929
F,0.015883977900552487,0.9484536082474226,0.007841869113545414,0.0135248218091929
F,0.015900449360525405,0.9484536082474226,0.007841869113545414,0.0135248218091929
F,0.01591695501730104,0.9484536082474226,0.007841869113545414,0.0135248218091929
F,0.01593349497748528,0.9484536082474226,0.007841869113545414,0.0135248218091929
F,0.0159500693481276,0.9484536082474226,0.007841869113545414,0.0135248218091929
F,0.01596667823672336,0.9484536082474226,0.007841869113545414,0.0135248218091929
F,0.015983321751216122,0.9484536082474226,0.007841869113545414,0.0135248218091929
F,0.016,0.9484536082474226,0.007841869113545414,0.0135248218091929
F,0.016016713091922007,0.9484536082474226,0.007841869113545414,0.0135248218091929
F,0.01603346113628442,0.9484536082474226,0.007841869113545414,0.0135248218091929
F,0.016050244242847175,0.9484536082474226,0.007841869113545414,0.0135248218091929
F,0.01606706252183025,0.9484536082474226,0.007841869113545414,0.0135248218091929
F,0.016083916083916083,0.9484536082474226,0.007841869113545414,0.0135248218091929
F,0.016100805040252013,0.9484536082474226,0.007841869113545414,0.0135248218091929
F,0.0161177295024527,0.9484536082474226,0.007841869113545414,0.0135248218091929
F,0.016134689582602595,0.9484536082474226,0.007841869113545414,0.0135248218091929
F,0.016151685393258428,0.9484536082474226,0.007841869113545414,0.0135248218091929
F,0.01616871704745167,0.9484536082474226,0.007841869113545414,0.0135248218091929
F,0.01618578465869106,0.9484536082474226,0.007841869113545414,0.0135248218091929
F,0.01620288834096513,0.9484536082474226,0.007841869113545414,0.0135248218091929
F,0.01622002820874471,0.9484536082474226,0.007841869113545414,0.0135248218091929
F,0.016237204376985528,0.9484536082474226,0.007841869113545414,0.0135248218091929
F,0.01625441696113074,0.9484536082474226,0.007841869113545414,0.0135248218091929
F,0.01627166607711355,0.9484536082474226,0.007841869113545414,0.0135248218091929
F,0.016288951841359773,0.9484536082474226,0.007841869113545414,0.0135248218091929
F,0.0163062743707905,0.9484536082474226,0.007841869113545414,0.0135248218091929
F,0.016323633782824698,0.9484536082474226,0.007841869113545414,0.0135248218091929
F,0.016341030195381884,0.9484536082474226,0.007841869113545414,0.0135248218091929
F,0.016358463726884778,0.9484536082474226,0.007841869113545414,0.0135248218091929
F,0.016375934496262016,0.9484536082474226,0.007841869113545414,0.0135248218091929
F,0.01639344262295082,0.9484536082474226,0.007841869113545414,0.0135248218091929
F,0.01641098822689975,0.9484536082474226,0.007841869113545414,0.0135248218091929
F,0.016428571428571428,0.9484536082474226,0.007841869113545414,0.0135248218091929
F,0.016446192348945298,0.9484536082474226,0.007841869113545414,0.0135248218091929
F,0.0164638511095204,0.9484536082474226,0.007841869113545414,0.0135248218091929
F,0.016481547832318165,0.9484536082474226,0.007841869113545414,0.0135248218091929
F,0.01649928263988522,0.9484536082474226,0.007841869113545414,0.0135248218091929
F,0.01651705565529623,0.9484536082474226,0.007841869113545414,0.0135248218091929
F,0.01653486700215672,0.9484536082474226,0.007841869113545414,0.0135248218091929
F,0.016552716804605974,0.9484536082474226,0.007841869113545414,0.0135248218091929
F,0.016570605187319884,0.9484536082474226,0.007841869113545414,0.0135248218091929
F,0.016588532275513886,0.9484536082474226,0.007841869113545414,0.0135248218091929
F,0.01660649819494585,0.9484536082474226,0.007841869113545414,0.0135248218091929
F,0.016624503071919046,0.9484536082474226,0.007841869113545414,0.0135248218091929
F,0.016642547033285094,0.9484536082474226,0.007841869113545414,0.0135248218091929
F,0.01666063020644694,0.9484536082474226,0.007841869113545414,0.0135248218091929
F,0.016678752719361856,0.9484536082474226,0.007841869113545414,0.0135248218091929
F,0.016696914700544463,0.9484536082474226,0.007841869113545414,0.0135248218091929
F,0.016715116279069766,0.9484536082474226,0.007841869113545414,0.0135248218091929
F,0.01673335758457621,0.9484536082474226,0.007841869113545414,0.0135248218091929
F,0.016751638747268753,0.9484536082474226,0.007841869113545414,0.0135248218091929
F,0.016769959897921984,0.9484536082474226,0.007841869113545414,0.0135248218091929
F,0.016788321167883213,0.9484536082474226,0.007841869113545414,0.0135248218091929
F,0.01680672268907563,0.9484536082474226,0.007841869113545414,0.0135248218091929
F,0.016825164594001463,0.9484536082474226,0.007841869113545414,0.0135248218091929
F,0.016843647015745148,0.9484536082474226,0.007841869113545414,0.0135248218091929
F,0.01686217008797654,0.9484536082474226,0.007841869113545414,0.0135248218091929
F,0.016880733944954127,0.9484536082474226,0.007841869113545414,0.0135248218091929
F,0.01689933872152829,0.9484536082474226,0.007841869113545414,0.0135248218091929
F,0.016872011769032733,0.9458762886597938,0.007841869113545414,0.0135248218091929
F,0.01689064801178203,0.9458762886597938,0.007841869113545414,0.0135248218091929
F,0.016909325469959456,0.9458762886597938,0.007841869113545414,0.0135248218091929
F,0.016928044280442804,0.9458762886597938,0.007841869113545414,0.0135248218091929
F,0.016900628001477652,0.9432989690721649,0.007841869113545414,0.0135248218091929
F,0.016919378698224852,0.9432989690721649,0.007841869113545414,0.0135248218091929
F,0.01693817104776009,0.9432989690721649,0.007841869113545414,0.0135248218091929
F,0.01695700518902891,0.9432989690721649,0.007841869113545414,0.0135248218091929
F,0.01697588126159555,0.9432989690721649,0.007841869113545414,0.0135248218091929
F,0.016994799405646358,0.9432989690721649,0.007841869113545414,0.0135248218091929
F,0.017013759761993305,0.9432989690721649,0.007841869113545414,0.0135248218091929
F,0.016986224869694713,0.9407216494845361,0.007841869113545414,0.0135248218091929
F,0.017005218039508014,0.9407216494845361,0.007841869113545414,0.0135248218091929
F,0.017024253731343284,0.9407216494845361,0.007841869113545414,0.0135248218091929
F,0.017043332088158385,0.9407216494845361,0.007841869113545414,0.0135248218091929
F,0.01706245325355273,0.9407216494845361,0.007841869113545414,0.0135248218091929
F,0.01703481842006739,0.9381443298969072,0.007841869113545414,0.0135248218091929
F,0.01705397301349325,0.9381443298969072,0.007841869113545414,0.0135248218091929
F,0.01707317073170732,0.9381443298969072,0.007841869113545414,0.0135248218091929
F,0.017092411720510892,0.9381443298969072,0.007841869113545414,0.0135248218091929
F,0.017111696126363294,0.9381443298969072,0.007841869113545414,0.0135248218091929
F,0.017131024096385544,0.9381443298969072,0.007841869113545414,0.0135248218091929
F,0.017150395778364115,0.9381443298969072,0.007841869113545414,0.0135248218091929
F,0.017169811320754718,0.9381443298969072,0.007841869113545414,0.0135248218091929
F,0.01718927087268606,0.9381443298969072,0.007841869113545414,0.0135248218091929
F,0.017208774583963693,0.9381443298969072,0.007841869113545414,0.0135248218091929
F,0.017228322605073836,0.9381443298969072,0.007841869113545414,0.0135248218091929
F,0.017247915087187263,0.9381443298969072,0.007841869113545414,0.0135248218091929
F,0.01722011385199241,0.9355670103092784,0.007841869113545414,0.0135248218091929
F,0.017239741641337385,0.9355670103092784,0.007841869113545414,0.0135248218091929
F,0.017259414225941423,0.9355670103092784,0.007841869113545414,0.0135248218091929
F,0.01723153084539223,0.9329896907216495,0.007841869113545414,0.0135248218091929
F,0.017251239039268014,0.9329896907216495,0.007841869113545414,0.0135248218091929
F,0.017270992366412215,0.9329896907216495,0.007841869113545414,0.0135248218091929
F,0.017290790982040505,0.9329896907216495,0.007841869113545414,0.0135248218091929
F,0.0173106350420811,0.9329896907216495,0.007841869113545414,0.0135248218091929
F,0.01733052470317886,0.9329896907216495,0.007841869113545414,0.0135248218091929
F,0.017350460122699387,0.9329896907216495,0.007841869113545414,0.0135248218091929
F,0.017370441458733205,0.9329896907216495,0.007841869113545414,0.0135248218091929
F,0.017390468870099922,0.9329896907216495,0.007841869113545414,0.0135248218091929
F,0.017410542516352445,0.9329896907216495,0.007841869113545414,0.0135248218091929
F,0.017430662557781203,0.9329896907216495,0.007841869113545414,0.0135248218091929
F,0.017450829155418433,0.9329896907216495,0.007841869113545414,0.0135248218091929
F,0.01742277992277992,0.9304123711340206,0.007841869113545414,0.0135248218091929
F,0.017442984151526866,0.9304123711340206,0.007841869113545414,0.0135248218091929
F,0.017463235294117647,0.9304123711340206,0.007841869113545414,0.0135248218091929
F,0.017483533514141805,0.9304123711340206,0.007841869113545414,0.0135248218091929
F,0.01750387897595035,0.9304123711340206,0.007841869113545414,0.0135248218091929
F,0.017524271844660193,0.9304123711340206,0.007841869113545414,0.0135248218091929
F,0.017544712286158632,0.9304123711340206,0.007841869113545414,0.0135248218091929
F,0.017565200467107824,0.9304123711340206,0.007841869113545414,0.0135248218091929
F,0.017585736554949338,0.9304123711340206,0.007841869113545414,0.0135248218091929
F,0.017508778774873196,0.9252577319587629,0.007841869113545414,0.0135248218091929
F,0.01748046875,0.9226804123711341,0.007841869113545414,0.0135248218091929
F,0.017500977708251857,0.9226804123711341,0.007841869113545414,0.0135248218091929
F,0.017521534847298355,0.9226804123711341,0.007841869113545414,0.0135248218091929
F,0.017542140337122696,0.9226804123711341,0.007841869113545414,0.0135248218091929
F,0.017562794348508635,0.9226804123711341,0.007841869113545414,0.0135248218091929
F,0.017583497053045186,0.9226804123711341,0.007841869113545414,0.0135248218091929
F,0.017604248623131393,0.9226804123711341,0.007841869113545414,0.0135248218091929
F,0.017575817250886177,0.9201030927835051,0.007841869113545414,0.0135248218091929
F,0.017596608832807573,0.9201030927835051,0.007841869113545414,0.0135248218091929
F,0.01761744966442953,0.9201030927835051,0.007841869113545414,0.0135248218091929
F,0.017638339920948615,0.9201030927835051,0.007841869113545414,0.0135248218091929
F,0.017659279778393353,0.9201030927835051,0.007841869113545414,0.0135248218091929
F,0.017630744849445323,0.9175257731958762,0.007841869113545414,0.0135248218091929
F,0.017651725505751687,0.9175257731958762,0.007841869113545414,0.0135248218091929
F,0.01767275615567911,0.9175257731958762,0.007841869113545414,0.0135248218091929
F,0.0176441351888668,0.9149484536082474,0.007841869113545414,0.0135248218091929
F,0.017665207006369428,0.9149484536082474,0.007841869113545414,0.0135248218091929
F,0.017686329214826626,0.9149484536082474,0.007841869113545414,0.0135248218091929
F,0.017707501995211494,0.9149484536082474,0.007841869113545414,0.0135248218091929
F,0.01767878545745106,0.9123711340206185,0.007841869113545414,0.0135248218091929
F,0.0177,0.9123711340206185,0.007841869113545414,0.0135248218091929
F,0.017721265518622346,0.9123711340206185,0.007841869113545414,0.0135248218091929
F,0.017692461908580592,0.9097938144329897,0.007841869113545414,0.0135248218091929
F,0.017713769570453633,0.9097938144329897,0.007841869113545414,0.0135248218091929
F,0.017735128617363344,0.9097938144329897,0.007841869113545414,0.0135248218091929
F,0.017756539235412476,0.9097938144329897,0.007841869113545414,0.0135248218091929
F,0.017727639000805803,0.9072164948453608,0.007841869113545414,0.0135248218091929
F,0.017749092375958047,0.9072164948453608,0.007841869113545414,0.0135248218091929
F,0.017770597738287562,0.9072164948453608,0.007841869113545414,0.0135248218091929
F,0.017792155276991507,0.9072164948453608,0.007841869113545414,0.0135248218091929
F,0.017763157894736842,0.904639175257732,0.007841869113545414,0.0135248218091929
F,0.017734089987839482,0.9020618556701031,0.007841869113545414,0.0135248218091929
F,0.01775568181818182,0.9020618556701031,0.007841869113545414,0.0135248218091929
F,0.017726533929297034,0.8994845360824743,0.007841869113545414,0.0135248218091929
F,0.017697314890154598,0.8969072164948454,0.007841869113545414,0.0135248218091929
F,0.017718940936863544,0.8969072164948454,0.007841869113545414,0.0135248218091929
F,0.017740619902120718,0.8969072164948454,0.007841869113545414,0.0135248218091929
F,0.017762351980400163,0.8969072164948454,0.007841869113545414,0.0135248218091929
F,0.017733033524121013,0.8943298969072165,0.007841869113545414,0.0135248218091929
F,0.01770364306180925,0.8917525773195877,0.007841869113545414,0.0135248218091929
F,0.01767418032786885,0.8891752577319587,0.007841869113545414,0.0135248218091929
F,0.01769593762823143,0.8891752577319587,0.007841869113545414,0.0135248218091929
F,0.017717748562037797,0.8891752577319587,0.007841869113545414,0.0135248218091929
F,0.017688194158782394,0.8865979381443299,0.007841869113545414,0.0135248218091929
F,0.01765856672158155,0.884020618556701,0.007841869113545414,0.0135248218091929
F,0.017680412371134022,0.884020618556701,0.007841869113545414,0.0135248218091929
F,0.017702312138728325,0.884020618556701,0.007841869113545414,0.0135248218091929
F,0.017724266225713103,0.884020618556701,0.007841869113545414,0.0135248218091929
F,0.017746274834437085,0.884020618556701,0.007841869113545414,0.0135248218091929
F,0.017768338168255283,0.884020618556701,0.007841869113545414,0.0135248218091929
F,0.01779045643153527,0.884020618556701,0.007841869113545414,0.0135248218091929
F,0.01781262982966348,0.884020618556701,0.007841869113545414,0.0135248218091929
F,0.017782861896838604,0.8814432989690721,0.007841869113545414,0.0135248218091929
F,0.017805081216159934,0.8814432989690721,0.007841869113545414,0.0135248218091929
F,0.017827356130108423,0.8814432989690721,0.007841869113545414,0.0135248218091929
F,0.017849686847599164,0.8814432989690721,0.007841869113545414,0.0135248218091929
F,0.017819816053511704,0.8788659793814433,0.007841869113545414,0.0135248218091929
F,0.01784219338635412,0.8788659793814433,0.007841869113545414,0.0135248218091929
F,0.017812238055322716,0.8762886597938144,0.007841869113545414,0.0135248218091929
F,0.017834662190516156,0.8762886597938144,0.007841869113545414,0.0135248218091929
F,0.017857142857142856,0.8762886597938144,0.007841869113545414,0.0135248218091929
F,0.01787968026924695,0.8762886597938144,0.007841869113545414,0.0135248218091929
F,0.017902274641954506,0.8762886597938144,0.007841869113545414,0.0135248218091929
F,0.017872205820328974,0.8737113402061856,0.007841869113545414,0.0135248218091929
F,0.01784206081081081,0.8711340206185567,0.007841869113545414,0.0135248218091929
F,0.01781183932346723,0.8685567010309279,0.007841869113545414,0.0135248218091929
F,0.017835406192114316,0.8685567010309279,0.007841869113545414,0.0135248218091929
F,0.01785808913147157,0.8685567010309279,0.007841869113545414,0.0135248218091929
F,0.017880829840292885,0.8685567010309279,0.007841869113545414,0.0135248218091929
F,0.017850502045370024,0.865979381443299,0.007841869113545414,0.0135248218091929
F,0.01787329113250705,0.865979381443299,0.007841869113545414,0.0135248218091929
F,0.01789613848202397,0.865979381443299,0.007841869113545414,0.0135248218091929
F,0.017705722361474056,0.8556701030927835,0.007841869113545414,0.0135248218091929
F,0.017675014684679875,0.8530927835051546,0.007841869113545414,0.0135248218091929
F,0.017697695556862535,0.8530927835051546,0.007841869113545414,0.0135248218091929
F,0.017720434712779058,0.8530927835051546,0.007841869113545414,0.0135248218091929
F,0.01774323237737872,0.8530927835051546,0.007841869113545414,0.0135248218091929
F,0.017712414792550053,0.8505154639175257,0.007841869113545414,0.0135248218091929
F,0.017681517708389317,0.8479381443298969,0.007841869113545414,0.0135248218091929
F,0.017704353441317332,0.8479381443298969,0.007841869113545414,0.0135248218091929
F,0.017673366021876177,0.845360824742268,0.007841869113545414,0.0135248218091929
F,0.017696250337199893,0.845360824742268,0.007841869113545414,0.0135248218091929
F,0.017611150126951542,0.8402061855670103,0.007841869113545414,0.0135248218091929
F,0.017634013090279656,0.8402061855670103,0.007841869113545414,0.0135248218091929
F,0.017656935492606836,0.8402061855670103,0.007841869113545414,0.0135248218091929
F,0.017679917566028526,0.8402061855670103,0.007841869113545414,0.0135248218091929
F,0.017702959543850122,0.8402061855670103,0.007841869113545414,0.0135248218091929
F,0.017726061660594858,0.8402061855670103,0.007841869113545414,0.0135248218091929
F,0.01769477867915283,0.8376288659793815,0.007841869113545414,0.0135248218091929
F,0.01771793054571226,0.8376288659793815,0.007841869113545414,0.0135248218091929
F,0.01774114307549539,0.8376288659793815,0.007841869113545414,0.0135248218091929
F,0.017709756764143207,0.8350515463917526,0.007841869113545414,0.0135248218091929
F,0.017678287997372887,0.8324742268041238,0.007841869113545414,0.0135248218091929
F,0.01770153997917466,0.8324742268041238,0.007841869113545414,0.0135248218091929
F,0.017724853207485045,0.8324742268041238,0.007841869113545414,0.0135248218091929
F,0.017748227924611244,0.8324742268041238,0.007841869113545414,0.0135248218091929
F,0.0177716643741403,0.8324742268041238,0.007841869113545414,0.0135248218091929
F,0.017795162800947607,0.8324742268041238,0.007841869113545414,0.0135248218091929
F,0.017818723451205384,0.8324742268041238,0.007841869113545414,0.0135248218091929
F,0.017842346572391317,0.8324742268041238,0.007841869113545414,0.0135248218091929
F,0.017866032413297196,0.8324742268041238,0.007841869113545414,0.0135248218091929
F,0.017889781224037664,0.8324742268041238,0.007841869113545414,0.0135248218091929
F,0.01791359325605901,0.8324742268041238,0.007841869113545414,0.0135248218091929
F,0.017881934803132115,0.8298969072164949,0.007841869113545414,0.0135248218091929
F,0.017905799922148698,0.8298969072164949,0.007841869113545414,0.0135248218091929
F,0.01792972882677209,0.8298969072164949,0.007841869113545414,0.0135248218091929
F,0.017953721773069416,0.8298969072164949,0.007841869113545414,0.0135248218091929
F,0.017977779018480265,0.8298969072164949,0.007841869113545414,0.0135248218091929
F,0.018001900821825907,0.8298969072164949,0.007841869113545414,0.0135248218091929
F,0.01797010580529586,0.8273195876288659,0.007841869113545414,0.0135248218091929
F,0.01793822523684063,0.8247422680412371,0.007841869113545414,0.0135248218091929
F,0.01790625877069885,0.8221649484536082,0.007841869113545414,0.0135248218091929
F,0.017930414254398293,0.8221649484536082,0.007841869113545414,0.0135248218091929
F,0.0178983508752181,0.8195876288659794,0.007841869113545414,0.0135248218091929
F,0.017922561009975767,0.8195876288659794,0.007841869113545414,0.0135248218091929
F,0.01794683672893504,0.8195876288659794,0.007841869113545414,0.0135248218091929
F,0.01791466515964962,0.8170103092783505,0.007841869113545414,0.0135248218091929
F,0.017882406202252277,0.8144329896907216,0.007841869113545414,0.0135248218091929
F,0.017850059500198336,0.8118556701030928,0.007841869113545414,0.0135248218091929
F,0.017874368722691936,0.8118556701030928,0.007841869113545414,0.0135248218091929
F,0.017898744246832205,0.8118556701030928,0.007841869113545414,0.0135248218091929
F,0.017923186344238975,0.8118556701030928,0.007841869113545414,0.0135248218091929
F,0.017947695288017776,0.8118556701030928,0.007841869113545414,0.0135248218091929
F,0.017972271352770013,0.8118556701030928,0.007841869113545414,0.0135248218091929
F,0.01799691481460321,0.8118556701030928,0.007841869113545414,0.0135248218091929
F,0.01802162595114137,0.8118556701030928,0.007841869113545414,0.0135248218091929
F,0.017989114866800344,0.8092783505154639,0.007841869113545414,0.0135248218091929
F,0.0179565142562102,0.8067010309278351,0.007841869113545414,0.0135248218091929
F,0.017981271902108346,0.8067010309278351,0.007841869113545414,0.0135248218091929
F,0.018006097911752863,0.8067010309278351,0.007841869113545414,0.0135248218091929
F,0.018030992568696353,0.8067010309278351,0.007841869113545414,0.0135248218091929
F,0.018055956158061725,0.8067010309278351,0.007841869113545414,0.0135248218091929
F,0.01808098896655306,0.8067010309278351,0.007841869113545414,0.0135248218091929
F,0.018106091282466593,0.8067010309278351,0.007841869113545414,0.0135248218091929
F,0.01813126339570179,0.8067010309278351,0.007841869113545414,0.0135248218091929
F,0.01815650559777249,0.8067010309278351,0.007841869113545414,0.0135248218091929
F,0.01818181818181818,0.8067010309278351,0.007841869113545414,0.0135248218091929
F,0.018207201442615322,0.8067010309278351,0.007841869113545414,0.0135248218091929
F,0.018232655676588803,0.8067010309278351,0.007841869113545414,0.0135248218091929
F,0.018199848334597212,0.8041237113402062,0.007841869113545414,0.0135248218091929
F,0.018225363631053215,0.8041237113402062,0.007841869113545414,0.0135248218091929
F,0.018250950570342206,0.8041237113402062,0.007841869113545414,0.0135248218091929
F,0.01827660945463066,0.8041237113402062,0.007841869113545414,0.0135248218091929
F,0.01830234058778671,0.8041237113402062,0.007841869113545414,0.0135248218091929
F,0.018328144275392116,0.8041237113402062,0.007841869113545414,0.0135248218091929
F,0.0183540208247544,0.8041237113402062,0.007841869113545414,0.0135248218091929
F,0.018379970544918998,0.8041237113402062,0.007841869113545414,0.0135248218091929
F,0.01840599374668161,0.8041237113402062,0.007841869113545414,0.0135248218091929
F,0.01843209074260058,0.8041237113402062,0.007841869113545414,0.0135248218091929
F,0.018458261847009407,0.8041237113402062,0.007841869113545414,0.0135248218091929
F,0.018484507376029385,0.8041237113402062,0.007841869113545414,0.0135248218091929
F,0.018510827647582318,0.8041237113402062,0.007841869113545414,0.0135248218091929
F,0.018477808805180917,0.8015463917525774,0.007841869113545414,0.0135248218091929
F,0.01838519664425537,0.7963917525773195,0.007841869113545414,0.0135248218091929
F,0.018411487815050944,0.7963917525773195,0.007841869113545414,0.0135248218091929
F,0.01843785428724864,0.7963917525773195,0.007841869113545414,0.0135248218091929
F,0.018344786375858978,0.7912371134020618,0.007841869113545414,0.0135248218091929
F,0.018311291963377416,0.788659793814433,0.007841869113545414,0.0135248218091929
F,0.018337628093725654,0.788659793814433,0.007841869113545414,0.0135248218091929
F,0.01836404008881954,0.788659793814433,0.007841869113545414,0.0135248218091929
F,0.018330428511328805,0.7860824742268041,0.007841869113545414,0.0135248218091929
F,0.01829671983147758,0.7835051546391752,0.007841869113545414,0.0135248218091929
F,0.01832318727020674,0.7835051546391752,0.007841869113545414,0.0135248218091929
F,0.018349731393734532,0.7835051546391752,0.007841869113545414,0.0135248218091929
F,0.01837635253581575,0.7835051546391752,0.007841869113545414,0.0135248218091929
F,0.018403051032144804,0.7835051546391752,0.007841869113545414,0.0135248218091929
F,0.01842982722036981,0.7835051546391752,0.007841869113545414,0.0135248218091929
F,0.018456681440106853,0.7835051546391752,0.007841869113545414,0.0135248218091929
F,0.01848361403295434,0.7835051546391752,0.007841869113545414,0.0135248218091929
F,0.018449735127565,0.7809278350515464,0.007841869113545414,0.0135248218091929
F,0.018476736386365024,0.7809278350515464,0.007841869113545414,0.0135248218091929
F,0.018381679389312976,0.7757731958762887,0.007841869113545414,0.0135248218091929
F,0.01834750168185432,0.7731958762886598,0.007841869113545414,0.0135248218091929
F,0.018313223494824525,0.770618556701031,0.007841869113545414,0.0135248218091929
F,0.018340182788443845,0.770618556701031,0.007841869113545414,0.0135248218091929
F,0.018367221573806745,0.770618556701031,0.007841869113545414,0.0135248218091929
F,0.018394340203014458,0.770618556701031,0.007841869113545414,0.0135248218091929
F,0.018421539030250754,0.770618556701031,0.007841869113545414,0.0135248218091929
F,0.018448818411797373,0.770618556701031,0.007841869113545414,0.0135248218091929
F,0.01835259222641043,0.7654639175257731,0.007841869113545414,0.0135248218091929
F,0.018379850238257316,0.7654639175257731,0.007841869113545414,0.0135248218091929
F,0.01840718933994422,0.7654639175257731,0.007841869113545414,0.0135248218091929
F,0.018434609893861337,0.7654639175257731,0.007841869113545414,0.0135248218091929
F,0.01846211226456145,0.7654639175257731,0.007841869113545414,0.0135248218091929
F,0.01842744194733238,0.7628865979381443,0.007841869113545414,0.0135248218091929
F,0.018330319845376895,0.7577319587628866,0.007841869113545414,0.0135248218091929
F,0.01835778957227599,0.7577319587628866,0.007841869113545414,0.0135248218091929
F,0.01838534175473704,0.7577319587628866,0.007841869113545414,0.0135248218091929
F,0.01835034759190831,0.7551546391752577,0.007841869113545414,0.0135248218091929
F,0.018377971523552656,0.7551546391752577,0.007841869113545414,0.0135248218091929
F,0.01834286073245807,0.7525773195876289,0.007841869113545414,0.0135248218091929
F,0.018370556778861277,0.7525773195876289,0.007841869113545414,0.0135248218091929
F,0.01839833658874677,0.7525773195876289,0.007841869113545414,0.0135248218091929
F,0.018426200542689466,0.7525773195876289,0.007841869113545414,0.0135248218091929
F,0.01845414902357328,0.7525773195876289,0.007841869113545414,0.0135248218091929
F,0.018482182416608647,0.7525773195876289,0.007841869113545414,0.0135248218091929
F,0.018510301109350237,0.7525773195876289,0.007841869113545414,0.0135248218091929
F,0.01853850549171481,0.7525773195876289,0.007841869113545414,0.0135248218091929
F,0.018503211038341707,0.75,0.007841869113545414,0.0135248218091929
F,0.018404126600012737,0.7448453608247423,0.007841869113545414,0.0135248218091929
F,0.018432297978187386,0.7448453608247423,0.007841869113545414,0.0135248218091929
F,0.018332801022037687,0.7396907216494846,0.007841869113545414,0.0135248218091929
F,0.018360949395432154,0.7396907216494846,0.007841869113545414,0.0135248218091929
F,0.018389184340360094,0.7396907216494846,0.007841869113545414,0.0135248218091929
F,0.018417506256818327,0.7396907216494846,0.007841869113545414,0.0135248218091929
F,0.01838164406452857,0.7371134020618557,0.007841869113545414,0.0135248218091929
F,0.018410041841004185,0.7371134020618557,0.007841869113545414,0.0135248218091929
F,0.01830958674489072,0.7319587628865979,0.007841869113545414,0.0135248218091929
F,0.018337960870407437,0.7319587628865979,0.007841869113545414,0.0135248218091929
F,0.018301752570652526,0.729381443298969,0.007841869113545414,0.0135248218091929
F,0.01826543169894423,0.7268041237113402,0.007841869113545414,0.0135248218091929
F,0.01829386960752514,0.7268041237113402,0.007841869113545414,0.0135248218091929
F,0.018257423169384706,0.7242268041237113,0.007841869113545414,0.0135248218091929
F,0.018285937398321076,0.7242268041237113,0.007841869113545414,0.0135248218091929
F,0.018314540832953138,0.7242268041237113,0.007841869113545414,0.0135248218091929
F,0.018343233892551734,0.7242268041237113,0.007841869113545414,0.0135248218091929
F,0.01837201699901929,0.7242268041237113,0.007841869113545414,0.0135248218091929
F,0.01833540698055137,0.7216494845360825,0.007841869113545414,0.0135248218091929
F,0.018364268380665048,0.7216494845360825,0.007841869113545414,0.0135248218091929
F,0.018393220784339488,0.7216494845360825,0.007841869113545414,0.0135248218091929
F,0.018356470820448712,0.7190721649484536,0.007841869113545414,0.0135248218091929
F,0.018319604612850083,0.7164948453608248,0.007841869113545414,0.0135248218091929
F,0.01828262160913471,0.7139175257731959,0.007841869113545414,0.0135248218091929
F,0.01831162821445098,0.7139175257731959,0.007841869113545414,0.0135248218091929
F,0.01834072700787923,0.7139175257731959,0.007841869113545414,0.0135248218091929
F,0.018369918429604084,0.7139175257731959,0.007841869113545414,0.0135248218091929
F,0.018199933576884757,0.7061855670103093,0.007841869113545414,0.0135248218091929
F,0.01809593506752711,0.7010309278350515,0.007841869113545414,0.0135248218091929
F,0.018124875058306122,0.7010309278350515,0.007841869113545414,0.0135248218091929
F,0.018153907762130415,0.7010309278350515,0.007841869113545414,0.0135248218091929
F,0.018049334848586136,0.6958762886597938,0.007841869113545414,0.0135248218091929
F,0.018078339471041177,0.6958762886597938,0.007841869113545414,0.0135248218091929
F,0.017973308295888942,0.6907216494845361,0.007841869113545414,0.0135248218091929
F,0.018002283871834487,0.6907216494845361,0.007841869113545414,0.0135248218091929
F,0.017964071856287425,0.6881443298969072,0.007841869113545414,0.0135248218091929
F,0.01792573623559539,0.6855670103092784,0.007841869113545414,0.0135248218091929
F,0.0176172797840027,0.6726804123711341,0.007841869113545414,0.0135248218091929
F,0.01757825704820499,0.6701030927835051,0.007841869113545414,0.0135248218091929
F,0.01753910746935735,0.6675257731958762,0.007841869113545414,0.0135248218091929
F,0.01749983042799973,0.6649484536082474,0.007841869113545414,0.0135248218091929
F,0.01752836469868877,0.6649484536082474,0.007841869113545414,0.0135248218091929
F,0.017556992174208915,0.6649484536082474,0.007841869113545414,0.0135248218091929
F,0.01744938995296844,0.6597938144329897,0.007841869113545414,0.0135248218091929
F,0.01740970847272479,0.6572164948453608,0.007841869113545414,0.0135248218091929
F,0.01730151131778705,0.6520618556701031,0.007841869113545414,0.0135248218091929
F,0.01726145626412768,0.6494845360824743,0.007841869113545414,0.0135248218091929
F,0.017152658662092625,0.6443298969072165,0.007841869113545414,0.0135248218091929
F,0.017180949762902895,0.6443298969072165,0.007841869113545414,0.0135248218091929
F,0.017209334342947614,0.6443298969072165,0.007841869113545414,0.0135248218091929
F,0.017237812866303524,0.6443298969072165,0.007841869113545414,0.0135248218091929
F,0.01726638580012432,0.6443298969072165,0.007841869113545414,0.0135248218091929
F,0.017295053614666205,0.6443298969072165,0.007841869113545414,0.0135248218091929
F,0.017254521516180444,0.6417525773195877,0.007841869113545414,0.0135248218091929
F,0.017283265079475255,0.6417525773195877,0.007841869113545414,0.0135248218091929
F,0.017173051519154558,0.6365979381443299,0.007841869113545414,0.0135248218091929
F,0.017201754996866075,0.6365979381443299,0.007841869113545414,0.0135248218091929
F,0.017230554586675967,0.6365979381443299,0.007841869113545414,0.0135248218091929
F,0.017259450772133325,0.6365979381443299,0.007841869113545414,0.0135248218091929
F,0.017288444040036398,0.6365979381443299,0.007841869113545414,0.0135248218091929
F,0.017247423403211105,0.634020618556701,0.007841869113545414,0.0135248218091929
F,0.017276494135824143,0.634020618556701,0.007841869113545414,0.0135248218091929
F,0.017305663032008443,0.634020618556701,0.007841869113545414,0.0135248218091929
F,0.017264463392290888,0.6314432989690721,0.007841869113545414,0.0135248218091929
F,0.01722312416178443,0.6288659793814433,0.007841869113545414,0.0135248218091929
F,0.017181644629852225,0.6262886597938144,0.007841869113545414,0.0135248218091929
F,0.01721085062681493,0.6262886597938144,0.007841869113545414,0.0135248218091929
F,0.017098261794962752,0.6211340206185567,0.007841869113545414,0.0135248218091929
F,0.017056357046407504,0.6185567010309279,0.007841869113545414,0.0135248218091929
F,0.01708549868299281,0.6185567010309279,0.007841869113545414,0.0135248218091929
F,0.017114740069885188,0.6185567010309279,0.007841869113545414,0.0135248218091929
F,0.01707264804628902,0.615979381443299,0.007841869113545414,0.0135248218091929
F,0.016958855098389982,0.6108247422680413,0.007841869113545414,0.0135248218091929
F,0.01677299118342771,0.6030927835051546,0.007841869113545414,0.0135248218091929
F,0.01673009262583471,0.6005154639175257,0.007841869113545414,0.0135248218091929
F,0.01661511903905632,0.595360824742268,0.007841869113545414,0.0135248218091929
F,0.016571799120974135,0.5927835051546392,0.007841869113545414,0.0135248218091929
F,0.016600505232767952,0.5927835051546392,0.007841869113545414,0.0135248218091929
F,0.01655700961607982,0.5902061855670103,0.007841869113545414,0.0135248218091929
F,0.016368508727457088,0.5824742268041238,0.007841869113545414,0.0135248218091929
F,0.016251904520060943,0.5773195876288659,0.007841869113545414,0.0135248218091929
F,0.01628025292535795,0.5773195876288659,0.007841869113545414,0.0135248218091929
F,0.01630870040043684,0.5773195876288659,0.007841869113545414,0.0135248218091929
F,0.016118445044125154,0.5695876288659794,0.007841869113545414,0.0135248218091929
F,0.01607364652590049,0.5670103092783505,0.007841869113545414,0.0135248218091929
F,0.016028690624313842,0.5644329896907216,0.007841869113545414,0.0135248218091929
F,0.016056895666837746,0.5644329896907216,0.007841869113545414,0.0135248218091929
F,0.016085200146896805,0.5644329896907216,0.007841869113545414,0.0135248218091929
F,0.016113604591273638,0.5644329896907216,0.007841869113545414,0.0135248218091929
F,0.016142109530478368,0.5644329896907216,0.007841869113545414,0.0135248218091929
F,0.01609687661522558,0.5618556701030928,0.007841869113545414,0.0135248218091929
F,0.01605148309786227,0.5592783505154639,0.007841869113545414,0.0135248218091929
F,0.01593182660244535,0.5541237113402062,0.007841869113545414,0.0135248218091929
F,0.015960210823249943,0.5541237113402062,0.007841869113545414,0.0135248218091929
F,0.015988696363501153,0.5541237113402062,0.007841869113545414,0.0135248218091929
F,0.01594278477240557,0.5515463917525774,0.007841869113545414,0.0135248218091929
F,0.015896708709605193,0.5489690721649485,0.007841869113545414,0.0135248218091929
F,0.015925233644859812,0.5489690721649485,0.007841869113545414,0.0135248218091929
F,0.015878960377499814,0.5463917525773195,0.007841869113545414,0.0135248218091929
F,0.015907556089142343,0.5463917525773195,0.007841869113545414,0.0135248218091929
F,0.01593625498007968,0.5463917525773195,0.007841869113545414,0.0135248218091929
F,0.01596505760975977,0.5463917525773195,0.007841869113545414,0.0135248218091929
F,0.015918521312712184,0.5438144329896907,0.007841869113545414,0.0135248218091929
F,0.015947396266344192,0.5438144329896907,0.007841869113545414,0.0135248218091929
F,0.015976376164155374,0.5438144329896907,0.007841869113545414,0.0135248218091929
F,0.016005461579306685,0.5438144329896907,0.007841869113545414,0.0135248218091929
F,0.016034653089140514,0.5438144329896907,0.007841869113545414,0.0135248218091929
F,0.015911686334221544,0.538659793814433,0.007841869113545414,0.0135248218091929
F,0.01571199755930135,0.5309278350515464,0.007841869113545414,0.0135248218091929
F,0.015664399786047223,0.5283505154639175,0.007841869113545414,0.0135248218091929
F,0.015616627114751588,0.5257731958762887,0.007841869113545414,0.0135248218091929
F,0.015568678579645678,0.5231958762886598,0.007841869113545414,0.0135248218091929
F,0.015443718786016135,0.5180412371134021,0.007841869113545414,0.0135248218091929
F,0.015472250019244092,0.5180412371134021,0.007841869113545414,0.0135248218091929
F,0.015500886866661526,0.5180412371134021,0.007841869113545414,0.0135248218091929
F,0.015529629915784594,0.5180412371134021,0.007841869113545414,0.0135248218091929
F,0.015481074386562427,0.5154639175257731,0.007841869113545414,0.0135248218091929
F,0.015509887553315239,0.5154639175257731,0.007841869113545414,0.0135248218091929
F,0.0155388081734131,0.5154639175257731,0.007841869113545414,0.0135248218091929
F,0.015489997664824473,0.5128865979381443,0.007841869113545414,0.0135248218091929
F,0.015441004445137643,0.5103092783505154,0.007841869113545414,0.0135248218091929
F,0.015391827486522385,0.5077319587628866,0.007841869113545414,0.0135248218091929
F,0.015342465753424657,0.5051546391752577,0.007841869113545414,0.0135248218091929
F,0.015371343424045173,0.5051546391752577,0.007841869113545414,0.0135248218091929
F,0.01540033000707158,0.5051546391752577,0.007841869113545414,0.0135248218091929
F,0.015429426119814217,0.5051546391752577,0.007841869113545414,0.0135248218091929
F,0.015379761810868364,0.5025773195876289,0.007841869113545414,0.0135248218091929
F,0.015250888976689055,0.49742268041237114,0.007841869113545414,0.0135248218091929
F,0.015279866993903888,0.49742268041237114,0.007841869113545414,0.0135248218091929
F,0.015229634330134053,0.4948453608247423,0.007841869113545414,0.0135248218091929
F,0.015258682349201304,0.4948453608247423,0.007841869113545414,0.0135248218091929
F,0.015208217214746397,0.49226804123711343,0.007841869113545414,0.0135248218091929
F,0.015157558835261268,0.4896907216494845,0.007841869113545414,0.0135248218091929
F,0.015106706098633203,0.48711340206185566,0.007841869113545414,0.0135248218091929
F,0.015135741170817651,0.48711340206185566,0.007841869113545414,0.0135248218091929
F,0.015164888068683302,0.48711340206185566,0.007841869113545414,0.0135248218091929
F,0.015113755125010049,0.4845360824742268,0.007841869113545414,0.0135248218091929
F,0.014981876761981474,0.4793814432989691,0.007841869113545414,0.0135248218091929
F,0.015010895004438706,0.4793814432989691,0.007841869113545414,0.0135248218091929
F,0.015040025875313334,0.4793814432989691,0.007841869113545414,0.0135248218091929
F,0.015069270031596856,0.4793814432989691,0.007841869113545414,0.0135248218091929
F,0.015098628135400602,0.4793814432989691,0.007841869113545414,0.0135248218091929
F,0.015128100854005693,0.4793814432989691,0.007841869113545414,0.0135248218091929
F,0.015157688859913617,0.4793814432989691,0.007841869113545414,0.0135248218091929
F,0.015187392830897362,0.4793814432989691,0.007841869113545414,0.0135248218091929
F,0.014971774523439417,0.47164948453608246,0.007841869113545414,0.0135248218091929
F,0.015001229608984343,0.47164948453608246,0.007841869113545414,0.0135248218091929
F,0.015030800821355236,0.47164948453608246,0.007841869113545414,0.0135248218091929
F,0.014978191095383096,0.4690721649484536,0.007841869113545414,0.0135248218091929
F,0.014925373134328358,0.46649484536082475,0.007841869113545414,0.0135248218091929
F,0.014872345699413368,0.4639175257731959,0.007841869113545414,0.0135248218091929
F,0.014736319231724481,0.4587628865979381,0.007841869113545414,0.0135248218091929
F,0.014682704272086271,0.45618556701030927,0.007841869113545414,0.0135248218091929
F,0.014545756794946388,0.45103092783505155,0.007841869113545414,0.0135248218091929
F,0.014324977096693595,0.44329896907216493,0.007841869113545414,0.0135248218091929
F,0.014271407110665999,0.44072164948453607,0.007841869113545414,0.0135248218091929
F,0.014300050175614651,0.44072164948453607,0.007841869113545414,0.0135248218091929
F,0.014161220043572984,0.43556701030927836,0.007841869113545414,0.0135248218091929
F,0.014105793450881612,0.4329896907216495,0.007841869113545414,0.0135248218091929
F,0.014050143025408043,0.43041237113402064,0.007841869113545414,0.0135248218091929
F,0.013994267408531444,0.42783505154639173,0.007841869113545414,0.0135248218091929
F,0.013853691501942897,0.422680412371134,0.007841869113545414,0.0135248218091929
F,0.01388183511088539,0.422680412371134,0.007841869113545414,0.0135248218091929
F,0.013910093299406276,0.422680412371134,0.007841869113545414,0.0135248218091929
F,0.013938466768655448,0.422680412371134,0.007841869113545414,0.0135248218091929
F,0.013966956225515244,0.422680412371134,0.007841869113545414,0.0135248218091929
F,0.013995562382659157,0.422680412371134,0.007841869113545414,0.0135248218091929
F,0.013938772019839233,0.42010309278350516,0.007841869113545414,0.0135248218091929
F,0.013967437874892888,0.42010309278350516,0.007841869113545414,0.0135248218091929
F,0.013910355486862442,0.4175257731958763,0.007841869113545414,0.0135248218091929
F,0.013853037342970229,0.41494845360824745,0.007841869113545414,0.0135248218091929
F,0.013881703742024487,0.41494845360824745,0.007841869113545414,0.0135248218091929
F,0.013737687921202696,0.4097938144329897,0.007841869113545414,0.0135248218091929
F,0.013766233766233767,0.4097938144329897,0.007841869113545414,0.0135248218091929
F,0.01362137775464168,0.40463917525773196,0.007841869113545414,0.0135248218091929
F,0.013562858633281168,0.4020618556701031,0.007841869113545414,0.0135248218091929
F,0.013591217982226868,0.4020618556701031,0.007841869113545414,0.0135248218091929
F,0.013619696176008382,0.4020618556701031,0.007841869113545414,0.0135248218091929
F,0.013649488144194593,0.4020618556701031,0.007841869113545414,0.0135248218091929
F,0.013678211310828584,0.4020618556701031,0.007841869113545414,0.0135248218091929
F,0.013707055619014146,0.4020618556701031,0.007841869113545414,0.0135248218091929
F,0.013471867570661267,0.3943298969072165,0.007841869113545414,0.0135248218091929
F,0.013412159181152386,0.3917525773195876,0.007841869113545414,0.0135248218091929
F,0.013352197364930585,0.38917525773195877,0.007841869113545414,0.0135248218091929
F,0.01329198050509526,0.3865979381443299,0.007841869113545414,0.0135248218091929
F,0.013231506970961726,0.38402061855670105,0.007841869113545414,0.0135248218091929
F,0.013259766841683724,0.38402061855670105,0.007841869113545414,0.0135248218091929
F,0.013288147685721929,0.38402061855670105,0.007841869113545414,0.0135248218091929
F,0.0133166502815265,0.38402061855670105,0.007841869113545414,0.0135248218091929
F,0.013345275414240932,0.38402061855670105,0.007841869113545414,0.0135248218091929
F,0.013284265326272327,0.38144329896907214,0.007841869113545414,0.0135248218091929
F,0.0132229918143384,0.3788659793814433,0.007841869113545414,0.0135248218091929
F,0.013251600108176328,0.3788659793814433,0.007841869113545414,0.0135248218091929
F,0.01291896286927455,0.36855670103092786,0.007841869113545414,0.0135248218091929
F,0.012856496152105025,0.36597938144329895,0.007841869113545414,0.0135248218091929
F,0.012793757372289266,0.3634020618556701,0.007841869113545414,0.0135248218091929
F,0.01282167863962899,0.3634020618556701,0.007841869113545414,0.0135248218091929
F,0.012576323703636198,0.3556701030927835,0.007841869113545414,0.0135248218091929
F,0.012512558224495388,0.35309278350515466,0.007841869113545414,0.0135248218091929
F,0.012448512585812357,0.35051546391752575,0.007841869113545414,0.0135248218091929
F,0.012475919640399962,0.35051546391752575,0.007841869113545414,0.0135248218091929
F,0.012411510526799669,0.3479381443298969,0.007841869113545414,0.0135248218091929
F,0.012346816548419792,0.34536082474226804,0.007841869113545414,0.0135248218091929
F,0.012281835811247576,0.3427835051546392,0.007841869113545414,0.0135248218091929
F,0.012217697149203998,0.3402061855670103,0.007841869113545414,0.0135248218091929
F,0.012244897959183673,0.3402061855670103,0.007841869113545414,0.0135248218091929
F,0.012179248791372258,0.33762886597938147,0.007841869113545414,0.0135248218091929
F,0.012206485277674246,0.33762886597938147,0.007841869113545414,0.0135248218091929
F,0.012233843855061636,0.33762886597938147,0.007841869113545414,0.0135248218091929
F,0.012261325346312243,0.33762886597938147,0.007841869113545414,0.0135248218091929
F,0.012195121951219513,0.33505154639175255,0.007841869113545414,0.0135248218091929
F,0.012128619781872884,0.3324742268041237,0.007841869113545414,0.0135248218091929
F,0.012156049754994345,0.3324742268041237,0.007841869113545414,0.0135248218091929
F,0.012183604080090669,0.3324742268041237,0.007841869113545414,0.0135248218091929
F,0.012211283604695191,0.3324742268041237,0.007841869113545414,0.0135248218091929
F,0.012144212523719165,0.32989690721649484,0.007841869113545414,0.0135248218091929
F,0.012171928489920122,0.32989690721649484,0.007841869113545414,0.0135248218091929
F,0.01210446054136485,0.327319587628866,0.007841869113545414,0.0135248218091929
F,0.01203668322506687,0.3247422680412371,0.007841869113545414,0.0135248218091929
F,0.012064343163538873,0.3247422680412371,0.007841869113545414,0.0135248218091929
F,0.011900191938579654,0.31958762886597936,0.007841869113545414,0.0135248218091929
F,0.01183147364370912,0.3170103092783505,0.007841869113545414,0.0135248218091929
F,0.011762437331276514,0.31443298969072164,0.007841869113545414,0.0135248218091929
F,0.011693080788558175,0.3118556701030928,0.007841869113545414,0.0135248218091929
F,0.011720263463773731,0.3118556701030928,0.007841869113545414,0.0135248218091929
F,0.01174757281553398,0.3118556701030928,0.007841869113545414,0.0135248218091929
F,0.011677695601401323,0.30927835051546393,0.007841869113545414,0.0135248218091929
F,0.011705033164260631,0.30927835051546393,0.007841869113545414,0.0135248218091929
F,0.011634728197105983,0.30670103092783507,0.007841869113545414,0.0135248218091929
F,0.011564092512740102,0.30412371134020616,0.007841869113545414,0.0135248218091929
F,0.011493123772102161,0.3015463917525773,0.007841869113545414,0.0135248218091929
F,0.011520283576211108,0.3015463917525773,0.007841869113545414,0.0135248218091929
F,0.01154757204895381,0.3015463917525773,0.007841869113545414,0.0135248218091929
F,0.011574990106846062,0.3015463917525773,0.007841869113545414,0.0135248218091929
F,0.011602538675128917,0.3015463917525773,0.007841869113545414,0.0135248218091929
F,0.011630218687872763,0.3015463917525773,0.007841869113545414,0.0135248218091929
F,0.011658031088082901,0.3015463917525773,0.007841869113545414,0.0135248218091929
F,0.011685976827806631,0.3015463917525773,0.007841869113545414,0.0135248218091929
F,0.011613936724068883,0.29896907216494845,0.007841869113545414,0.0135248218091929
F,0.011541549578482538,0.2963917525773196,0.007841869113545414,0.0135248218091929
F,0.011569416498993963,0.2963917525773196,0.007841869113545414,0.0135248218091929
F,0.011496571198063736,0.29381443298969073,0.007841869113545414,0.0135248218091929
F,0.011524464213505864,0.29381443298969073,0.007841869113545414,0.0135248218091929
F,0.011552492906364006,0.29381443298969073,0.007841869113545414,0.0135248218091929
F,0.011580658268996343,0.29381443298969073,0.007841869113545414,0.0135248218091929
F,0.011507128309572302,0.2912371134020619,0.007841869113545414,0.0135248218091929
F,0.011535320538995508,0.2912371134020619,0.007841869113545414,0.0135248218091929
F,0.01135898485468686,0.2860824742268041,0.007841869113545414,0.0135248218091929
F,0.011284366023799754,0.28350515463917525,0.007841869113545414,0.0135248218091929
F,0.011312217194570135,0.28350515463917525,0.007841869113545414,0.0135248218091929
F,0.01134020618556701,0.28350515463917525,0.007841869113545414,0.0135248218091929
F,0.011264985531211245,0.2809278350515464,0.007841869113545414,0.0135248218091929
F,0.011292996270203066,0.2809278350515464,0.007841869113545414,0.0135248218091929
F,0.01132114665558787,0.2809278350515464,0.007841869113545414,0.0135248218091929
F,0.011349437734277384,0.2809278350515464,0.007841869113545414,0.0135248218091929
F,0.01127348643006263,0.27835051546391754,0.007841869113545414,0.0135248218091929
F,0.011301799916282964,0.27835051546391754,0.007841869113545414,0.0135248218091929
F,0.011330255979857323,0.27835051546391754,0.007841869113545414,0.0135248218091929
F,0.011358855700462769,0.27835051546391754,0.007841869113545414,0.0135248218091929
F,0.011282159426402361,0.2757731958762887,0.007841869113545414,0.0135248218091929
F,0.011310782241014799,0.2757731958762887,0.007841869113545414,0.0135248218091929
F,0.011233573548113607,0.27319587628865977,0.007841869113545414,0.0135248218091929
F,0.011049723756906077,0.26804123711340205,0.007841869113545414,0.0135248218091929
F,0.010971452918619515,0.2654639175257732,0.007841869113545414,0.0135248218091929
F,0.010999572832123024,0.2654639175257732,0.007841869113545414,0.0135248218091929
F,0.010920770877944325,0.26288659793814434,0.007841869113545414,0.0135248218091929
F,0.010841562902533276,0.2603092783505155,0.007841869113545414,0.0135248218091929
F,0.010654326302195437,0.2551546391752577,0.007841869113545414,0.0135248218091929
F,0.010681916271040138,0.2551546391752577,0.007841869113545414,0.0135248218091929
F,0.010709649502379922,0.2551546391752577,0.007841869113545414,0.0135248218091929
F,0.010737527114967463,0.2551546391752577,0.007841869113545414,0.0135248218091929
F,0.01076555023923445,0.2551546391752577,0.007841869113545414,0.0135248218091929
F,0.010793720017444396,0.2551546391752577,0.007841869113545414,0.0135248218091929
F,0.010712724092697858,0.25257731958762886,0.007841869113545414,0.0135248218091929
F,0.010740903112669882,0.25257731958762886,0.007841869113545414,0.0135248218091929
F,0.01065934065934066,0.25,0.007841869113545414,0.0135248218091929
F,0.010687527545174085,0.25,0.007841869113545414,0.0135248218091929
F,0.010494918250110473,0.24484536082474226,0.007841869113545414,0.0135248218091929
F,0.010412051395657953,0.2422680412371134,0.007841869113545414,0.0135248218091929
F,0.010439804531319414,0.2422680412371134,0.007841869113545414,0.0135248218091929
F,0.010356347438752784,0.23969072164948454,0.007841869113545414,0.0135248218091929
F,0.010384100044662796,0.23969072164948454,0.007841869113545414,0.0135248218091929
F,0.010300044782803403,0.23711340206185566,0.007841869113545414,0.0135248218091929
F,0.010215536596317916,0.2345360824742268,0.007841869113545414,0.0135248218091929
F,0.010018009905447996,0.22938144329896906,0.007841869113545414,0.0135248218091929
F,0.010045146726862303,0.22938144329896906,0.007841869113545414,0.0135248218091929
F,0.010072430964237211,0.22938144329896906,0.007841869113545414,0.0135248218091929
F,0.010099863822060826,0.22938144329896906,0.007841869113545414,0.0135248218091929
F,0.010013654984069186,0.2268041237113402,0.007841869113545414,0.0135248218091929
F,0.010041077133728891,0.2268041237113402,0.007841869113545414,0.0135248218091929
F,0.010068649885583524,0.2268041237113402,0.007841869113545414,0.0135248218091929
F,0.010096374483708122,0.2268041237113402,0.007841869113545414,0.0135248218091929
F,0.010124252185918085,0.2268041237113402,0.007841869113545414,0.0135248218091929
F,0.01015228426395939,0.2268041237113402,0.007841869113545414,0.0135248218091929
F,0.01018047200370199,0.2268041237113402,0.007841869113545414,0.0135248218091929
F,0.010208816705336427,0.2268041237113402,0.007841869113545414,0.0135248218091929
F,0.010237319683573755,0.2268041237113402,0.007841869113545414,0.0135248218091929
F,0.01026598226784881,0.2268041237113402,0.007841869113545414,0.0135248218091929
F,0.010177819372952738,0.22422680412371135,0.007841869113545414,0.0135248218091929
F,0.01020647583294228,0.22422680412371135,0.007841869113545414,0.0135248218091929
F,0.01023529411764706,0.22422680412371135,0.007841869113545414,0.0135248218091929
F,0.01002831524303917,0.2190721649484536,0.007841869113545414,0.0135248218091929
F,0.009701845716990062,0.211340206185567,0.007841869113545414,0.0135248218091929
F,0.009729473184622686,0.211340206185567,0.007841869113545414,0.0135248218091929
F,0.009638267491670634,0.20876288659793815,0.007841869113545414,0.0135248218091929
F,0.009665871121718378,0.20876288659793815,0.007841869113545414,0.0135248218091929
F,0.009693633317376736,0.20876288659793815,0.007841869113545414,0.0135248218091929
F,0.009601536245799328,0.20618556701030927,0.007841869113545414,0.0135248218091929
F,0.009629272989889264,0.20618556701030927,0.007841869113545414,0.0135248218091929
F,0.009657170449058426,0.20618556701030927,0.007841869113545414,0.0135248218091929
F,0.009564164648910412,0.2036082474226804,0.007841869113545414,0.0135248218091929
F,0.009592034968431277,0.2036082474226804,0.007841869113545414,0.0135248218091929
F,0.009620068192888456,0.2036082474226804,0.007841869113545414,0.0135248218091929
F,0.009526135808500244,0.20103092783505155,0.007841869113545414,0.0135248218091929
F,0.009554140127388535,0.20103092783505155,0.007841869113545414,0.0135248218091929
F,0.009582309582309583,0.20103092783505155,0.007841869113545414,0.0135248218091929
F,0.009610645638245442,0.20103092783505155,0.007841869113545414,0.0135248218091929
F,0.009639149777558082,0.20103092783505155,0.007841869113545414,0.0135248218091929
F,0.009667823500247892,0.20103092783505155,0.007841869113545414,0.0135248218091929
F,0.009696668324216808,0.20103092783505155,0.007841869113545414,0.0135248218091929
F,0.00972568578553616,0.20103092783505155,0.007841869113545414,0.0135248218091929
F,0.009629814907453727,0.19845360824742267,0.007841869113545414,0.0135248218091929
F,0.0096588058203713,0.19845360824742267,0.007841869113545414,0.0135248218091929
F,0.009562154001006542,0.1958762886597938,0.007841869113545414,0.0135248218091929
F,0.009591115598182737,0.1958762886597938,0.007841869113545414,0.0135248218091929
F,0.00949367088607595,0.19329896907216496,0.007841869113545414,0.0135248218091929
F,0.00952260030472321,0.19329896907216496,0.007841869113545414,0.0135248218091929
F,0.009551706571574121,0.19329896907216496,0.007841869113545414,0.0135248218091929
F,0.009580991313234543,0.19329896907216496,0.007841869113545414,0.0135248218091929
F,0.009482316760635571,0.19072164948453607,0.007841869113545414,0.0135248218091929
F,0.009511568123393316,0.19072164948453607,0.007841869113545414,0.0135248218091929
F,0.009541000515729758,0.19072164948453607,0.007841869113545414,0.0135248218091929
F,0.009570615623383343,0.19072164948453607,0.007841869113545414,0.0135248218091929
F,0.00921120913336793,0.18298969072164947,0.007841869113545414,0.0135248218091929
F,0.009109838625715773,0.18041237113402062,0.007841869113545414,0.0135248218091929
F,0.009138381201044387,0.18041237113402062,0.007841869113545414,0.0135248218091929
F,0.009036144578313253,0.17783505154639176,0.007841869113545414,0.0135248218091929
F,0.00906463478717814,0.17783505154639176,0.007841869113545414,0.0135248218091929
F,0.009093305218766473,0.17783505154639176,0.007841869113545414,0.0135248218091929
F,0.009122157588577472,0.17783505154639176,0.007841869113545414,0.0135248218091929
F,0.009018567639257295,0.17525773195876287,0.007841869113545414,0.0135248218091929
F,0.009047365620010643,0.17525773195876287,0.007841869113545414,0.0135248218091929
F,0.009076348104644954,0.17525773195876287,0.007841869113545414,0.0135248218091929
F,0.009105516871987145,0.17525773195876287,0.007841869113545414,0.0135248218091929
F,0.009000537345513164,0.17268041237113402,0.007841869113545414,0.0135248218091929
F,0.00876010781671159,0.16752577319587628,0.007841869113545414,0.0135248218091929
F,0.008653326122228232,0.16494845360824742,0.007841869113545414,0.0135248218091929
F,0.008681497558328812,0.16494845360824742,0.007841869113545414,0.0135248218091929
F,0.008709853021230268,0.16494845360824742,0.007841869113545414,0.0135248218091929
F,0.008738394320043691,0.16494845360824742,0.007841869113545414,0.0135248218091929
F,0.00863013698630137,0.16237113402061856,0.007841869113545414,0.0135248218091929
F,0.008658603628367234,0.16237113402061856,0.007841869113545414,0.0135248218091929
F,0.008687258687258687,0.16237113402061856,0.007841869113545414,0.0135248218091929
F,0.008716104039845046,0.16237113402061856,0.007841869113545414,0.0135248218091929
F,0.008745141588006662,0.16237113402061856,0.007841869113545414,0.0135248218091929
F,0.008774373259052925,0.16237113402061856,0.007841869113545414,0.0135248218091929
F,0.008803801006148686,0.16237113402061856,0.007841869113545414,0.0135248218091929
F,0.008833426808749299,0.16237113402061856,0.007841869113545414,0.0135248218091929
F,0.008722566122678672,0.15979381443298968,0.007841869113545414,0.0135248218091929
F,0.008610954263128176,0.15721649484536082,0.007841869113545414,0.0135248218091929
F,0.0084985835694051,0.15463917525773196,0.007841869113545414,0.0135248218091929
F,0.008527572484366117,0.15463917525773196,0.007841869113545414,0.0135248218091929
F,0.008414147176269253,0.15206185567010308,0.007841869113545414,0.0135248218091929
F,0.008299942759015456,0.14948453608247422,0.007841869113545414,0.0135248218091929
F,0.00832854681217691,0.14948453608247422,0.007841869113545414,0.0135248218091929
F,0.008357348703170028,0.14948453608247422,0.007841869113545414,0.0135248218091929
F,0.00838635049161365,0.14948453608247422,0.007841869113545414,0.0135248218091929
F,0.008270458502611724,0.14690721649484537,0.007841869113545414,0.0135248218091929
F,0.008008153756552125,0.14175257731958762,0.007841869113545414,0.0135248218091929
F,0.008036236119228522,0.14175257731958762,0.007841869113545414,0.0135248218091929
F,0.007917888563049853,0.13917525773195877,0.007841869113545414,0.0135248218091929
F,0.007945850500294291,0.13917525773195877,0.007841869113545414,0.0135248218091929
F,0.007974010632014175,0.13917525773195877,0.007841869113545414,0.0135248218091929
F,0.008002371072910491,0.13917525773195877,0.007841869113545414,0.0135248218091929
F,0.007882212968471148,0.13659793814432988,0.007841869113545414,0.0135248218091929
F,0.00791044776119403,0.13659793814432988,0.007841869113545414,0.0135248218091929
F,0.007789095266626723,0.13402061855670103,0.007841869113545414,0.0135248218091929
F,0.007666867107636801,0.13144329896907217,0.007841869113545414,0.0135248218091929
F,0.007694628847314424,0.13144329896907217,0.007841869113545414,0.0135248218091929
F,0.007722592368261659,0.13144329896907217,0.007841869113545414,0.0135248218091929
F,0.007598784194528876,0.12886597938144329,0.007841869113545414,0.0135248218091929
F,0.007474069554606467,0.12628865979381443,0.007841869113545414,0.0135248218091929
F,0.007348438456827924,0.12371134020618557,0.007841869113545414,0.0135248218091929
F,0.007221880762138906,0.1211340206185567,0.007841869113545414,0.0135248218091929
F,0.007094386181369525,0.11855670103092783,0.007841869113545414,0.0135248218091929
F,0.0071207430340557275,0.11855670103092783,0.007841869113545414,0.0135248218091929
F,0.006991920447482909,0.11597938144329897,0.007841869113545414,0.0135248218091929
F,0.007018091079226451,0.11597938144329897,0.007841869113545414,0.0135248218091929
F,0.007044458359423919,0.11597938144329897,0.007841869113545414,0.0135248218091929
F,0.0069138906348208675,0.1134020618556701,0.007841869113545414,0.0135248218091929
F,0.00694006309148265,0.1134020618556701,0.007841869113545414,0.0135248218091929
F,0.006808106396453451,0.11082474226804123,0.007841869113545414,0.0135248218091929
F,0.006675143038779402,0.10824742268041238,0.007841869113545414,0.0135248218091929
F,0.006700701978302489,0.10824742268041238,0.007841869113545414,0.0135248218091929
F,0.006726457399103139,0.10824742268041238,0.007841869113545414,0.0135248218091929
F,0.006752411575562701,0.10824742268041238,0.007841869113545414,0.0135248218091929
F,0.006778566817301485,0.10824742268041238,0.007841869113545414,0.0135248218091929
F,0.006804925469863901,0.10824742268041238,0.007841869113545414,0.0135248218091929
F,0.006668835393623943,0.1056701030927835,0.007841869113545414,0.0135248218091929
F,0.006531678641410843,0.10309278350515463,0.007841869113545414,0.0135248218091929
F,0.006557377049180328,0.10309278350515463,0.007841869113545414,0.0135248218091929
F,0.0065832784726793945,0.10309278350515463,0.007841869113545414,0.0135248218091929
F,0.006609385327164574,0.10309278350515463,0.007841869113545414,0.0135248218091929
F,0.006469807564698076,0.10051546391752578,0.007841869113545414,0.0135248218091929
F,0.006329113924050633,0.0979381443298969,0.007841869113545414,0.0135248218091929
F,0.006354515050167224,0.0979381443298969,0.007841869113545414,0.0135248218091929
F,0.0063801208865010076,0.0979381443298969,0.007841869113545414,0.0135248218091929
F,0.006068779501011463,0.09278350515463918,0.007841869113545414,0.0135248218091929
F,0.006094464195022855,0.09278350515463918,0.007841869113545414,0.0135248218091929
F,0.006119326874043855,0.09278350515463918,0.007841869113545414,0.0135248218091929
F,0.005973715651135006,0.09020618556701031,0.007841869113545414,0.0135248218091929
F,0.005998286203941731,0.09020618556701031,0.007841869113545414,0.0135248218091929
F,0.005850972293925314,0.08762886597938144,0.007841869113545414,0.0135248218091929
F,0.005529635389666494,0.08247422680412371,0.007841869113545414,0.0135248218091929
F,0.005379142807565504,0.07989690721649484,0.007841869113545414,0.0135248218091929
F,0.005401637916013243,0.07989690721649484,0.007841869113545414,0.0135248218091929
F,0.005075253762688134,0.07474226804123711,0.007841869113545414,0.0135248218091929
F,0.00492091388400703,0.07216494845360824,0.007841869113545414,0.0135248218091929
F,0.004941757853865161,0.07216494845360824,0.007841869113545414,0.0135248218091929
F,0.004608294930875576,0.06701030927835051,0.007841869113545414,0.0135248218091929
F,0.004627981488074048,0.06701030927835051,0.007841869113545414,0.0135248218091929
F,0.004647836968180193,0.06701030927835051,0.007841869113545414,0.0135248218091929
F,0.00466786355475763,0.06701030927835051,0.007841869113545414,0.0135248218091929
F,0.0046880634691669676,0.06701030927835051,0.007841869113545414,0.0135248218091929
F,0.004527345164795364,0.06443298969072164,0.007841869113545414,0.0135248218091929
F,0.0043652237177155325,0.061855670103092786,0.007841869113545414,0.0135248218091929
F,0.004384362440628425,0.061855670103092786,0.007841869113545414,0.0135248218091929
F,0.004403669724770643,0.061855670103092786,0.007841869113545414,0.0135248218091929
F,0.0044231478068558795,0.061855670103092786,0.007841869113545414,0.0135248218091929
F,0.004442798963346909,0.061855670103092786,0.007841869113545414,0.0135248218091929
F,0.0042766827817032355,0.059278350515463915,0.007841869113545414,0.0135248218091929
F,0.004295853567426224,0.059278350515463915,0.007841869113545414,0.0135248218091929
F,0.004127579737335835,0.05670103092783505,0.007841869113545414,0.0135248218091929
F,0.003580851865812288,0.04896907216494845,0.007841869113545414,0.0135248218091929
F,0.0035971223021582736,0.04896907216494845,0.007841869113545414,0.0135248218091929
F,0.0036135412704450362,0.04896907216494845,0.007841869113545414,0.0135248218091929
F,0.0036301108139090562,0.04896907216494845,0.007841869113545414,0.0135248218091929
F,0.0036468330134357004,0.04896907216494845,0.007841869113545414,0.0135248218091929
F,0.003470883146934053,0.04639175257731959,0.007841869113545414,0.0135248218091929
F,0.003487020534676482,0.04639175257731959,0.007841869113545414,0.0135248218091929
F,0.0033086804203970414,0.04381443298969072,0.007841869113545414,0.0135248218091929
F,0.003324208056315995,0.04381443298969072,0.007841869113545414,0.0135248218091929
F,0.0033398821218074658,0.04381443298969072,0.007841869113545414,0.0135248218091929
F,0.0031583103039873666,0.041237113402061855,0.007841869113545414,0.0135248218091929
F,0.0029750099166997225,0.03865979381443299,0.007841869113545414,0.0135248218091929
F,0.002989238740534077,0.03865979381443299,0.007841869113545414,0.0135248218091929
F,0.002803364036844213,0.03608247422680412,0.007841869113545414,0.0135248218091929
F,0.0028169014084507044,0.03608247422680412,0.007841869113545414,0.0135248218091929
F,0.0028305701577031944,0.03608247422680412,0.007841869113545414,0.0135248218091929
F,0.0028443722064201544,0.03608247422680412,0.007841869113545414,0.0135248218091929
F,0.0028583095140873828,0.03608247422680412,0.007841869113545414,0.0135248218091929
F,0.002872384078785392,0.03608247422680412,0.007841869113545414,0.0135248218091929
F,0.00288659793814433,0.03608247422680412,0.007841869113545414,0.0135248218091929
F,0.002900953170327393,0.03608247422680412,0.007841869113545414,0.0135248218091929
F,0.0029154518950437317,0.03608247422680412,0.007841869113545414,0.0135248218091929
F,0.0029300962745918793,0.03608247422680412,0.007841869113545414,0.0135248218091929
F,0.0027345393352965924,0.03350515463917526,0.007841869113545414,0.0135248218091929
F,0.0027484143763213532,0.03350515463917526,0.007841869113545414,0.0135248218091929
F,0.0027624309392265192,0.03350515463917526,0.007841869113545414,0.0135248218091929
F,0.002776591200341734,0.03350515463917526,0.007841869113545414,0.0135248218091929
F,0.00279089738085015,0.03350515463917526,0.007841869113545414,0.0135248218091929
F,0.0028053517479499353,0.03350515463917526,0.007841869113545414,0.0135248218091929
F,0.0028199566160520607,0.03350515463917526,0.007841869113545414,0.0135248218091929
F,0.0028353326063249727,0.03350515463917526,0.007841869113545414,0.0135248218091929
F,0.0028502521376891033,0.03350515463917526,0.007841869113545414,0.0135248218091929
F,0.0028653295128939827,0.03350515463917526,0.007841869113545414,0.0135248218091929
F,0.0028805672501661865,0.03350515463917526,0.007841869113545414,0.0135248218091929
F,0.0028959679215860993,0.03350515463917526,0.007841869113545414,0.0135248218091929
F,0.0029115341545352742,0.03350515463917526,0.007841869113545414,0.0135248218091929
F,0.0029272686331907227,0.03350515463917526,0.007841869113545414,0.0135248218091929
F,0.002716776092370387,0.030927835051546393,0.007841869113545414,0.0135248218091929
F,0.002503983610289096,0.028350515463917526,0.007841869113545414,0.0135248218091929
F,0.0025177386129549098,0.028350515463917526,0.007841869113545414,0.0135248218091929
F,0.002531645569620253,0.028350515463917526,0.007841869113545414,0.0135248218091929
F,0.0025457070122656793,0.028350515463917526,0.007841869113545414,0.0135248218091929
F,0.0023272050267628577,0.02577319587628866,0.007841869113545414,0.0135248218091929
F,0.001872220922068804,0.020618556701030927,0.007841869113545414,0.0135248218091929
F,0.0018827959519887032,0.020618556701030927,0.007841869113545414,0.0135248218091929
F,0.001893491124260355,0.020618556701030927,0.007841869113545414,0.0135248218091929
F,0.0019043084979766722,0.020618556701030927,0.007841869113545414,0.0135248218091929
F,0.0016758439071103662,0.01804123711340206,0.007841869113545414,0.0135248218091929
F,0.0016855285335901757,0.01804123711340206,0.007841869113545414,0.0135248218091929
F,0.0016953257447323807,0.01804123711340206,0.007841869113545414,0.0135248218091929
F,0.00146163215590743,0.015463917525773196,0.007841869113545414,0.0135248218091929
F,0.001470227885322225,0.015463917525773196,0.007841869113545414,0.0135248218091929
F,0.0014789253142716292,0.015463917525773196,0.007841869113545414,0.0135248218091929
F,0.0014877262583684603,0.015463917525773196,0.007841869113545414,0.0135248218091929
F,0.0014966325767024195,0.015463917525773196,0.007841869113545414,0.0135248218091929
F,0.00150564617314931,0.015463917525773196,0.007841869113545414,0.0135248218091929
F,0.0015151515151515152,0.015463917525773196,0.007841869113545414,0.0135248218091929
F,0.0012703252032520325,0.01288659793814433,0.007841869113545414,0.0135248218091929
F,0.001278118609406953,0.01288659793814433,0.007841869113545414,0.0135248218091929
F,0.001286008230452675,0.01288659793814433,0.007841869113545414,0.0135248218091929
F,0.0012939958592132505,0.01288659793814433,0.007841869113545414,0.0135248218091929
F,0.0013020833333333333,0.01288659793814433,0.007841869113545414,0.0135248218091929
F,0.001310272536687631,0.01288659793814433,0.007841869113545414,0.0135248218091929
F,0.0013185654008438818,0.01288659793814433,0.007841869113545414,0.0135248218091929
F,0.0010615711252653928,0.010309278350515464,0.007841869113545414,0.0135248218091929
F,0.0010683760683760685,0.010309278350515464,0.007841869113545414,0.0135248218091929
F,0.001075268817204301,0.010309278350515464,0.007841869113545414,0.0135248218091929
F,0.0010822510822510823,0.010309278350515464,0.007841869113545414,0.0135248218091929
F,0.0010893246187363835,0.010309278350515464,0.007841869113545414,0.0135248218091929
F,0.0010964912280701754,0.010309278350515464,0.007841869113545414,0.0135248218091929
F,0.0011037527593818985,0.010309278350515464,0.007841869113545414,0.0135248218091929
F,0.0011111111111111111,0.010309278350515464,0.007841869113545414,0.0135248218091929
F,0.0011185682326621924,0.010309278350515464,0.007841869113545414,0.0135248218091929
F,0.0011261261261261261,0.010309278350515464,0.007841869113545414,0.0135248218091929
F,0.0011337868480725624,0.010309278350515464,0.007841869113545414,0.0135248218091929
F,0.0008561643835616438,0.007731958762886598,0.007841869113545414,0.0135248218091929
F,0.0008620689655172414,0.007731958762886598,0.007841869113545414,0.0135248218091929
F,0.0008680555555555555,0.007731958762886598,0.007841869113545414,0.0135248218091929
F,0.0008741258741258741,0.007731958762886598,0.007841869113545414,0.0135248218091929
F,0.0008802816901408451,0.007731958762886598,0.007841869113545414,0.0135248218091929
F,0.0008865248226950354,0.007731958762886598,0.007841869113545414,0.0135248218091929
F,0.0008928571428571428,0.007731958762886598,0.007841869113545414,0.0135248218091929
F,0.0008992805755395684,0.007731958762886598,0.007841869113545414,0.0135248218091929
F,0.0009057971014492754,0.007731958762886598,0.007841869113545414,0.0135248218091929
F,0.0009124087591240876,0.007731958762886598,0.007841869113545414,0.0135248218091929
F,0.0009191176470588235,0.007731958762886598,0.007841869113545414,0.0135248218091929
F,0.000925925925925926,0.007731958762886598,0.007841869113545414,0.0135248218091929
F,0.0009328358208955224,0.007731958762886598,0.007841869113545414,0.0135248218091929
F,0.0009398496240601503,0.007731958762886598,0.007841869113545414,0.0135248218091929
F,0.000946969696969697,0.007731958762886598,0.007841869113545414,0.0135248218091929
F,0.0009541984732824427,0.007731958762886598,0.007841869113545414,0.0135248218091929
F,0.0009615384615384616,0.007731958762886598,0.007841869113545414,0.0135248218091929
F,0.0009689922480620155,0.007731958762886598,0.007841869113545414,0.0135248218091929
F,0.0009765625,0.007731958762886598,0.007841869113545414,0.0135248218091929
F,0.000984251968503937,0.007731958762886598,0.007841869113545414,0.0135248218091929
F,0.000992063492063492,0.007731958762886598,0.007841869113545414,0.0135248218091929
F,0.001,0.007731958762886598,0.007841869113545414,0.0135248218091929
F,0.0006720430107526882,0.005154639175257732,0.007841869113545414,0.0135248218091929
F,0.0006775067750677507,0.005154639175257732,0.007841869113545414,0.0135248218091929
F,0.0006830601092896175,0.005154639175257732,0.007841869113545414,0.0135248218091929
F,0.0006887052341597796,0.005154639175257732,0.007841869113545414,0.0135248218091929
F,0.0006944444444444445,0.005154639175257732,0.007841869113545414,0.0135248218091929
F,0.0007002801120448179,0.005154639175257732,0.007841869113545414,0.0135248218091929
F,0.0007062146892655367,0.005154639175257732,0.007841869113545414,0.0135248218091929
F,0.0007122507122507123,0.005154639175257732,0.007841869113545414,0.0135248218091929
F,0.0007183908045977011,0.005154639175257732,0.007841869113545414,0.0135248218091929
F,0.0007246376811594203,0.005154639175257732,0.007841869113545414,0.0135248218091929
F,0.0007309941520467836,0.005154639175257732,0.007841869113545414,0.0135248218091929
F,0.0007374631268436578,0.005154639175257732,0.007841869113545414,0.0135248218091929
F,0.000744047619047619,0.005154639175257732,0.007841869113545414,0.0135248218091929
F,0.0007507507507507507,0.005154639175257732,0.007841869113545414,0.0135248218091929
F,0.0007575757575757576,0.005154639175257732,0.007841869113545414,0.0135248218091929
F,0.0007645259938837921,0.005154639175257732,0.007841869113545414,0.0135248218091929
F,0.0007716049382716049,0.005154639175257732,0.007841869113545414,0.0135248218091929
F,0.000778816199376947,0.005154639175257732,0.007841869113545414,0.0135248218091929
F,0.0007861635220125787,0.005154639175257732,0.007841869113545414,0.0135248218091929
F,0.0007936507936507937,0.005154639175257732,0.007841869113545414,0.0135248218091929
F,0.0008012820512820513,0.005154639175257732,0.007841869113545414,0.0135248218091929
F,0.0008090614886731392,0.005154639175257732,0.007841869113545414,0.0135248218091929
F,0.0008169934640522876,0.005154639175257732,0.007841869113545414,0.0135248218091929
F,0.0008250825082508251,0.005154639175257732,0.007841869113545414,0.0135248218091929
F,0.0008333333333333334,0.005154639175257732,0.007841869113545414,0.0135248218091929
F,0.0008417508417508417,0.005154639175257732,0.007841869113545414,0.0135248218091929
F,0.0008503401360544217,0.005154639175257732,0.007841869113545414,0.0135248218091929
F,0.000859106529209622,0.005154639175257732,0.007841869113545414,0.0135248218091929
F,0.0008680555555555555,0.005154639175257732,0.007841869113545414,0.0135248218091929
F,0.0008771929824561404,0.005154639175257732,0.007841869113545414,0.0135248218091929
F,0.0008865248226950354,0.005154639175257732,0.007841869113545414,0.0135248218091929
F,0.0008960573476702509,0.005154639175257732,0.007841869113545414,0.0135248218091929
F,0.0009057971014492754,0.005154639175257732,0.007841869113545414,0.0135248218091929
F,0.0009157509157509158,0.005154639175257732,0.007841869113545414,0.0135248218091929
F,0.000925925925925926,0.005154639175257732,0.007841869113545414,0.0135248218091929
F,0.0009363295880149813,0.005154639175257732,0.007841869113545414,0.0135248218091929
F,0.000946969696969697,0.005154639175257732,0.007841869113545414,0.0135248218091929
F,0.0009578544061302681,0.005154639175257732,0.007841869113545414,0.0135248218091929
F,0.0009689922480620155,0.005154639175257732,0.007841869113545414,0.0135248218091929
F,0.000980392156862745,0.005154639175257732,0.007841869113545414,0.0135248218091929
F,0.000496031746031746,0.002577319587628866,0.007841869113545414,0.0135248218091929
F,0.000502008032128514,0.002577319587628866,0.007841869113545414,0.0135248218091929
F,0.0005081300813008131,0.002577319587628866,0.007841869113545414,0.0135248218091929
F,0.00051440329218107,0.002577319587628866,0.007841869113545414,0.0135248218091929
F,0.0005208333333333333,0.002577319587628866,0.007841869113545414,0.0135248218091929
F,0.0005274261603375527,0.002577319587628866,0.007841869113545414,0.0135248218091929
F,0.0005341880341880342,0.002577319587628866,0.007841869113545414,0.0135248218091929
F,0.0005411255411255411,0.002577319587628866,0.007841869113545414,0.0135248218091929
F,0.0005482456140350877,0.002577319587628866,0.007841869113545414,0.0135248218091929
F,0.0005555555555555556,0.002577319587628866,0.007841869113545414,0.0135248218091929
F,0.0005630630630630631,0.002577319587628866,0.007841869113545414,0.0135248218091929
F,0.0005707762557077625,0.002577319587628866,0.007841869113545414,0.0135248218091929
F,0.0005787037037037037,0.002577319587628866,0.007841869113545414,0.0135248218091929
F,0.0005868544600938967,0.002577319587628866,0.007841869113545414,0.0135248218091929
F,0.0005952380952380953,0.002577319587628866,0.007841869113545414,0.0135248218091929
F,0.0006038647342995169,0.002577319587628866,0.007841869113545414,0.0135248218091929
F,0.0006127450980392157,0.002577319587628866,0.007841869113545414,0.0135248218091929
F,0.0006218905472636816,0.002577319587628866,0.007841869113545414,0.0135248218091929
F,0.0006313131313131314,0.002577319587628866,0.007841869113545414,0.0135248218091929
F,0.000641025641025641,0.002577319587628866,0.007841869113545414,0.0135248218091929
F,0.0006510416666666666,0.002577319587628866,0.007841869113545414,0.0135248218091929
F,0.0006613756613756613,0.002577319587628866,0.007841869113545414,0.0135248218091929
F,0.0006720430107526882,0.002577319587628866,0.007841869113545414,0.0135248218091929
F,0.0006830601092896175,0.002577319587628866,0.007841869113545414,0.0135248218091929
F,0.0006944444444444445,0.002577319587628866,0.007841869113545414,0.0135248218091929
F,0.0007062146892655367,0.002577319587628866,0.007841869113545414,0.0135248218091929
F,0.0007183908045977011,0.002577319587628866,0.007841869113545414,0.0135248218091929
F,0.0007309941520467836,0.002577319587628866,0.007841869113545414,0.0135248218091929
F,0.000744047619047619,0.002577319587628866,0.007841869113545414,0.0135248218091929
F,0.0007575757575757576,0.002577319587628866,0.007841869113545414,0.0135248218091929
F,0.0007716049382716049,0.002577319587628866,0.007841869113545414,0.0135248218091929
F,0.0007861635220125787,0.002577319587628866,0.007841869113545414,0.0135248218091929
F,0.0008012820512820513,0.002577319587628866,0.007841869113545414,0.0135248218091929
F,0.0008169934640522876,0.002577319587628866,0.007841869113545414,0.0135248218091929
F,0.0008333333333333334,0.002577319587628866,0.007841869113545414,0.0135248218091929
F,0.0008503401360544217,0.002577319587628866,0.007841869113545414,0.0135248218091929
F,0.0008680555555555555,0.002577319587628866,0.007841869113545414,0.0135248218091929
F,0.0008865248226950354,0.002577319587628866,0.007841869113545414,0.0135248218091929
F,0.0009057971014492754,0.002577319587628866,0.007841869113545414,0.0135248218091929
F,0.000925925925925926,0.002577319587628866,0.007841869113545414,0.0135248218091929
F,0.000946969696969697,0.002577319587628866,0.007841869113545414,0.0135248218091929
F,0.0009689922480620155,0.002577319587628866,0.007841869113545414,0.0135248218091929
F,0.000992063492063492,0.002577319587628866,0.007841869113545414,0.0135248218091929
F,0.0010162601626016261,0.002577319587628866,0.007841869113545414,0.0135248218091929
F,0.0010416666666666667,0.002577319587628866,0.007841869113545414,0.0135248218091929
F,0.0010683760683760685,0.002577319587628866,0.007841869113545414,0.0135248218091929
F,0.0010964912280701754,0.002577319587628866,0.007841869113545414,0.0135248218091929
F,0.0011261261261261261,0.002577319587628866,0.007841869113545414,0.0135248218091929
F,0.0011574074074074073,0.002577319587628866,0.007841869113545414,0.0135248218091929
F,0.0011904761904761906,0.002577319587628866,0.007841869113545414,0.0135248218091929
F,0.0012254901960784314,0.002577319587628866,0.007841869113545414,0.0135248218091929
F,0.0012642225031605564,0.002577319587628866,0.007841869113545414,0.0135248218091929
F,0.001303780964797914,0.002577319587628866,0.007841869113545414,0.0135248218091929
F,0.0013458950201884253,0.002577319587628866,0.007841869113545414,0.0135248218091929
F,0.0013908205841446453,0.002577319587628866,0.007841869113545414,0.0135248218091929
F,0.0014388489208633094,0.002577319587628866,0.007841869113545414,0.0135248218091929
F,0.0014903129657228018,0.002577319587628866,0.007841869113545414,0.0135248218091929
F,0.0015455950540958269,0.002577319587628866,0.007841869113545414,0.0135248218091929
F,0.0016051364365971107,0.002577319587628866,0.007841869113545414,0.0135248218091929
F,0.001669449081803005,0.002577319587628866,0.007841869113545414,0.0135248218091929
F,0.0017391304347826088,0.002577319587628866,0.007841869113545414,0.0135248218091929
F,0.0018148820326678765,0.002577319587628866,0.007841869113545414,0.0135248218091929
F,0.0018975332068311196,0.002577319587628866,0.007841869113545414,0.0135248218091929
F,0.0019880715705765406,0.002577319587628866,0.007841869113545414,0.0135248218091929
F,0.0020876826722338203,0.002577319587628866,0.007841869113545414,0.0135248218091929
F,0.002197802197802198,0.002577319587628866,0.007841869113545414,0.0135248218091929
F,0.002320185614849188,0.002577319587628866,0.007841869113545414,0.0135248218091929
F,0.002457002457002457,0.002577319587628866,0.007841869113545414,0.0135248218091929
F,0.0026109660574412533,0.002577319587628866,0.007841869113545414,0.0135248218091929
F,0.002785515320334262,0.002577319587628866,0.007841869113545414,0.0135248218091929
F,0.0029850746268656717,0.002577319587628866,0.007841869113545414,0.0135248218091929
F,0.003215434083601286,0.002577319587628866,0.007841869113545414,0.0135248218091929
F,0.003484320557491289,0.002577319587628866,0.007841869113545414,0.0135248218091929
F,0.0038022813688212928,0.002577319587628866,0.007841869113545414,0.0135248218091929
F,0.0041841004184100415,0.002577319587628866,0.007841869113545414,0.0135248218091929
F,0.004651162790697674,0.002577319587628866,0.007841869113545414,0.0135248218091929
F,0.005235602094240838,0.002577319587628866,0.007841869113545414,0.0135248218091929
F,0.005988023952095809,0.002577319587628866,0.007841869113545414,0.0135248218091929
F,0.006993006993006993,0.002577319587628866,0.007841869113545414,0.0135248218091929
F,0.0,0.0,0.007841869113545414,0.0135248218091929
F,0.0,0.0,0.007841869113545414,0.0135248218091929
F,0.0,0.0,0.007841869113545414,0.0135248218091929
F,0.0,0.0,0.007841869113545414,0.0135248218091929
F,0.0,0.0,0.007841869113545414,0.0135248218091929
Q,0.00014147702008973685,1.0,0.00014147702008973685,0.0003000212549983264
Q,0.00014154567881263395,1.0,0.00014147702008973685,0.0003000212549983264
Q,0.00014161440420797086,1.0,0.00014147702008973685,0.0003000212549983264
Q,0.00014168319637291018,1.0,0.00014147702008973685,0.0003000212549983264
Q,0.00014175205540480337,1.0,0.00014147702008973685,0.0003000212549983264
Q,0.0001418209814011913,1.0,0.00014147702008973685,0.0003000212549983264
Q,0.0001418899744598046,1.0,0.00014147702008973685,0.0003000212549983264
Q,0.00014195903467856418,1.0,0.00014147702008973685,0.0003000212549983264
Q,0.0001420281621555817,1.0,0.00014147702008973685,0.0003000212549983264
Q,0.00014209735698916,1.0,0.00014147702008973685,0.0003000212549983264
Q,0.00014216661927779356,1.0,0.00014147702008973685,0.0003000212549983264
Q,0.00014223594912016906,1.0,0.00014147702008973685,0.0003000212549983264
Q,0.00014230534661516567,1.0,0.00014147702008973685,0.0003000212549983264
Q,0.00014237481186185575,1.0,0.00014147702008973685,0.0003000212549983264
Q,0.00014244434495950511,1.0,0.00014147702008973685,0.0003000212549983264
Q,0.0001425139460075736,1.0,0.00014147702008973685,0.0003000212549983264
Q,0.00014258361510571558,1.0,0.00014147702008973685,0.0003000212549983264
Q,0.0001426533523537803,1.0,0.00014147702008973685,0.0003000212549983264
Q,0.00014272315785181258,1.0,0.00014147702008973685,0.0003000212549983264
Q,0.00014279303170005304,1.0,0.00014147702008973685,0.0003000212549983264
Q,0.00014286297399893874,1.0,0.00014147702008973685,0.0003000212549983264
Q,0.0001429329848491036,1.0,0.00014147702008973685,0.0003000212549983264
Q,0.00014300306435137896,1.0,0.00014147702008973685,0.0003000212549983264
Q,0.00014307321260679392,1.0,0.00014147702008973685,0.0003000212549983264
Q,0.000143143429716576,1.0,0.00014147702008973685,0.0003000212549983264
Q,0.00014321371578215149,1.0,0.00014147702008973685,0.0003000212549983264
Q,0.00014328407090514594,1.0,0.00014147702008973685,0.0003000212549983264
Q,0.0001433544951873848,1.0,0.00014147702008973685,0.0003000212549983264
Q,0.00014342498873089375,1.0,0.00014147702008973685,0.0003000212549983264
Q,0.00014349555163789923,1.0,0.00014147702008973685,0.0003000212549983264
Q,0.00014356618401082898,1.0,0.00014147702008973685,0.0003000212549983264
Q,0.00014363688595231256,1.0,0.00014147702008973685,0.0003000212549983264
Q,0.0001437076575651817,1.0,0.00014147702008973685,0.0003000212549983264
Q,0.00014377849895247092,1.0,0.00014147702008973685,0.0003000212549983264
Q,0.0001438494102174181,1.0,0.00014147702008973685,0.0003000212549983264
Q,0.00014392039146346477,1.0,0.00014147702008973685,0.0003000212549983264
Q,0.0001439914427942568,1.0,0.00014147702008973685,0.0003000212549983264
Q,0.00014406256431364478,1.0,0.00014147702008973685,0.0003000212549983264
Q,0.00014413375612568464,1.0,0.00014147702008973685,0.0003000212549983264
Q,0.00014420501833463804,1.0,0.00014147702008973685,0.0003000212549983264
Q,0.000144276351044973,1.0,0.00014147702008973685,0.0003000212549983264
Q,0.0001443477543613643,1.0,0.00014147702008973685,0.0003000212549983264
Q,0.00014441922838869404,1.0,0.00014147702008973685,0.0003000212549983264
Q,0.0001444907732320522,1.0,0.00014147702008973685,0.0003000212549983264
Q,0.00014456238899673702,1.0,0.00014147702008973685,0.0003000212549983264
Q,0.0001446340757882557,1.0,0.00014147702008973685,0.0003000212549983264
Q,0.0001447058337123248,1.0,0.00014147702008973685,0.0003000212549983264
Q,0.00014477766287487073,1.0,0.00014147702008973685,0.0003000212549983264
Q,0.00014484956338203038,1.0,0.00014147702008973685,0.0003000212549983264
Q,0.00014492153534015155,1.0,0.00014147702008973685,0.0003000212549983264
Q,0.00014499357885579354,1.0,0.00014147702008973685,0.0003000212549983264
Q,0.00014506569403572762,1.0,0.00014147702008973685,0.0003000212549983264
Q,0.00014513788098693758,1.0,0.00014147702008973685,0.0003000212549983264
Q,0.00014521013981662033,1.0,0.00014147702008973685,0.0003000212549983264
Q,0.0001452824706321863,1.0,0.00014147702008973685,0.0003000212549983264
Q,0.00014535487354126002,1.0,0.00014147702008973685,0.0003000212549983264
Q,0.00014542734865168072,1.0,0.00014147702008973685,0.0003000212549983264
Q,0.0001454998960715028,1.0,0.00014147702008973685,0.0003000212549983264
Q,0.00014557251590899639,1.0,0.00014147702008973685,0.0003000212549983264
Q,0.00014564520827264782,1.0,0.00014147702008973685,0.0003000212549983264
Q,0.00014571797327116032,1.0,0.00014147702008973685,0.0003000212549983264
Q,0.00014579081101345442,1.0,0.00014147702008973685,0.0003000212549983264
Q,0.00014586372160866847,1.0,0.00014147702008973685,0.0003000212549983264
Q,0.00014593670516615937,1.0,0.00014147702008973685,0.0003000212549983264
Q,0.0001460097617955029,1.0,0.00014147702008973685,0.0003000212549983264
Q,0.00014608289160649443,1.0,0.00014147702008973685,0.0003000212549983264
Q,0.00014615609470914936,1.0,0.00014147702008973685,0.0003000212549983264
Q,0.0001462293712137038,1.0,0.00014147702008973685,0.0003000212549983264
Q,0.0001463027212306149,1.0,0.00014147702008973685,0.0003000212549983264
Q,0.00014637614487056166,1.0,0.00014147702008973685,0.0003000212549983264
Q,0.00014644964224444536,1.0,0.00014147702008973685,0.0003000212549983264
Q,0.00014652321346339013,1.0,0.00014147702008973685,0.0003000212549983264
Q,0.00014659685863874344,1.0,0.00014147702008973685,0.0003000212549983264
Q,0.00014667057788207686,1.0,0.00014147702008973685,0.0003000212549983264
Q,0.00014674437130518636,1.0,0.00014147702008973685,0.0003000212549983264
Q,0.00014681823902009314,1.0,0.00014147702008973685,0.0003000212549983264
Q,0.00014689218113904395,1.0,0.00014147702008973685,0.0003000212549983264
Q,0.00014696619777451186,1.0,0.00014147702008973685,0.0003000212549983264
Q,0.00014704028903919674,1.0,0.00014147702008973685,0.0003000212549983264
Q,0.00014711445504602582,1.0,0.00014147702008973685,0.0003000212549983264
Q,0.00014718869590815426,1.0,0.00014147702008973685,0.0003000212549983264
Q,0.0001472630117389658,1.0,0.00014147702008973685,0.0003000212549983264
Q,0.00014733740265207324,1.0,0.00014147702008973685,0.0003000212549983264
Q,0.00014741186876131914,1.0,0.00014147702008973685,0.0003000212549983264
Q,0.0001474864101807762,1.0,0.00014147702008973685,0.0003000212549983264
Q,0.0001475610270247481,1.0,0.00014147702008973685,0.0003000212549983264
Q,0.00014763571940776987,1.0,0.00014147702008973685,0.0003000212549983264
Q,0.00014771048744460856,1.0,0.00014147702008973685,0.0003000212549983264
Q,0.0001477853312502639,1.0,0.00014147702008973685,0.0003000212549983264
Q,0.00014786025093996874,1.0,0.00014147702008973685,0.0003000212549983264
Q,0.00014793524662918973,1.0,0.00014147702008973685,0.0003000212549983264
Q,0.00014801031843362795,1.0,0.00014147702008973685,0.0003000212549983264
Q,0.00014808546646921937,1.0,0.00014147702008973685,0.0003000212549983264
Q,0.00014816069085213563,1.0,0.00014147702008973685,0.0003000212549983264
Q,0.00014823599169878446,1.0,0.00014147702008973685,0.0003000212549983264
Q,0.0001483113691258104,1.0,0.00014147702008973685,0.0003000212549983264
Q,0.0001483868232500954,1.0,0.00014147702008973685,0.0003000212549983264
Q,0.00014846235418875927,1.0,0.00014147702008973685,0.0003000212549983264
Q,0.00014853796205916054,1.0,0.00014147702008973685,0.0003000212549983264
Q,0.00014861364697889686,1.0,0.00014147702008973685,0.0003000212549983264
Q,0.0001486894090658057,1.0,0.00014147702008973685,0.0003000212549983264
Q,0.0001487652484379649,1.0,0.00014147702008973685,0.0003000212549983264
Q,0.0001488411652136934,1.0,0.00014147702008973685,0.0003000212549983264
Q,0.0001489171595115517,1.0,0.00014147702008973685,0.0003000212549983264
Q,0.00014899323145034268,1.0,0.00014147702008973685,0.0003000212549983264
Q,0.00014906938114911197,1.0,0.00014147702008973685,0.0003000212549983264
Q,0.00014914560872714876,1.0,0.00014147702008973685,0.0003000212549983264
Q,0.00014922191430398636,1.0,0.00014147702008973685,0.0003000212549983264
Q,0.00014929829799940282,1.0,0.00014147702008973685,0.0003000212549983264
Q,0.00014937475993342153,1.0,0.00014147702008973685,0.0003000212549983264
Q,0.00014945130022631198,1.0,0.00014147702008973685,0.0003000212549983264
Q,0.00014952791899859017,1.0,0.00014147702008973685,0.0003000212549983264
Q,0.00014960461637101945,1.0,0.00014147702008973685,0.0003000212549983264
Q,0.00014968139246461105,1.0,0.00014147702008973685,0.0003000212549983264
Q,0.0001497582474006247,1.0,0.00014147702008973685,0.0003000212549983264
Q,0.00014983518130056938,1.0,0.00014147702008973685,0.0003000212549983264
Q,0.0001499121942862038,1.0,0.00014147702008973685,0.0003000212549983264
Q,0.00014998928647953717,1.0,0.00014147702008973685,0.0003000212549983264
Q,0.00015006645800282983,1.0,0.00014147702008973685,0.0003000212549983264
Q,0.00015014370897859379,1.0,0.00014147702008973685,0.0003000212549983264
Q,0.00015022103952959354,1.0,0.00014147702008973685,0.0003000212549983264
Q,0.00015029844977884656,1.0,0.00014147702008973685,0.0003000212549983264
Q,0.00015037593984962405,1.0,0.00014147702008973685,0.0003000212549983264
Q,0.00015045350986545158,1.0,0.00014147702008973685,0.0003000212549983264
Q,0.00015053115995010966,1.0,0.00014147702008973685,0.0003000212549983264
Q,0.00015060889022763458,1.0,0.00014147702008973685,0.0003000212549983264
Q,0.00015068670082231885,1.0,0.00014147702008973685,0.0003000212549983264
Q,0.00015076459185871203,1.0,0.00014147702008973685,0.0003000212549983264
Q,0.00015084256346162135,1.0,0.00014147702008973685,0.0003000212549983264
Q,0.00015092061575611228,1.0,0.00014147702008973685,0.0003000212549983264
Q,0.00015099874886750938,1.0,0.00014147702008973685,0.0003000212549983264
Q,0.00015107696292139682,1.0,0.00014147702008973685,0.0003000212549983264
Q,0.0001511552580436191,1.0,0.00014147702008973685,0.0003000212549983264
Q,0.00015123363436028172,1.0,0.00014147702008973685,0.0003000212549983264
Q,0.00015131209199775194,1.0,0.00014147702008973685,0.0003000212549983264
Q,0.00015139063108265927,1.0,0.00014147702008973685,0.0003000212549983264
Q,0.0001514692517418964,1.0,0.00014147702008973685,0.0003000212549983264
Q,0.00015154795410261961,1.0,0.00014147702008973685,0.0003000212549983264
Q,0.0001516267382922497,1.0,0.00014147702008973685,0.0003000212549983264
Q,0.00015170560443847255,1.0,0.00014147702008973685,0.0003000212549983264
Q,0.00015178455266923977,1.0,0.00014147702008973685,0.0003000212549983264
Q,0.00015186358311276957,1.0,0.00014147702008973685,0.0003000212549983264
Q,0.0001519426958975472,1.0,0.00014147702008973685,0.0003000212549983264
Q,0.00015202189115232594,1.0,0.00014147702008973685,0.0003000212549983264
Q,0.0001521011690061275,1.0,0.00014147702008973685,0.0003000212549983264
Q,0.00015218052958824297,1.0,0.00014147702008973685,0.0003000212549983264
Q,0.00015225997302823334,1.0,0.00014147702008973685,0.0003000212549983264
Q,0.00015233949945593037,1.0,0.00014147702008973685,0.0003000212549983264
Q,0.0001524191090014371,1.0,0.00014147702008973685,0.0003000212549983264
Q,0.00015249880179512876,1.0,0.00014147702008973685,0.0003000212549983264
Q,0.00015257857796765334,1.0,0.00014147702008973685,0.0003000212549983264
Q,0.0001526584376499324,1.0,0.00014147702008973685,0.0003000212549983264
Q,0.00015273838097316168,1.0,0.00014147702008973685,0.0003000212549983264
Q,0.00015281840806881194,1.0,0.00014147702008973685,0.0003000212549983264
Q,0.0001528985190686296,1.0,0.00014147702008973685,0.0003000212549983264
Q,0.00015297871410463744,1.0,0.00014147702008973685,0.0003000212549983264
Q,0.00015305899330913544,1.0,0.00014147702008973685,0.0003000212549983264
Q,0.00015313935681470137,1.0,0.00014147702008973685,0.0003000212549983264
Q,0.00015321980475419166,1.0,0.00014147702008973685,0.0003000212549983264
Q,0.00015330033726074197,1.0,0.00014147702008973685,0.0003000212549983264
Q,0.00015338095446776809,1.0,0.00014147702008973685,0.0003000212549983264
Q,0.00015346165650896655,1.0,0.00014147702008973685,0.0003000212549983264
Q,0.00015354244351831542,1.0,0.00014147702008973685,0.0003000212549983264
Q,0.00015362331563007506,1.0,0.00014147702008973685,0.0003000212549983264
Q,0.0001537042729787888,1.0,0.00014147702008973685,0.0003000212549983264
Q,0.0001318159848851004,0.8571428571428571,0.00014147702008973685,0.0003000212549983264
Q,0.00013188552336571856,0.8571428571428571,0.00014147702008973685,0.0003000212549983264
Q,0.00013195513525401364,0.8571428571428571,0.00014147702008973685,0.0003000212549983264
Q,0.00013202482066628526,0.8571428571428571,0.00014147702008973685,0.0003000212549983264
Q,0.00013209457971907887,0.8571428571428571,0.00014147702008973685,0.0003000212549983264
Q,0.0001321644125291863,0.8571428571428571,0.00014147702008973685,0.0003000212549983264
Q,0.00013223431921364657,0.8571428571428571,0.00014147702008973685,0.0003000212549983264
Q,0.00013230429988974642,0.8571428571428571,0.00014147702008973685,0.0003000212549983264
Q,0.00013237435467502095,0.8571428571428571,0.00014147702008973685,0.0003000212549983264
Q,0.00013244448368725443,0.8571428571428571,0.00014147702008973685,0.0003000212549983264
Q,0.00013251468704448077,0.8571428571428571,0.00014147702008973685,0.0003000212549983264
Q,0.0001325849648649843,0.8571428571428571,0.00014147702008973685,0.0003000212549983264
Q,0.00013265531726730045,0.8571428571428571,0.00014147702008973685,0.0003000212549983264
Q,0.00013272574437021633,0.8571428571428571,0.00014147702008973685,0.0003000212549983264
Q,0.00013279624629277146,0.8571428571428571,0.00014147702008973685,0.0003000212549983264
Q,0.0001328668231542584,0.8571428571428571,0.00014147702008973685,0.0003000212549983264
Q,0.00013293747507422341,0.8571428571428571,0.00014147702008973685,0.0003000212549983264
Q,0.0001330082021724673,0.8571428571428571,0.00014147702008973685,0.0003000212549983264
Q,0.00013307900456904583,0.8571428571428571,0.00014147702008973685,0.0003000212549983264
Q,0.00013314988238427057,0.8571428571428571,0.00014147702008973685,0.0003000212549983264
Q,0.00013322083573870952,0.8571428571428571,0.00014147702008973685,0.0003000212549983264
Q,0.0001332918647531879,0.8571428571428571,0.00014147702008973685,0.0003000212549983264
Q,0.00013336296954878863,0.8571428571428571,0.00014147702008973685,0.0003000212549983264
Q,0.0001334341502468532,0.8571428571428571,0.00014147702008973685,0.0003000212549983264
Q,0.00013350540696898224,0.8571428571428571,0.00014147702008973685,0.0003000212549983264
Q,0.00013357673983703638,0.8571428571428571,0.00014147702008973685,0.0003000212549983264
Q,0.00013364814897313672,0.8571428571428571,0.00014147702008973685,0.0003000212549983264
Q,0.0001337196344996657,0.8571428571428571,0.00014147702008973685,0.0003000212549983264
Q,0.0001337911965392677,0.8571428571428571,0.00014147702008973685,0.0003000212549983264
Q,0.00013386283521484986,0.8571428571428571,0.00014147702008973685,0.0003000212549983264
Q,0.00013393455064958257,0.8571428571428571,0.00014147702008973685,0.0003000212549983264
Q,0.00013400634296690042,0.8571428571428571,0.00014147702008973685,0.0003000212549983264
Q,0.0001340782122905028,0.8571428571428571,0.00014147702008973685,0.0003000212549983264
Q,0.0001341501587443545,0.8571428571428571,0.00014147702008973685,0.0003000212549983264
Q,0.00013422218245268667,0.8571428571428571,0.00014147702008973685,0.0003000212549983264
Q,0.0001342942835399973,0.8571428571428571,0.00014147702008973685,0.0003000212549983264
Q,0.0001343664621310521,0.8571428571428571,0.00014147702008973685,0.0003000212549983264
Q,0.00013443871835088506,0.8571428571428571,0.00014147702008973685,0.0003000212549983264
Q,0.00013451105232479936,0.8571428571428571,0.00014147702008973685,0.0003000212549983264
Q,0.00013458346417836794,0.8571428571428571,0.00014147702008973685,0.0003000212549983264
Q,0.00013465595403743436,0.8571428571428571,0.00014147702008973685,0.0003000212549983264
Q,0.00013472852202811334,0.8571428571428571,0.00014147702008973685,0.0003000212549983264
Q,0.00013480116827679174,0.8571428571428571,0.00014147702008973685,0.0003000212549983264
Q,0.00013487389291012904,0.8571428571428571,0.00014147702008973685,0.0003000212549983264
Q,0.00013494669605505826,0.8571428571428571,0.00014147702008973685,0.0003000212549983264
Q,0.00013501957783878662,0.8571428571428571,0.00014147702008973685,0.0003000212549983264
Q,0.00013509253838879631,0.8571428571428571,0.00014147702008973685,0.0003000212549983264
Q,0.00013516557783284524,0.8571428571428571,0.00014147702008973685,0.0003000212549983264
Q,0.00013523869629896768,0.8571428571428571,0.00014147702008973685,0.0003000212549983264
Q,0.00013531189391547516,0.8571428571428571,0.00014147702008973685,0.0003000212549983264
Q,0.00013538517081095717,0.8571428571428571,0.00014147702008973685,0.0003000212549983264
Q,0.00013545852711428183,0.8571428571428571,0.00014147702008973685,0.0003000212549983264
Q,0.0001355319629545968,0.8571428571428571,0.00014147702008973685,0.0003000212549983264
Q,0.00013560547846132984,0.8571428571428571,0.00014147702008973685,0.0003000212549983264
Q,0.00013567907376418976,0.8571428571428571,0.00014147702008973685,0.0003000212549983264
Q,0.0001357527489931671,0.8571428571428571,0.00014147702008973685,0.0003000212549983264
Q,0.0001358265042785349,0.8571428571428571,0.00014147702008973685,0.0003000212549983264
Q,0.00013590033975084939,0.8571428571428571,0.00014147702008973685,0.0003000212549983264
Q,0.00013597425554095092,0.8571428571428571,0.00014147702008973685,0.0003000212549983264
Q,0.00013604825177996463,0.8571428571428571,0.00014147702008973685,0.0003000212549983264
Q,0.00013612232859930125,0.8571428571428571,0.00014147702008973685,0.0003000212549983264
Q,0.00013619648613065783,0.8571428571428571,0.00014147702008973685,0.0003000212549983264
Q,0.00013627072450601862,0.8571428571428571,0.00014147702008973685,0.0003000212549983264
Q,0.00013634504385765577,0.8571428571428571,0.00014147702008973685,0.0003000212549983264
Q,0.00013641944431813015,0.8571428571428571,0.00014147702008973685,0.0003000212549983264
Q,0.00013649392602029209,0.8571428571428571,0.00014147702008973685,0.0003000212549983264
Q,0.00013656848909728228,0.8571428571428571,0.00014147702008973685,0.0003000212549983264
Q,0.00013664313368253245,0.8571428571428571,0.00014147702008973685,0.0003000212549983264
Q,0.0001367178599097662,0.8571428571428571,0.00014147702008973685,0.0003000212549983264
Q,0.00013679266791299987,0.8571428571428571,0.00014147702008973685,0.0003000212549983264
Q,0.0001368675578265432,0.8571428571428571,0.00014147702008973685,0.0003000212549983264
Q,0.00013694252978500022,0.8571428571428571,0.00014147702008973685,0.0003000212549983264
Q,0.00013701758392327016,0.8571428571428571,0.00014147702008973685,0.0003000212549983264
Q,0.000137092720376548,0.8571428571428571,0.00014147702008973685,0.0003000212549983264
Q,0.00013716793928032555,0.8571428571428571,0.00014147702008973685,0.0003000212549983264
Q,0.00013724324077039207,0.8571428571428571,0.00014147702008973685,0.0003000212549983264
Q,0.00013731862498283517,0.8571428571428571,0.00014147702008973685,0.0003000212549983264
Q,0.00013739409205404168,0.8571428571428571,0.00014147702008973685,0.0003000212549983264
Q,0.00013746964212069834,0.8571428571428571,0.00014147702008973685,0.0003000212549983264
Q,0.00013754527531979277,0.8571428571428571,0.00014147702008973685,0.0003000212549983264
Q,0.00013762099178861415,0.8571428571428571,0.00014147702008973685,0.0003000212549983264
Q,0.0001376967916647542,0.8571428571428571,0.00014147702008973685,0.0003000212549983264
Q,0.00013777267508610793,0.8571428571428571,0.00014147702008973685,0.0003000212549983264
Q,0.0001378486421908744,0.8571428571428571,0.00014147702008973685,0.0003000212549983264
Q,0.0001379246931175578,0.8571428571428571,0.00014147702008973685,0.0003000212549983264
Q,0.00013800082800496802,0.8571428571428571,0.00014147702008973685,0.0003000212549983264
Q,0.00013807704699222165,0.8571428571428571,0.00014147702008973685,0.0003000212549983264
Q,0.00013815653135001958,0.8571428571428571,0.00014147702008973685,0.0003000212549983264
Q,0.0001382329224743693,0.8571428571428571,0.00014147702008973685,0.0003000212549983264
Q,0.0001383093981236025,0.8571428571428571,0.00014147702008973685,0.0003000212549983264
Q,0.00013838595843808382,0.8571428571428571,0.00014147702008973685,0.0003000212549983264
Q,0.00013846260355848892,0.8571428571428571,0.00014147702008973685,0.0003000212549983264
Q,0.00013853933362580526,0.8571428571428571,0.00014147702008973685,0.0003000212549983264
Q,0.00013861614878133303,0.8571428571428571,0.00014147702008973685,0.0003000212549983264
Q,0.00013869304916668592,0.8571428571428571,0.00014147702008973685,0.0003000212549983264
Q,0.00013877003492379213,0.8571428571428571,0.00014147702008973685,0.0003000212549983264
Q,0.00013884710619489505,0.8571428571428571,0.00014147702008973685,0.0003000212549983264
Q,0.00013892426312255436,0.8571428571428571,0.00014147702008973685,0.0003000212549983264
Q,0.0001390015058496467,0.8571428571428571,0.00014147702008973685,0.0003000212549983264
Q,0.00013907883451936672,0.8571428571428571,0.00014147702008973685,0.0003000212549983264
Q,0.00011596354106268989,0.7142857142857143,0.00014147702008973685,0.0003000212549983264
Q,0.00011602812521755274,0.7142857142857143,0.00014147702008973685,0.0003000212549983264
Q,0.0001160927813508556,0.7142857142857143,0.00014147702008973685,0.0003000212549983264
Q,0.00011615750958299454,0.7142857142857143,0.00014147702008973685,0.0003000212549983264
Q,0.00011622231003463425,0.7142857142857143,0.00014147702008973685,0.0003000212549983264
Q,0.00011628718282670884,0.7142857142857143,0.00014147702008973685,0.0003000212549983264
Q,0.0001163521280804226,0.7142857142857143,0.00014147702008973685,0.0003000212549983264
Q,0.00011641714591725069,0.7142857142857143,0.00014147702008973685,0.0003000212549983264
Q,0.00011648223645894001,0.7142857142857143,0.00014147702008973685,0.0003000212549983264
Q,0.00011654739982750985,0.7142857142857143,0.00014147702008973685,0.0003000212549983264
Q,0.0001166126361452527,0.7142857142857143,0.00014147702008973685,0.0003000212549983264
Q,0.00011667794553473503,0.7142857142857143,0.00014147702008973685,0.0003000212549983264
Q,0.000116743328118798,0.7142857142857143,0.00014147702008973685,0.0003000212549983264
Q,0.00011680878402055835,0.7142857142857143,0.00014147702008973685,0.0003000212549983264
Q,0.00011687431336340899,0.7142857142857143,0.00014147702008973685,0.0003000212549983264
Q,0.00011693991627101995,0.7142857142857143,0.00014147702008973685,0.0003000212549983264
Q,0.00011700559286733905,0.7142857142857143,0.00014147702008973685,0.0003000212549983264
Q,0.00011707134327659276,0.7142857142857143,0.00014147702008973685,0.0003000212549983264
Q,0.00011713716762328687,0.7142857142857143,0.00014147702008973685,0.0003000212549983264
Q,0.00011720306603220741,0.7142857142857143,0.00014147702008973685,0.0003000212549983264
Q,0.00011726903862842132,0.7142857142857143,0.00014147702008973685,0.0003000212549983264
Q,0.00011733508553727736,0.7142857142857143,0.00014147702008973685,0.0003000212549983264
Q,0.00011740120688440678,0.7142857142857143,0.00014147702008973685,0.0003000212549983264
Q,0.00011746740279572419,0.7142857142857143,0.00014147702008973685,0.0003000212549983264
Q,0.00011753367339742837,0.7142857142857143,0.00014147702008973685,0.0003000212549983264
Q,0.00011760001881600301,0.7142857142857143,0.00014147702008973685,0.0003000212549983264
Q,0.00011766643917821759,0.7142857142857143,0.00014147702008973685,0.0003000212549983264
Q,0.00011773293461112812,0.7142857142857143,0.00014147702008973685,0.0003000212549983264
Q,0.00011779950524207798,0.7142857142857143,0.00014147702008973685,0.0003000212549983264
Q,0.00011786615119869876,0.7142857142857143,0.00014147702008973685,0.0003000212549983264
Q,0.00011793287260891101,0.7142857142857143,0.00014147702008973685,0.0003000212549983264
Q,0.00011799966960092512,0.7142857142857143,0.00014147702008973685,0.0003000212549983264
Q,0.00011806654230324211,0.7142857142857143,0.00014147702008973685,0.0003000212549983264
Q,0.00011813349084465446,0.7142857142857143,0.00014147702008973685,0.0003000212549983264
Q,0.00011820051535424695,0.7142857142857143,0.00014147702008973685,0.0003000212549983264
Q,0.00011826761596139745,0.7142857142857143,0.00014147702008973685,0.0003000212549983264
Q,0.00011833479279577782,0.7142857142857143,0.00014147702008973685,0.0003000212549983264
Q,0.00011840204598735467,0.7142857142857143,0.00014147702008973685,0.0003000212549983264
Q,0.00011846937566639024,0.7142857142857143,0.00014147702008973685,0.0003000212549983264
Q,0.00011853678196344326,0.7142857142857143,0.00014147702008973685,0.0003000212549983264
Q,0.00011860426500936973,0.7142857142857143,0.00014147702008973685,0.0003000212549983264
Q,0.00011867182493532386,0.7142857142857143,0.00014147702008973685,0.0003000212549983264
Q,0.00011873946187275879,0.7142857142857143,0.00014147702008973685,0.0003000212549983264
Q,0.00011880717595342758,0.7142857142857143,0.00014147702008973685,0.0003000212549983264
Q,0.00011887496730938399,0.7142857142857143,0.00014147702008973685,0.0003000212549983264
Q,0.00011894283607298332,0.7142857142857143,0.00014147702008973685,0.0003000212549983264
Q,9.520862590150668e-05,0.5714285714285714,0.00014147702008973685,0.0003000212549983264
Q,9.526304508323608e-05,0.5714285714285714,0.00014147702008973685,0.0003000212549983264
Q,9.531752651018706e-05,0.5714285714285714,0.00014147702008973685,0.0003000212549983264
Q,9.537207028921581e-05,0.5714285714285714,0.00014147702008973685,0.0003000212549983264
Q,9.542667652742324e-05,0.5714285714285714,0.00014147702008973685,0.0003000212549983264
Q,9.548134533215572e-05,0.5714285714285714,0.00014147702008973685,0.0003000212549983264
Q,9.553607681100576e-05,0.5714285714285714,0.00014147702008973685,0.0003000212549983264
Q,9.559087107181265e-05,0.5714285714285714,0.00014147702008973685,0.0003000212549983264
Q,9.564572822266325e-05,0.5714285714285714,0.00014147702008973685,0.0003000212549983264
Q,9.570064837189272e-05,0.5714285714285714,0.00014147702008973685,0.0003000212549983264
Q,9.575563162808513e-05,0.5714285714285714,0.00014147702008973685,0.0003000212549983264
Q,9.581067810007425e-05,0.5714285714285714,0.00014147702008973685,0.0003000212549983264
Q,9.586578789694428e-05,0.5714285714285714,0.00014147702008973685,0.0003000212549983264
Q,9.59209611280305e-05,0.5714285714285714,0.00014147702008973685,0.0003000212549983264
Q,9.597619790292008e-05,0.5714285714285714,0.00014147702008973685,0.0003000212549983264
Q,9.603149833145271e-05,0.5714285714285714,0.00014147702008973685,0.0003000212549983264
Q,9.608686252372145e-05,0.5714285714285714,0.00014147702008973685,0.0003000212549983264
Q,9.614229059007331e-05,0.5714285714285714,0.00014147702008973685,0.0003000212549983264
Q,9.619778264111012e-05,0.5714285714285714,0.00014147702008973685,0.0003000212549983264
Q,9.62533387876892e-05,0.5714285714285714,0.00014147702008973685,0.0003000212549983264
Q,9.630895914092409e-05,0.5714285714285714,0.00014147702008973685,0.0003000212549983264
Q,9.636464381218531e-05,0.5714285714285714,0.00014147702008973685,0.0003000212549983264
Q,9.642039291310112e-05,0.5714285714285714,0.00014147702008973685,0.0003000212549983264
Q,9.647620655555824e-05,0.5714285714285714,0.00014147702008973685,0.0003000212549983264
Q,9.653208485170259e-05,0.5714285714285714,0.00014147702008973685,0.0003000212549983264
Q,9.658802791394007e-05,0.5714285714285714,0.00014147702008973685,0.0003000212549983264
Q,9.66440358549373e-05,0.5714285714285714,0.00014147702008973685,0.0003000212549983264
Q,7.25250815907168e-05,0.42857142857142855,0.00014147702008973685,0.0003000212549983264
Q,7.256718511888924e-05,0.42857142857142855,0.00014147702008973685,0.0003000212549983264
Q,7.260933756081031e-05,0.42857142857142855,0.00014147702008973685,0.0003000212549983264
Q,7.265153900176785e-05,0.42857142857142855,0.00014147702008973685,0.0003000212549983264
Q,7.269378952724805e-05,0.42857142857142855,0.00014147702008973685,0.0003000212549983264
Q,7.273608922293612e-05,0.42857142857142855,0.00014147702008973685,0.0003000212549983264
Q,7.277843817471677e-05,0.42857142857142855,0.00014147702008973685,0.0003000212549983264
Q,7.282083646867491e-05,0.42857142857142855,0.00014147702008973685,0.0003000212549983264
Q,7.286328419109611e-05,0.42857142857142855,0.00014147702008973685,0.0003000212549983264
Q,7.290578142846728e-05,0.42857142857142855,0.00014147702008973685,0.0003000212549983264
Q,7.29483282674772e-05,0.42857142857142855,0.00014147702008973685,0.0003000212549983264
Q,7.299092479501715e-05,0.42857142857142855,0.00014147702008973685,0.0003000212549983264
Q,7.303357109818146e-05,0.42857142857142855,0.00014147702008973685,0.0003000212549983264
Q,7.307626726426815e-05,0.42857142857142855,0.00014147702008973685,0.0003000212549983264
Q,7.311901338077945e-05,0.42857142857142855,0.00014147702008973685,0.0003000212549983264
Q,7.316180953542252e-05,0.42857142857142855,0.00014147702008973685,0.0003000212549983264
Q,7.32046558161099e-05,0.42857142857142855,0.00014147702008973685,0.0003000212549983264
Q,7.324755231096027e-05,0.42857142857142855,0.00014147702008973685,0.0003000212549983264
Q,7.329049910829893e-05,0.42857142857142855,0.00014147702008973685,0.0003000212549983264
Q,7.333349629665843e-05,0.42857142857142855,0.00014147702008973685,0.0003000212549983264
Q,7.337654396477926e-05,0.42857142857142855,0.00014147702008973685,0.0003000212549983264
Q,7.341964220161034e-05,0.42857142857142855,0.00014147702008973685,0.0003000212549983264
Q,7.346279109630973e-05,0.42857142857142855,0.00014147702008973685,0.0003000212549983264
Q,7.350599073824517e-05,0.42857142857142855,0.00014147702008973685,0.0003000212549983264
Q,7.354924121699478e-05,0.42857142857142855,0.00014147702008973685,0.0003000212549983264
Q,7.35925426223476e-05,0.42857142857142855,0.00014147702008973685,0.0003000212549983264
Q,7.363589504430427e-05,0.42857142857142855,0.00014147702008973685,0.0003000212549983264
Q,7.367929857307758e-05,0.42857142857142855,0.00014147702008973685,0.0003000212549983264
Q,7.372275329909321e-05,0.42857142857142855,0.00014147702008973685,0.0003000212549983264
Q,7.376625931299024e-05,0.42857142857142855,0.00014147702008973685,0.0003000212549983264
Q,7.380981670562184e-05,0.42857142857142855,0.00014147702008973685,0.0003000212549983264
Q,4.923561704537062e-05,0.2857142857142857,0.00014147702008973685,0.0003000212549983264
Q,4.926472399438382e-05,0.2857142857142857,0.00014147702008973685,0.0003000212549983264
Q,4.9293865378453653e-05,0.2857142857142857,0.00014147702008973685,0.0003000212549983264
Q,4.932304125872401e-05,0.2857142857142857,0.00014147702008973685,0.0003000212549983264
Q,4.9352251696483653e-05,0.2857142857142857,0.00014147702008973685,0.0003000212549983264
Q,4.938149675316659e-05,0.2857142857142857,0.00014147702008973685,0.0003000212549983264
Q,4.941077649035255e-05,0.2857142857142857,0.00014147702008973685,0.0003000212549983264
Q,4.9440090969767385e-05,0.2857142857142857,0.00014147702008973685,0.0003000212549983264
Q,4.946944025328353e-05,0.2857142857142857,0.00014147702008973685,0.0003000212549983264
Q,4.9498824402920434e-05,0.2857142857142857,0.00014147702008973685,0.0003000212549983264
Q,4.952824348084495e-05,0.2857142857142857,0.00014147702008973685,0.0003000212549983264
Q,4.9557697549371854e-05,0.2857142857142857,0.00014147702008973685,0.0003000212549983264
Q,4.958718667096422e-05,0.2857142857142857,0.00014147702008973685,0.0003000212549983264
Q,4.961671090823389e-05,0.2857142857142857,0.00014147702008973685,0.0003000212549983264
Q,4.9646270323941914e-05,0.2857142857142857,0.00014147702008973685,0.0003000212549983264
Q,4.9675864980998985e-05,0.2857142857142857,0.00014147702008973685,0.0003000212549983264
Q,4.970549494246589e-05,0.2857142857142857,0.00014147702008973685,0.0003000212549983264
Q,4.9735160271553974e-05,0.2857142857142857,0.00014147702008973685,0.0003000212549983264
Q,4.976486103162557e-05,0.2857142857142857,0.00014147702008973685,0.0003000212549983264
Q,4.9794597286194446e-05,0.2857142857142857,0.00014147702008973685,0.0003000212549983264
Q,4.9824369098926284e-05,0.2857142857142857,0.00014147702008973685,0.0003000212549983264
Q,4.985417653363911e-05,0.2857142857142857,0.00014147702008973685,0.0003000212549983264
Q,4.9884019654303743e-05,0.2857142857142857,0.00014147702008973685,0.0003000212549983264
Q,4.99138985250443e-05,0.2857142857142857,0.00014147702008973685,0.0003000212549983264
Q,4.994381321013859e-05,0.2857142857142857,0.00014147702008973685,0.0003000212549983264
Q,4.997376377401864e-05,0.2857142857142857,0.00014147702008973685,0.0003000212549983264
Q,5.0003750281271094e-05,0.2857142857142857,0.00014147702008973685,0.0003000212549983264
Q,5.003377279663773e-05,0.2857142857142857,0.00014147702008973685,0.0003000212549983264
Q,5.00638313850159e-05,0.2857142857142857,0.00014147702008973685,0.0003000212549983264
Q,5.009392611145899e-05,0.2857142857142857,0.00014147702008973685,0.0003000212549983264
Q,5.0124057041176913e-05,0.2857142857142857,0.00014147702008973685,0.0003000212549983264
Q,5.0154224239536575e-05,0.2857142857142857,0.00014147702008973685,0.0003000212549983264
Q,5.0184427772062326e-05,0.2857142857142857,0.00014147702008973685,0.0003000212549983264
Q,5.0214667704436464e-05,0.2857142857142857,0.00014147702008973685,0.0003000212549983264
Q,5.0244944102499685e-05,0.2857142857142857,0.00014147702008973685,0.0003000212549983264
Q,5.027525703225158e-05,0.2857142857142857,0.00014147702008973685,0.0003000212549983264
Q,5.030560655985109e-05,0.2857142857142857,0.00014147702008973685,0.0003000212549983264
Q,5.033599275161704e-05,0.2857142857142857,0.00014147702008973685,0.0003000212549983264
Q,5.0366415674028555e-05,0.2857142857142857,0.00014147702008973685,0.0003000212549983264
Q,5.039687539372559e-05,0.2857142857142857,0.00014147702008973685,0.0003000212549983264
Q,5.042737197750939e-05,0.2857142857142857,0.00014147702008973685,0.0003000212549983264
Q,5.0457905492343014e-05,0.2857142857142857,0.00014147702008973685,0.0003000212549983264
Q,5.048847600535178e-05,0.2857142857142857,0.00014147702008973685,0.0003000212549983264
Q,5.051908358382379e-05,0.2857142857142857,0.00014147702008973685,0.0003000212549983264
Q,5.0549728295210415e-05,0.2857142857142857,0.00014147702008973685,0.0003000212549983264
Q,5.058041020712678e-05,0.2857142857142857,0.00014147702008973685,0.0003000212549983264
Q,5.061112938735228e-05,0.2857142857142857,0.00014147702008973685,0.0003000212549983264
Q,5.064188590383106e-05,0.2857142857142857,0.00014147702008973685,0.0003000212549983264
Q,5.067267982467253e-05,0.2857142857142857,0.00014147702008973685,0.0003000212549983264
Q,5.0703511218151855e-05,0.2857142857142857,0.00014147702008973685,0.0003000212549983264
Q,5.0734380152710484e-05,0.2857142857142857,0.00014147702008973685,0.0003000212549983264
Q,5.076528669695662e-05,0.2857142857142857,0.00014147702008973685,0.0003000212549983264
Q,5.079623091966576e-05,0.2857142857142857,0.00014147702008973685,0.0003000212549983264
Q,5.082721288978119e-05,0.2857142857142857,0.00014147702008973685,0.0003000212549983264
Q,5.085823267641449e-05,0.2857142857142857,0.00014147702008973685,0.0003000212549983264
Q,5.088929034884609e-05,0.2857142857142857,0.00014147702008973685,0.0003000212549983264
Q,5.0920385976525705e-05,0.2857142857142857,0.00014147702008973685,0.0003000212549983264
Q,5.095151962907294e-05,0.2857142857142857,0.00014147702008973685,0.0003000212549983264
Q,5.0982691376277755e-05,0.2857142857142857,0.00014147702008973685,0.0003000212549983264
Q,5.101390128810101e-05,0.2857142857142857,0.00014147702008973685,0.0003000212549983264
Q,5.104514943467497e-05,0.2857142857142857,0.00014147702008973685,0.0003000212549983264
Q,5.1076435886303855e-05,0.2857142857142857,0.00014147702008973685,0.0003000212549983264
Q,5.110776071346434e-05,0.2857142857142857,0.00014147702008973685,0.0003000212549983264
Q,5.1139123986806105e-05,0.2857142857142857,0.00014147702008973685,0.0003000212549983264
Q,5.117052577715236e-05,0.2857142857142857,0.00014147702008973685,0.0003000212549983264
Q,5.120196615550037e-05,0.2857142857142857,0.00014147702008973685,0.0003000212549983264
Q,5.1233445193022e-05,0.2857142857142857,0.00014147702008973685,0.0003000212549983264
Q,5.1264962961064264e-05,0.2857142857142857,0.00014147702008973685,0.0003000212549983264
Q,5.129651953114981e-05,0.2857142857142857,0.00014147702008973685,0.0003000212549983264
Q,5.1328114974977544e-05,0.2857142857142857,0.00014147702008973685,0.0003000212549983264
Q,5.13597493644231e-05,0.2857142857142857,0.00014147702008973685,0.0003000212549983264
Q,5.139142277153943e-05,0.2857142857142857,0.00014147702008973685,0.0003000212549983264
Q,5.142313526855733e-05,0.2857142857142857,0.00014147702008973685,0.0003000212549983264
Q,5.145488692788598e-05,0.2857142857142857,0.00014147702008973685,0.0003000212549983264
Q,5.148667782211353e-05,0.2857142857142857,0.00014147702008973685,0.0003000212549983264
Q,5.1518508024007624e-05,0.2857142857142857,0.00014147702008973685,0.0003000212549983264
Q,5.155037760651597e-05,0.2857142857142857,0.00014147702008973685,0.0003000212549983264
Q,5.158228664276688e-05,0.2857142857142857,0.00014147702008973685,0.0003000212549983264
Q,5.1614235206069835e-05,0.2857142857142857,0.00014147702008973685,0.0003000212549983264
Q,5.1646223369916076e-05,0.2857142857142857,0.00014147702008973685,0.0003000212549983264
Q,5.1678251207979124e-05,0.2857142857142857,0.00014147702008973685,0.0003000212549983264
Q,5.1710318794115365e-05,0.2857142857142857,0.00014147702008973685,0.0003000212549983264
Q,5.174242620236463e-05,0.2857142857142857,0.00014147702008973685,0.0003000212549983264
Q,5.1774573506950734e-05,0.2857142857142857,0.00014147702008973685,0.0003000212549983264
Q,5.180676078228209e-05,0.2857142857142857,0.00014147702008973685,0.0003000212549983264
Q,5.183898810295223e-05,0.2857142857142857,0.00014147702008973685,0.0003000212549983264
Q,5.187125554374044e-05,0.2857142857142857,0.00014147702008973685,0.0003000212549983264
Q,5.190356317961228e-05,0.2857142857142857,0.00014147702008973685,0.0003000212549983264
Q,5.1935911085720224e-05,0.2857142857142857,0.00014147702008973685,0.0003000212549983264
Q,5.196829933740418e-05,0.2857142857142857,0.00014147702008973685,0.0003000212549983264
Q,5.2000728010192146e-05,0.2857142857142857,0.00014147702008973685,0.0003000212549983264
Q,5.2033197179800714e-05,0.2857142857142857,0.00014147702008973685,0.0003000212549983264
Q,5.2065706922135735e-05,0.2857142857142857,0.00014147702008973685,0.0003000212549983264
Q,5.2098257313292874e-05,0.2857142857142857,0.00014147702008973685,0.0003000212549983264
Q,5.2130848429558194e-05,0.2857142857142857,0.00014147702008973685,0.0003000212549983264
Q,5.2163480347408776e-05,0.2857142857142857,0.00014147702008973685,0.0003000212549983264
Q,5.2196153143513326e-05,0.2857142857142857,0.00014147702008973685,0.0003000212549983264
Q,5.222886689473272e-05,0.2857142857142857,0.00014147702008973685,0.0003000212549983264
Q,5.226162167812067e-05,0.2857142857142857,0.00014147702008973685,0.0003000212549983264
Q,5.22944175709243e-05,0.2857142857142857,0.00014147702008973685,0.0003000212549983264
Q,5.232725465058476e-05,0.2857142857142857,0.00014147702008973685,0.0003000212549983264
Q,5.236013299473781e-05,0.2857142857142857,0.00014147702008973685,0.0003000212549983264
Q,5.239305268121447e-05,0.2857142857142857,0.00014147702008973685,0.0003000212549983264
Q,5.242601378804163e-05,0.2857142857142857,0.00014147702008973685,0.0003000212549983264
Q,5.245901639344262e-05,0.2857142857142857,0.00014147702008973685,0.0003000212549983264
Q,5.24920605758379e-05,0.2857142857142857,0.00014147702008973685,0.0003000212549983264
Q,5.252514641384563e-05,0.2857142857142857,0.00014147702008973685,0.0003000212549983264
Q,5.255827398628229e-05,0.2857142857142857,0.00014147702008973685,0.0003000212549983264
Q,5.259144337216335e-05,0.2857142857142857,0.00014147702008973685,0.0003000212549983264
Q,5.2624654650703855e-05,0.2857142857142857,0.00014147702008973685,0.0003000212549983264
Q,5.265790790131908e-05,0.2857142857142857,0.00014147702008973685,0.0003000212549983264
Q,5.269120320362516e-05,0.2857142857142857,0.00014147702008973685,0.0003000212549983264
Q,5.2724540637439695e-05,0.2857142857142857,0.00014147702008973685,0.0003000212549983264
Q,5.275792028278245e-05,0.2857142857142857,0.00014147702008973685,0.0003000212549983264
Q,5.279134221987594e-05,0.2857142857142857,0.00014147702008973685,0.0003000212549983264
Q,5.282480652914609e-05,0.2857142857142857,0.00014147702008973685,0.0003000212549983264
Q,5.2858313291222874e-05,0.2857142857142857,0.00014147702008973685,0.0003000212549983264
Q,5.2891862586941e-05,0.2857142857142857,0.00014147702008973685,0.0003000212549983264
Q,5.29254544973405e-05,0.2857142857142857,0.00014147702008973685,0.0003000212549983264
Q,5.2959089103667416e-05,0.2857142857142857,0.00014147702008973685,0.0003000212549983264
Q,5.2992766487374476e-05,0.2857142857142857,0.00014147702008973685,0.0003000212549983264
Q,5.30264867301217e-05,0.2857142857142857,0.00014147702008973685,0.0003000212549983264
Q,5.3060249913777095e-05,0.2857142857142857,0.00014147702008973685,0.0003000212549983264
Q,5.309405612041732e-05,0.2857142857142857,0.00014147702008973685,0.0003000212549983264
Q,5.312790543232833e-05,0.2857142857142857,0.00014147702008973685,0.0003000212549983264
Q,5.316179793200606e-05,0.2857142857142857,0.00014147702008973685,0.0003000212549983264
Q,5.319573370215709e-05,0.2857142857142857,0.00014147702008973685,0.0003000212549983264
Q,5.322971282569931e-05,0.2857142857142857,0.00014147702008973685,0.0003000212549983264
Q,5.32637353857626e-05,0.2857142857142857,0.00014147702008973685,0.0003000212549983264
Q,5.329780146568954e-05,0.2857142857142857,0.00014147702008973685,0.0003000212549983264
Q,5.333333333333333e-05,0.2857142857142857,0.00014147702008973685,0.0003000212549983264
Q,5.3367488525989965e-05,0.2857142857142857,0.00014147702008973685,0.0003000212549983264
Q,5.340168749332479e-05,0.2857142857142857,0.00014147702008973685,0.0003000212549983264
Q,5.343593031954686e-05,0.2857142857142857,0.00014147702008973685,0.0003000212549983264
Q,5.347021708908138e-05,0.2857142857142857,0.00014147702008973685,0.0003000212549983264
Q,5.3504547886570356e-05,0.2857142857142857,0.00014147702008973685,0.0003000212549983264
Q,5.353892279687333e-05,0.2857142857142857,0.00014147702008973685,0.0003000212549983264
Q,5.3573341905068036e-05,0.2857142857142857,0.00014147702008973685,0.0003000212549983264
Q,5.360780529645116e-05,0.2857142857142857,0.00014147702008973685,0.0003000212549983264
Q,5.3642313056539e-05,0.2857142857142857,0.00014147702008973685,0.0003000212549983264
Q,5.367686527106817e-05,0.2857142857142857,0.00014147702008973685,0.0003000212549983264
Q,5.371146202599635e-05,0.2857142857142857,0.00014147702008973685,0.0003000212549983264
Q,5.3746103407502955e-05,0.2857142857142857,0.00014147702008973685,0.0003000212549983264
Q,5.378078950198989e-05,0.2857142857142857,0.00014147702008973685,0.0003000212549983264
Q,5.381552039608223e-05,0.2857142857142857,0.00014147702008973685,0.0003000212549983264
Q,5.3851746142868685e-05,0.2857142857142857,0.00014147702008973685,0.0003000212549983264
Q,5.38865687727334e-05,0.2857142857142857,0.00014147702008973685,0.0003000212549983264
Q,5.3921436467067486e-05,0.2857142857142857,0.00014147702008973685,0.0003000212549983264
Q,5.3956349313405454e-05,0.2857142857142857,0.00014147702008973685,0.0003000212549983264
Q,5.399130739950868e-05,0.2857142857142857,0.00014147702008973685,0.0003000212549983264
Q,5.402631081336611e-05,0.2857142857142857,0.00014147702008973685,0.0003000212549983264
Q,5.406135964319503e-05,0.2857142857142857,0.00014147702008973685,0.0003000212549983264
Q,5.409645397744178e-05,0.2857142857142857,0.00014147702008973685,0.0003000212549983264
Q,5.4131593904782525e-05,0.2857142857142857,0.00014147702008973685,0.0003000212549983264
Q,5.416677951412399e-05,0.2857142857142857,0.00014147702008973685,0.0003000212549983264
Q,5.420201089460419e-05,0.2857142857142857,0.00014147702008973685,0.0003000212549983264
Q,5.423728813559322e-05,0.2857142857142857,0.00014147702008973685,0.0003000212549983264
Q,5.4272611326693983e-05,0.2857142857142857,0.00014147702008973685,0.0003000212549983264
Q,5.430798055774296e-05,0.2857142857142857,0.00014147702008973685,0.0003000212549983264
Q,5.4343395918810965e-05,0.2857142857142857,0.00014147702008973685,0.0003000212549983264
Q,5.437885750020392e-05,0.2857142857142857,0.00014147702008973685,0.0003000212549983264
Q,5.441436539246361e-05,0.2857142857142857,0.00014147702008973685,0.0003000212549983264
Q,5.4449919686368463e-05,0.2857142857142857,0.00014147702008973685,0.0003000212549983264
Q,5.448552047293432e-05,0.2857142857142857,0.00014147702008973685,0.0003000212549983264
Q,5.452116784341521e-05,0.2857142857142857,0.00014147702008973685,0.0003000212549983264
Q,5.4556861889304126e-05,0.2857142857142857,0.00014147702008973685,0.0003000212549983264
Q,5.4592602702333836e-05,0.2857142857142857,0.00014147702008973685,0.0003000212549983264
Q,5.4628390374477616e-05,0.2857142857142857,0.00014147702008973685,0.0003000212549983264
Q,5.466422499795009e-05,0.2857142857142857,0.00014147702008973685,0.0003000212549983264
Q,5.4700106665208e-05,0.2857142857142857,0.00014147702008973685,0.0003000212549983264
Q,5.4736035468950984e-05,0.2857142857142857,0.00014147702008973685,0.0003000212549983264
Q,5.477201150212242e-05,0.2857142857142857,0.00014147702008973685,0.0003000212549983264
Q,5.480803485791017e-05,0.2857142857142857,0.00014147702008973685,0.0003000212549983264
Q,5.4845609608950804e-05,0.2857142857142857,0.00014147702008973685,0.0003000212549983264
Q,5.4883235915589584e-05,0.2857142857142857,0.00014147702008973685,0.0003000212549983264
Q,5.4919405772029544e-05,0.2857142857142857,0.00014147702008973685,0.0003000212549983264
Q,5.495713343591998e-05,0.2857142857142857,0.00014147702008973685,0.0003000212549983264
Q,5.4993400791904974e-05,0.2857142857142857,0.00014147702008973685,0.0003000212549983264
Q,5.5029716046665196e-05,0.2857142857142857,0.00014147702008973685,0.0003000212549983264
Q,5.506607929515419e-05,0.2857142857142857,0.00014147702008973685,0.0003000212549983264
Q,5.5102490632576594e-05,0.2857142857142857,0.00014147702008973685,0.0003000212549983264
Q,5.513895015438906e-05,0.2857142857142857,0.00014147702008973685,0.0003000212549983264
Q,5.517545795630104e-05,0.2857142857142857,0.00014147702008973685,0.0003000212549983264
Q,5.521201413427562e-05,0.2857142857142857,0.00014147702008973685,0.0003000212549983264
Q,5.524861878453039e-05,0.2857142857142857,0.00014147702008973685,0.0003000212549983264
Q,5.528527200353826e-05,0.2857142857142857,0.00014147702008973685,0.0003000212549983264
Q,5.532197388802833e-05,0.2857142857142857,0.00014147702008973685,0.0003000212549983264
Q,5.5358724534986716e-05,0.2857142857142857,0.00014147702008973685,0.0003000212549983264
Q,5.5395524041657433e-05,0.2857142857142857,0.00014147702008973685,0.0003000212549983264
Q,5.543237250554324e-05,0.2857142857142857,0.00014147702008973685,0.0003000212549983264
Q,5.546927002440648e-05,0.2857142857142857,0.00014147702008973685,0.0003000212549983264
Q,5.5506216696269984e-05,0.2857142857142857,0.00014147702008973685,0.0003000212549983264
Q,5.554321261941791e-05,0.2857142857142857,0.00014147702008973685,0.0003000212549983264
Q,5.558025789239662e-05,0.2857142857142857,0.00014147702008973685,0.0003000212549983264
Q,5.561889930198281e-05,0.2857142857142857,0.00014147702008973685,0.0003000212549983264
Q,5.565604563795742e-05,0.2857142857142857,0.00014147702008973685,0.0003000212549983264
Q,5.569324162512879e-05,0.2857142857142857,0.00014147702008973685,0.0003000212549983264
Q,5.573048736311199e-05,0.2857142857142857,0.00014147702008973685,0.0003000212549983264
Q,5.576778295178875e-05,0.2857142857142857,0.00014147702008973685,0.0003000212549983264
Q,5.580512849130835e-05,0.2857142857142857,0.00014147702008973685,0.0003000212549983264
Q,5.584252408208851e-05,0.2857142857142857,0.00014147702008973685,0.0003000212549983264
Q,5.587996982481629e-05,0.2857142857142857,0.00014147702008973685,0.0003000212549983264
Q,5.591746582044902e-05,0.2857142857142857,0.00014147702008973685,0.0003000212549983264
Q,5.595501217021515e-05,0.2857142857142857,0.00014147702008973685,0.0003000212549983264
Q,5.599260897561522e-05,0.2857142857142857,0.00014147702008973685,0.0003000212549983264
Q,5.603025633842275e-05,0.2857142857142857,0.00014147702008973685,0.0003000212549983264
Q,5.606795436068515e-05,0.2857142857142857,0.00014147702008973685,0.0003000212549983264
Q,5.610570314472466e-05,0.2857142857142857,0.00014147702008973685,0.0003000212549983264
Q,5.6143502793139264e-05,0.2857142857142857,0.00014147702008973685,0.0003000212549983264
Q,5.6181353408803615e-05,0.2857142857142857,0.00014147702008973685,0.0003000212549983264
Q,5.621925509486999e-05,0.2857142857142857,0.00014147702008973685,0.0003000212549983264
Q,5.62572079547692e-05,0.2857142857142857,0.00014147702008973685,0.0003000212549983264
Q,5.629521209221156e-05,0.2857142857142857,0.00014147702008973685,0.0003000212549983264
Q,5.6333267611187785e-05,0.2857142857142857,0.00014147702008973685,0.0003000212549983264
Q,5.637137461597001e-05,0.2857142857142857,0.00014147702008973685,0.0003000212549983264
Q,5.6409533211112675e-05,0.2857142857142857,0.00014147702008973685,0.0003000212549983264
Q,5.644774350145353e-05,0.2857142857142857,0.00014147702008973685,0.0003000212549983264
Q,5.6486005592114554e-05,0.2857142857142857,0.00014147702008973685,0.0003000212549983264
Q,5.6524319588502956e-05,0.2857142857142857,0.00014147702008973685,0.0003000212549983264
Q,5.6562685596312115e-05,0.2857142857142857,0.00014147702008973685,0.0003000212549983264
Q,5.660110372152257e-05,0.2857142857142857,0.00014147702008973685,0.0003000212549983264
Q,5.663957407040299e-05,0.2857142857142857,0.00014147702008973685,0.0003000212549983264
Q,5.667809674951115e-05,0.2857142857142857,0.00014147702008973685,0.0003000212549983264
Q,5.671667186569492e-05,0.2857142857142857,0.00014147702008973685,0.0003000212549983264
Q,5.675529952609325e-05,0.2857142857142857,0.00014147702008973685,0.0003000212549983264
Q,5.679397983813716e-05,0.2857142857142857,0.00014147702008973685,0.0003000212549983264
Q,5.6832712909550736e-05,0.2857142857142857,0.00014147702008973685,0.0003000212549983264
Q,5.687149884835215e-05,0.2857142857142857,0.00014147702008973685,0.0003000212549983264
Q,5.691033776285462e-05,0.2857142857142857,0.00014147702008973685,0.0003000212549983264
Q,5.6949229761667476e-05,0.2857142857142857,0.00014147702008973685,0.0003000212549983264
Q,5.698817495369711e-05,0.2857142857142857,0.00014147702008973685,0.0003000212549983264
Q,5.7027173448148044e-05,0.2857142857142857,0.00014147702008973685,0.0003000212549983264
Q,5.706622535452393e-05,0.2857142857142857,0.00014147702008973685,0.0003000212549983264
Q,5.710533078262856e-05,0.2857142857142857,0.00014147702008973685,0.0003000212549983264
Q,5.7144489842566934e-05,0.2857142857142857,0.00014147702008973685,0.0003000212549983264
Q,5.7183702644746245e-05,0.2857142857142857,0.00014147702008973685,0.0003000212549983264
Q,5.722296929987697e-05,0.2857142857142857,0.00014147702008973685,0.0003000212549983264
Q,5.726228991897386e-05,0.2857142857142857,0.00014147702008973685,0.0003000212549983264
Q,5.730166461335702e-05,0.2857142857142857,0.00014147702008973685,0.0003000212549983264
Q,5.734109349465294e-05,0.2857142857142857,0.00014147702008973685,0.0003000212549983264
Q,5.738057667479558e-05,0.2857142857142857,0.00014147702008973685,0.0003000212549983264
Q,5.742011426602739e-05,0.2857142857142857,0.00014147702008973685,0.0003000212549983264
Q,5.7459706380900394e-05,0.2857142857142857,0.00014147702008973685,0.0003000212549983264
Q,5.7499353132277265e-05,0.2857142857142857,0.00014147702008973685,0.0003000212549983264
Q,5.7539054633332376e-05,0.2857142857142857,0.00014147702008973685,0.0003000212549983264
Q,5.75788109975529e-05,0.2857142857142857,0.00014147702008973685,0.0003000212549983264
Q,5.762028233938346e-05,0.2857142857142857,0.00014147702008973685,0.0003000212549983264
Q,5.7660151069595805e-05,0.2857142857142857,0.00014147702008973685,0.0003000212549983264
Q,5.770007501009751e-05,0.2857142857142857,0.00014147702008973685,0.0003000212549983264
Q,5.774005427565102e-05,0.2857142857142857,0.00014147702008973685,0.0003000212549983264
Q,5.7780088981337034e-05,0.2857142857142857,0.00014147702008973685,0.0003000212549983264
Q,5.782017924255565e-05,0.2857142857142857,0.00014147702008973685,0.0003000212549983264
Q,5.786032517502748e-05,0.2857142857142857,0.00014147702008973685,0.0003000212549983264
Q,5.790052689479474e-05,0.2857142857142857,0.00014147702008973685,0.0003000212549983264
Q,5.7940784518222376e-05,0.2857142857142857,0.00014147702008973685,0.0003000212549983264
Q,5.7981098161999185e-05,0.2857142857142857,0.00014147702008973685,0.0003000212549983264
Q,5.802146794313896e-05,0.2857142857142857,0.00014147702008973685,0.0003000212549983264
Q,5.806189397898159e-05,0.2857142857142857,0.00014147702008973685,0.0003000212549983264
Q,5.810237638719424e-05,0.2857142857142857,0.00014147702008973685,0.0003000212549983264
Q,5.8142915285772426e-05,0.2857142857142857,0.00014147702008973685,0.0003000212549983264
Q,5.8183510793041255e-05,0.2857142857142857,0.00014147702008973685,0.0003000212549983264
Q,5.8224163027656476e-05,0.2857142857142857,0.00014147702008973685,0.0003000212549983264
Q,5.826487210860572e-05,0.2857142857142857,0.00014147702008973685,0.0003000212549983264
Q,5.830563815520961e-05,0.2857142857142857,0.00014147702008973685,0.0003000212549983264
Q,5.8346461287122933e-05,0.2857142857142857,0.00014147702008973685,0.0003000212549983264
Q,5.8387341624335844e-05,0.2857142857142857,0.00014147702008973685,0.0003000212549983264
Q,5.8428279287174995e-05,0.2857142857142857,0.00014147702008973685,0.0003000212549983264
Q,5.846927439630474e-05,0.2857142857142857,0.00014147702008973685,0.0003000212549983264
Q,5.851032707272834e-05,0.2857142857142857,0.00014147702008973685,0.0003000212549983264
Q,5.85514374377891e-05,0.2857142857142857,0.00014147702008973685,0.0003000212549983264
Q,5.8592605613171615e-05,0.2857142857142857,0.00014147702008973685,0.0003000212549983264
Q,5.8633831720902964e-05,0.2857142857142857,0.00014147702008973685,0.0003000212549983264
Q,5.867511588335387e-05,0.2857142857142857,0.00014147702008973685,0.0003000212549983264
Q,5.8716458223239976e-05,0.2857142857142857,0.00014147702008973685,0.0003000212549983264
Q,5.875785886362301e-05,0.2857142857142857,0.00014147702008973685,0.0003000212549983264
Q,5.8799317927912035e-05,0.2857142857142857,0.00014147702008973685,0.0003000212549983264
Q,5.8840835539864665e-05,0.2857142857142857,0.00014147702008973685,0.0003000212549983264
Q,5.8882411823588296e-05,0.2857142857142857,0.00014147702008973685,0.0003000212549983264
Q,5.8924046903541334e-05,0.2857142857142857,0.00014147702008973685,0.0003000212549983264
Q,5.896574090453446e-05,0.2857142857142857,0.00014147702008973685,0.0003000212549983264
Q,5.900749395173187e-05,0.2857142857142857,0.00014147702008973685,0.0003000212549983264
Q,5.9049306170652494e-05,0.2857142857142857,0.00014147702008973685,0.0003000212549983264
Q,5.9091177687171306e-05,0.2857142857142857,0.00014147702008973685,0.0003000212549983264
Q,5.913310862752055e-05,0.2857142857142857,0.00014147702008973685,0.0003000212549983264
Q,5.9175099118291023e-05,0.2857142857142857,0.00014147702008973685,0.0003000212549983264
Q,5.921714928643335e-05,0.2857142857142857,0.00014147702008973685,0.0003000212549983264
Q,5.925925925925926e-05,0.2857142857142857,0.00014147702008973685,0.0003000212549983264
Q,5.930142916444286e-05,0.2857142857142857,0.00014147702008973685,0.0003000212549983264
Q,5.9343659130021956e-05,0.2857142857142857,0.00014147702008973685,0.0003000212549983264
Q,5.938594928439931e-05,0.2857142857142857,0.00014147702008973685,0.0003000212549983264
Q,5.942829975634397e-05,0.2857142857142857,0.00014147702008973685,0.0003000212549983264
Q,5.947071067499257e-05,0.2857142857142857,0.00014147702008973685,0.0003000212549983264
Q,5.951318216985062e-05,0.2857142857142857,0.00014147702008973685,0.0003000212549983264
Q,5.955571437079388e-05,0.2857142857142857,0.00014147702008973685,0.0003000212549983264
Q,5.959830740806961e-05,0.2857142857142857,0.00014147702008973685,0.0003000212549983264
Q,5.964096141229796e-05,0.2857142857142857,0.00014147702008973685,0.0003000212549983264
Q,5.968367651447329e-05,0.2857142857142857,0.00014147702008973685,0.0003000212549983264
Q,5.9726452845965476e-05,0.2857142857142857,0.00014147702008973685,0.0003000212549983264
Q,5.9769290538521305e-05,0.2857142857142857,0.00014147702008973685,0.0003000212549983264
Q,5.981218972426581e-05,0.2857142857142857,0.00014147702008973685,0.0003000212549983264
Q,5.9855150535703594e-05,0.2857142857142857,0.00014147702008973685,0.0003000212549983264
Q,5.989817310572028e-05,0.2857142857142857,0.00014147702008973685,0.0003000212549983264
Q,5.9941257567583765e-05,0.2857142857142857,0.00014147702008973685,0.0003000212549983264
Q,5.998440405494571e-05,0.2857142857142857,0.00014147702008973685,0.0003000212549983264
Q,6.002761270184285e-05,0.2857142857142857,0.00014147702008973685,0.0003000212549983264
Q,6.0070883642698386e-05,0.2857142857142857,0.00014147702008973685,0.0003000212549983264
Q,6.0114217012323416e-05,0.2857142857142857,0.00014147702008973685,0.0003000212549983264
Q,6.0157612945918305e-05,0.2857142857142857,0.00014147702008973685,0.0003000212549983264
Q,6.0201071579074104e-05,0.2857142857142857,0.00014147702008973685,0.0003000212549983264
Q,6.024459304777396e-05,0.2857142857142857,0.00014147702008973685,0.0003000212549983264
Q,6.028817748839453e-05,0.2857142857142857,0.00014147702008973685,0.0003000212549983264
Q,6.033182503770739e-05,0.2857142857142857,0.00014147702008973685,0.0003000212549983264
Q,6.037553583288052e-05,0.2857142857142857,0.00014147702008973685,0.0003000212549983264
Q,6.041931001147967e-05,0.2857142857142857,0.00014147702008973685,0.0003000212549983264
Q,6.046314771146986e-05,0.2857142857142857,0.00014147702008973685,0.0003000212549983264
Q,6.05070490712168e-05,0.2857142857142857,0.00014147702008973685,0.0003000212549983264
Q,6.0551014229488346e-05,0.2857142857142857,0.00014147702008973685,0.0003000212549983264
Q,6.059504332545598e-05,0.2857142857142857,0.00014147702008973685,0.0003000212549983264
Q,6.063913649869626e-05,0.2857142857142857,0.00014147702008973685,0.0003000212549983264
Q,6.068329388919231e-05,0.2857142857142857,0.00014147702008973685,0.0003000212549983264
Q,6.0727515637335276e-05,0.2857142857142857,0.00014147702008973685,0.0003000212549983264
Q,6.0771801883925856e-05,0.2857142857142857,0.00014147702008973685,0.0003000212549983264
Q,6.081615277017576e-05,0.2857142857142857,0.00014147702008973685,0.0003000212549983264
Q,6.0860568437709206e-05,0.2857142857142857,0.00014147702008973685,0.0003000212549983264
Q,6.0905049028564466e-05,0.2857142857142857,0.00014147702008973685,0.0003000212549983264
Q,6.094959468519534e-05,0.2857142857142857,0.00014147702008973685,0.0003000212549983264
Q,6.0994205550472706e-05,0.2857142857142857,0.00014147702008973685,0.0003000212549983264
Q,6.103888176768602e-05,0.2857142857142857,0.00014147702008973685,0.0003000212549983264
Q,6.108362348054486e-05,0.2857142857142857,0.00014147702008973685,0.0003000212549983264
Q,6.112843083318051e-05,0.2857142857142857,0.00014147702008973685,0.0003000212549983264
Q,6.117330397014743e-05,0.2857142857142857,0.00014147702008973685,0.0003000212549983264
Q,6.121824303642486e-05,0.2857142857142857,0.00014147702008973685,0.0003000212549983264
Q,6.126324817741837e-05,0.2857142857142857,0.00014147702008973685,0.0003000212549983264
Q,6.130831953896144e-05,0.2857142857142857,0.00014147702008973685,0.0003000212549983264
Q,6.135345726731701e-05,0.2857142857142857,0.00014147702008973685,0.0003000212549983264
Q,6.13986615091791e-05,0.2857142857142857,0.00014147702008973685,0.0003000212549983264
Q,6.144393241167435e-05,0.2857142857142857,0.00014147702008973685,0.0003000212549983264
Q,6.148927012236365e-05,0.2857142857142857,0.00014147702008973685,0.0003000212549983264
Q,6.153467478924374e-05,0.2857142857142857,0.00014147702008973685,0.0003000212549983264
Q,6.158014656074881e-05,0.2857142857142857,0.00014147702008973685,0.0003000212549983264
Q,6.162568558575214e-05,0.2857142857142857,0.00014147702008973685,0.0003000212549983264
Q,6.167319374633815e-05,0.2857142857142857,0.00014147702008973685,0.0003000212549983264
Q,6.171887054466903e-05,0.2857142857142857,0.00014147702008973685,0.0003000212549983264
Q,6.176461505203669e-05,0.2857142857142857,0.00014147702008973685,0.0003000212549983264
Q,6.181042741910561e-05,0.2857142857142857,0.00014147702008973685,0.0003000212549983264
Q,6.18563077969876e-05,0.2857142857142857,0.00014147702008973685,0.0003000212549983264
Q,6.19022563372435e-05,0.2857142857142857,0.00014147702008973685,0.0003000212549983264
Q,6.194827319188477e-05,0.2857142857142857,0.00014147702008973685,0.0003000212549983264
Q,6.199435851337528e-05,0.2857142857142857,0.00014147702008973685,0.0003000212549983264
Q,6.204051245463287e-05,0.2857142857142857,0.00014147702008973685,0.0003000212549983264
Q,6.208673516903114e-05,0.2857142857142857,0.00014147702008973685,0.0003000212549983264
Q,6.213302681040106e-05,0.2857142857142857,0.00014147702008973685,0.0003000212549983264
Q,6.217938753303279e-05,0.2857142857142857,0.00014147702008973685,0.0003000212549983264
Q,6.222581749167729e-05,0.2857142857142857,0.00014147702008973685,0.0003000212549983264
Q,6.227231684154809e-05,0.2857142857142857,0.00014147702008973685,0.0003000212549983264
Q,6.2318885738323e-05,0.2857142857142857,0.00014147702008973685,0.0003000212549983264
Q,6.236552433814588e-05,0.2857142857142857,0.00014147702008973685,0.0003000212549983264
Q,6.241223279762834e-05,0.2857142857142857,0.00014147702008973685,0.0003000212549983264
Q,6.246096189881324e-05,0.2857142857142857,0.00014147702008973685,0.0003000212549983264
Q,6.250781347668459e-05,0.2857142857142857,0.00014147702008973685,0.0003000212549983264
Q,6.255473539346929e-05,0.2857142857142857,0.00014147702008973685,0.0003000212549983264
Q,6.26017278076875e-05,0.2857142857142857,0.00014147702008973685,0.0003000212549983264
Q,6.264879087833605e-05,0.2857142857142857,0.00014147702008973685,0.0003000212549983264
Q,6.269592476489028e-05,0.2857142857142857,0.00014147702008973685,0.0003000212549983264
Q,6.274312962730582e-05,0.2857142857142857,0.00014147702008973685,0.0003000212549983264
Q,6.279040562602035e-05,0.2857142857142857,0.00014147702008973685,0.0003000212549983264
Q,6.283775292195552e-05,0.2857142857142857,0.00014147702008973685,0.0003000212549983264
Q,6.288517167651868e-05,0.2857142857142857,0.00014147702008973685,0.0003000212549983264
Q,6.293266205160478e-05,0.2857142857142857,0.00014147702008973685,0.0003000212549983264
Q,6.298022420959819e-05,0.2857142857142857,0.00014147702008973685,0.0003000212549983264
Q,6.302785831337451e-05,0.2857142857142857,0.00014147702008973685,0.0003000212549983264
Q,6.307556452630251e-05,0.2857142857142857,0.00014147702008973685,0.0003000212549983264
Q,6.312334301224592e-05,0.2857142857142857,0.00014147702008973685,0.0003000212549983264
Q,6.317119393556538e-05,0.2857142857142857,0.00014147702008973685,0.0003000212549983264
Q,6.321911746112024e-05,0.2857142857142857,0.00014147702008973685,0.0003000212549983264
Q,6.326911518142419e-05,0.2857142857142857,0.00014147702008973685,0.0003000212549983264
Q,6.331718745053345e-05,0.2857142857142857,0.00014147702008973685,0.0003000212549983264
Q,6.336533282641067e-05,0.2857142857142857,0.00014147702008973685,0.0003000212549983264
Q,6.341556217895871e-05,0.2857142857142857,0.00014147702008973685,0.0003000212549983264
Q,6.346385733324872e-05,0.2857142857142857,0.00014147702008973685,0.0003000212549983264
Q,6.351222610352493e-05,0.2857142857142857,0.00014147702008973685,0.0003000212549983264
Q,6.356066865823429e-05,0.2857142857142857,0.00014147702008973685,0.0003000212549983264
Q,6.360918516633803e-05,0.2857142857142857,0.00014147702008973685,0.0003000212549983264
Q,6.365777579731364e-05,0.2857142857142857,0.00014147702008973685,0.0003000212549983264
Q,6.37064407211569e-05,0.2857142857142857,0.00014147702008973685,0.0003000212549983264
Q,6.37551801083838e-05,0.2857142857142857,0.00014147702008973685,0.0003000212549983264
Q,6.380399413003254e-05,0.2857142857142857,0.00014147702008973685,0.0003000212549983264
Q,6.385288295766554e-05,0.2857142857142857,0.00014147702008973685,0.0003000212549983264
Q,6.390388855161837e-05,0.2857142857142857,0.00014147702008973685,0.0003000212549983264
Q,6.395293064304672e-05,0.2857142857142857,0.00014147702008973685,0.0003000212549983264
Q,6.40020480655381e-05,0.2857142857142857,0.00014147702008973685,0.0003000212549983264
Q,6.405329233922624e-05,0.2857142857142857,0.00014147702008973685,0.0003000212549983264
Q,6.41025641025641e-05,0.2857142857142857,0.00014147702008973685,0.0003000212549983264
Q,6.415396952686448e-05,0.2857142857142857,0.00014147702008973685,0.0003000212549983264
Q,6.420339635966743e-05,0.2857142857142857,0.00014147702008973685,0.0003000212549983264
Q,6.425289941208597e-05,0.2857142857142857,0.00014147702008973685,0.0003000212549983264
Q,6.430247886056007e-05,0.2857142857142857,0.00014147702008973685,0.0003000212549983264
Q,6.435213488207472e-05,0.2857142857142857,0.00014147702008973685,0.0003000212549983264
Q,6.440186765416197e-05,0.2857142857142857,0.00014147702008973685,0.0003000212549983264
Q,6.445167735490316e-05,0.2857142857142857,0.00014147702008973685,0.0003000212549983264
Q,6.450156416293096e-05,0.2857142857142857,0.00014147702008973685,0.0003000212549983264
Q,6.455152825743149e-05,0.2857142857142857,0.00014147702008973685,0.0003000212549983264
Q,6.460156981814658e-05,0.2857142857142857,0.00014147702008973685,0.0003000212549983264
Q,6.465168902537579e-05,0.2857142857142857,0.00014147702008973685,0.0003000212549983264
Q,6.470188605997865e-05,0.2857142857142857,0.00014147702008973685,0.0003000212549983264
Q,6.475216110337682e-05,0.2857142857142857,0.00014147702008973685,0.0003000212549983264
Q,6.48025143375563e-05,0.2857142857142857,0.00014147702008973685,0.0003000212549983264
Q,6.485294594506956e-05,0.2857142857142857,0.00014147702008973685,0.0003000212549983264
Q,6.490345610903781e-05,0.2857142857142857,0.00014147702008973685,0.0003000212549983264
Q,6.49540450131532e-05,0.2857142857142857,0.00014147702008973685,0.0003000212549983264
Q,6.500471284168102e-05,0.2857142857142857,0.00014147702008973685,0.0003000212549983264
Q,6.505545977946199e-05,0.2857142857142857,0.00014147702008973685,0.0003000212549983264
Q,6.510628601191445e-05,0.2857142857142857,0.00014147702008973685,0.0003000212549983264
Q,6.515719172503666e-05,0.2857142857142857,0.00014147702008973685,0.0003000212549983264
Q,6.520817710540902e-05,0.2857142857142857,0.00014147702008973685,0.0003000212549983264
Q,6.525924234019643e-05,0.2857142857142857,0.00014147702008973685,0.0003000212549983264
Q,6.53103876171505e-05,0.2857142857142857,0.00014147702008973685,0.0003000212549983264
Q,6.536161312461191e-05,0.2857142857142857,0.00014147702008973685,0.0003000212549983264
Q,6.541291905151267e-05,0.2857142857142857,0.00014147702008973685,0.0003000212549983264
Q,6.546430558737848e-05,0.2857142857142857,0.00014147702008973685,0.0003000212549983264
Q,6.551577292233105e-05,0.2857142857142857,0.00014147702008973685,0.0003000212549983264
Q,6.556732124709046e-05,0.2857142857142857,0.00014147702008973685,0.0003000212549983264
Q,6.561895075297747e-05,0.2857142857142857,0.00014147702008973685,0.0003000212549983264
Q,6.567066163191595e-05,0.2857142857142857,0.00014147702008973685,0.0003000212549983264
Q,6.572245407643522e-05,0.2857142857142857,0.00014147702008973685,0.0003000212549983264
Q,6.577432827967245e-05,0.2857142857142857,0.00014147702008973685,0.0003000212549983264
Q,6.582628443537505e-05,0.2857142857142857,0.00014147702008973685,0.0003000212549983264
Q,6.587832273790309e-05,0.2857142857142857,0.00014147702008973685,0.0003000212549983264
Q,6.593044338223174e-05,0.2857142857142857,0.00014147702008973685,0.0003000212549983264
Q,6.598264656395368e-05,0.2857142857142857,0.00014147702008973685,0.0003000212549983264
Q,6.603493247928155e-05,0.2857142857142857,0.00014147702008973685,0.0003000212549983264
Q,6.60873013250504e-05,0.2857142857142857,0.00014147702008973685,0.0003000212549983264
Q,6.61397532987202e-05,0.2857142857142857,0.00014147702008973685,0.0003000212549983264
Q,6.619228859837829e-05,0.2857142857142857,0.00014147702008973685,0.0003000212549983264
Q,6.624490742274187e-05,0.2857142857142857,0.00014147702008973685,0.0003000212549983264
Q,6.629760997116054e-05,0.2857142857142857,0.00014147702008973685,0.0003000212549983264
Q,6.635039644361875e-05,0.2857142857142857,0.00014147702008973685,0.0003000212549983264
Q,6.64032670407384e-05,0.2857142857142857,0.00014147702008973685,0.0003000212549983264
Q,6.645622196378135e-05,0.2857142857142857,0.00014147702008973685,0.0003000212549983264
Q,6.650926141465199e-05,0.2857142857142857,0.00014147702008973685,0.0003000212549983264
Q,6.656238559589975e-05,0.2857142857142857,0.00014147702008973685,0.0003000212549983264
Q,6.661559471072177e-05,0.2857142857142857,0.00014147702008973685,0.0003000212549983264
Q,6.666888896296543e-05,0.2857142857142857,0.00014147702008973685,0.0003000212549983264
Q,6.672226855713094e-05,0.2857142857142857,0.00014147702008973685,0.0003000212549983264
Q,6.677573369837401e-05,0.2857142857142857,0.00014147702008973685,0.0003000212549983264
Q,6.682928459250843e-05,0.2857142857142857,0.00014147702008973685,0.0003000212549983264
Q,6.688292144600876e-05,0.2857142857142857,0.00014147702008973685,0.0003000212549983264
Q,6.693664446601292e-05,0.2857142857142857,0.00014147702008973685,0.0003000212549983264
Q,6.69904538603249e-05,0.2857142857142857,0.00014147702008973685,0.0003000212549983264
Q,6.70465973851827e-05,0.2857142857142857,0.00014147702008973685,0.0003000212549983264
Q,6.710058377507885e-05,0.2857142857142857,0.00014147702008973685,0.0003000212549983264
Q,6.715465717547512e-05,0.2857142857142857,0.00014147702008973685,0.0003000212549983264
Q,6.720881779689495e-05,0.2857142857142857,0.00014147702008973685,0.0003000212549983264
Q,6.726306585054147e-05,0.2857142857142857,0.00014147702008973685,0.0003000212549983264
Q,6.731740154830023e-05,0.2857142857142857,0.00014147702008973685,0.0003000212549983264
Q,6.737182510274203e-05,0.2857142857142857,0.00014147702008973685,0.0003000212549983264
Q,6.742633672712562e-05,0.2857142857142857,0.00014147702008973685,0.0003000212549983264
Q,6.74809366354005e-05,0.2857142857142857,0.00014147702008973685,0.0003000212549983264
Q,6.753562504220977e-05,0.2857142857142857,0.00014147702008973685,0.0003000212549983264
Q,6.759040216289287e-05,0.2857142857142857,0.00014147702008973685,0.0003000212549983264
Q,6.764526821348847e-05,0.2857142857142857,0.00014147702008973685,0.0003000212549983264
Q,6.770022341073725e-05,0.2857142857142857,0.00014147702008973685,0.0003000212549983264
Q,6.775526797208483e-05,0.2857142857142857,0.00014147702008973685,0.0003000212549983264
Q,6.781040211568454e-05,0.2857142857142857,0.00014147702008973685,0.0003000212549983264
Q,6.786562606040041e-05,0.2857142857142857,0.00014147702008973685,0.0003000212549983264
Q,6.792094002580996e-05,0.2857142857142857,0.00014147702008973685,0.0003000212549983264
Q,6.797634423220719e-05,0.2857142857142857,0.00014147702008973685,0.0003000212549983264
Q,6.803183890060549e-05,0.2857142857142857,0.00014147702008973685,0.0003000212549983264
Q,6.808742425274052e-05,0.2857142857142857,0.00014147702008973685,0.0003000212549983264
Q,6.814310051107325e-05,0.2857142857142857,0.00014147702008973685,0.0003000212549983264
Q,6.819886789879289e-05,0.2857142857142857,0.00014147702008973685,0.0003000212549983264
Q,6.825472663981981e-05,0.2857142857142857,0.00014147702008973685,0.0003000212549983264
Q,6.831067695880866e-05,0.2857142857142857,0.00014147702008973685,0.0003000212549983264
Q,6.83667190811513e-05,0.2857142857142857,0.00014147702008973685,0.0003000212549983264
Q,6.842519415648842e-05,0.2857142857142857,0.00014147702008973685,0.0003000212549983264
Q,6.848376934666484e-05,0.2857142857142857,0.00014147702008973685,0.0003000212549983264
Q,6.854009595613433e-05,0.2857142857142857,0.00014147702008973685,0.0003000212549983264
Q,6.859886811867604e-05,0.2857142857142857,0.00014147702008973685,0.0003000212549983264
Q,6.865538429851361e-05,0.2857142857142857,0.00014147702008973685,0.0003000212549983264
Q,6.871199367849658e-05,0.2857142857142857,0.00014147702008973685,0.0003000212549983264
Q,6.876869648935804e-05,0.2857142857142857,0.00014147702008973685,0.0003000212549983264
Q,6.882549296259335e-05,0.2857142857142857,0.00014147702008973685,0.0003000212549983264
Q,6.888238333046323e-05,0.2857142857142857,0.00014147702008973685,0.0003000212549983264
Q,6.893936782599704e-05,0.2857142857142857,0.00014147702008973685,0.0003000212549983264
Q,6.899644668299582e-05,0.2857142857142857,0.00014147702008973685,0.0003000212549983264
Q,6.905362013603563e-05,0.2857142857142857,0.00014147702008973685,0.0003000212549983264
Q,6.911088842047065e-05,0.2857142857142857,0.00014147702008973685,0.0003000212549983264
Q,6.916825177243645e-05,0.2857142857142857,0.00014147702008973685,0.0003000212549983264
Q,6.922571042885328e-05,0.2857142857142857,0.00014147702008973685,0.0003000212549983264
Q,6.928326462742924e-05,0.2857142857142857,0.00014147702008973685,0.0003000212549983264
Q,6.934091460666366e-05,0.2857142857142857,0.00014147702008973685,0.0003000212549983264
Q,6.939866060585031e-05,0.2857142857142857,0.00014147702008973685,0.0003000212549983264
Q,6.945650286508075e-05,0.2857142857142857,0.00014147702008973685,0.0003000212549983264
Q,6.951444162524764e-05,0.2857142857142857,0.00014147702008973685,0.0003000212549983264
Q,6.957247712804815e-05,0.2857142857142857,0.00014147702008973685,0.0003000212549983264
Q,6.963060961598719e-05,0.2857142857142857,0.00014147702008973685,0.0003000212549983264
Q,6.968883933238092e-05,0.2857142857142857,0.00014147702008973685,0.0003000212549983264
Q,6.974716652136006e-05,0.2857142857142857,0.00014147702008973685,0.0003000212549983264
Q,6.980559142787338e-05,0.2857142857142857,0.00014147702008973685,0.0003000212549983264
Q,6.986411429769099e-05,0.2857142857142857,0.00014147702008973685,0.0003000212549983264
Q,6.992273537740796e-05,0.2857142857142857,0.00014147702008973685,0.0003000212549983264
Q,6.998145491444767e-05,0.2857142857142857,0.00014147702008973685,0.0003000212549983264
Q,7.004027315706531e-05,0.2857142857142857,0.00014147702008973685,0.0003000212549983264
Q,7.00991903543514e-05,0.2857142857142857,0.00014147702008973685,0.0003000212549983264
Q,7.015820675623532e-05,0.2857142857142857,0.00014147702008973685,0.0003000212549983264
Q,7.021978793624044e-05,0.2857142857142857,0.00014147702008973685,0.0003000212549983264
Q,7.028147731665319e-05,0.2857142857142857,0.00014147702008973685,0.0003000212549983264
Q,7.034080118172546e-05,0.2857142857142857,0.00014147702008973685,0.0003000212549983264
Q,7.04002252807209e-05,0.2857142857142857,0.00014147702008973685,0.0003000212549983264
Q,7.045974986788797e-05,0.2857142857142857,0.00014147702008973685,0.0003000212549983264
Q,7.051937519833575e-05,0.2857142857142857,0.00014147702008973685,0.0003000212549983264
Q,7.057910152803755e-05,0.2857142857142857,0.00014147702008973685,0.0003000212549983264
Q,7.063892911383464e-05,0.2857142857142857,0.00014147702008973685,0.0003000212549983264
Q,7.069885821343985e-05,0.2857142857142857,0.00014147702008973685,0.0003000212549983264
Q,7.075888908544135e-05,0.2857142857142857,0.00014147702008973685,0.0003000212549983264
Q,7.081902198930633e-05,0.2857142857142857,0.00014147702008973685,0.0003000212549983264
Q,7.08792571853847e-05,0.2857142857142857,0.00014147702008973685,0.0003000212549983264
Q,7.093959493491292e-05,0.2857142857142857,0.00014147702008973685,0.0003000212549983264
Q,7.100003550001775e-05,0.2857142857142857,0.00014147702008973685,0.0003000212549983264
Q,7.106057914372001e-05,0.2857142857142857,0.00014147702008973685,0.0003000212549983264
Q,7.112122612993848e-05,0.2857142857142857,0.00014147702008973685,0.0003000212549983264
Q,7.118197672349361e-05,0.2857142857142857,0.00014147702008973685,0.0003000212549983264
Q,7.12428311901115e-05,0.2857142857142857,0.00014147702008973685,0.0003000212549983264
Q,7.130378979642769e-05,0.2857142857142857,0.00014147702008973685,0.0003000212549983264
Q,7.136739937196689e-05,0.2857142857142857,0.00014147702008973685,0.0003000212549983264
Q,7.142857142857143e-05,0.2857142857142857,0.00014147702008973685,0.0003000212549983264
Q,7.148984844152131e-05,0.2857142857142857,0.00014147702008973685,0.0003000212549983264
Q,7.155123068116771e-05,0.2857142857142857,0.00014147702008973685,0.0003000212549983264
Q,7.161271841879118e-05,0.2857142857142857,0.00014147702008973685,0.0003000212549983264
Q,7.167431192660551e-05,0.2857142857142857,0.00014147702008973685,0.0003000212549983264
Q,7.173601147776183e-05,0.2857142857142857,0.00014147702008973685,0.0003000212549983264
Q,7.179781734635267e-05,0.2857142857142857,0.00014147702008973685,0.0003000212549983264
Q,7.185972980741592e-05,0.2857142857142857,0.00014147702008973685,0.0003000212549983264
Q,7.192174913693901e-05,0.2857142857142857,0.00014147702008973685,0.0003000212549983264
Q,7.198387561186294e-05,0.2857142857142857,0.00014147702008973685,0.0003000212549983264
Q,7.204610951008646e-05,0.2857142857142857,0.00014147702008973685,0.0003000212549983264
Q,7.210845111047014e-05,0.2857142857142857,0.00014147702008973685,0.0003000212549983264
Q,7.217090069284065e-05,0.2857142857142857,0.00014147702008973685,0.0003000212549983264
Q,7.223606746848702e-05,0.2857142857142857,0.00014147702008973685,0.0003000212549983264
Q,7.229873838701515e-05,0.2857142857142857,0.00014147702008973685,0.0003000212549983264
Q,7.236151814465067e-05,0.2857142857142857,0.00014147702008973685,0.0003000212549983264
Q,7.242440702516749e-05,0.2857142857142857,0.00014147702008973685,0.0003000212549983264
Q,7.24874053133268e-05,0.2857142857142857,0.00014147702008973685,0.0003000212549983264
Q,7.255051329488156e-05,0.2857142857142857,0.00014147702008973685,0.0003000212549983264
Q,7.261373125658062e-05,0.2857142857142857,0.00014147702008973685,0.0003000212549983264
Q,7.267705948617318e-05,0.2857142857142857,0.00014147702008973685,0.0003000212549983264
Q,7.274049827241317e-05,0.2857142857142857,0.00014147702008973685,0.0003000212549983264
Q,7.280404790506352e-05,0.2857142857142857,0.00014147702008973685,0.0003000212549983264
Q,7.286770867490072e-05,0.2857142857142857,0.00014147702008973685,0.0003000212549983264
Q,7.293148087371914e-05,0.2857142857142857,0.00014147702008973685,0.0003000212549983264
Q,7.299536479433556e-05,0.2857142857142857,0.00014147702008973685,0.0003000212549983264
Q,7.305936073059361e-05,0.2857142857142857,0.00014147702008973685,0.0003000212549983264
Q,7.312346897736829e-05,0.2857142857142857,0.00014147702008973685,0.0003000212549983264
Q,7.31876898305705e-05,0.2857142857142857,0.00014147702008973685,0.0003000212549983264
Q,7.32520235871516e-05,0.2857142857142857,0.00014147702008973685,0.0003000212549983264
Q,7.331647054510796e-05,0.2857142857142857,0.00014147702008973685,0.0003000212549983264
Q,7.33810310034856e-05,0.2857142857142857,0.00014147702008973685,0.0003000212549983264
Q,7.344570526238479e-05,0.2857142857142857,0.00014147702008973685,0.0003000212549983264
Q,7.351049362296468e-05,0.2857142857142857,0.00014147702008973685,0.0003000212549983264
Q,7.357539638744804e-05,0.2857142857142857,0.00014147702008973685,0.0003000212549983264
Q,7.364041385912589e-05,0.2857142857142857,0.00014147702008973685,0.0003000212549983264
Q,7.370554634236226e-05,0.2857142857142857,0.00014147702008973685,0.0003000212549983264
Q,7.377079414259895e-05,0.2857142857142857,0.00014147702008973685,0.0003000212549983264
Q,7.383615756636024e-05,0.2857142857142857,0.00014147702008973685,0.0003000212549983264
Q,7.390163692125781e-05,0.2857142857142857,0.00014147702008973685,0.0003000212549983264
Q,7.396723251599541e-05,0.2857142857142857,0.00014147702008973685,0.0003000212549983264
Q,7.403294466037386e-05,0.2857142857142857,0.00014147702008973685,0.0003000212549983264
Q,7.409877366529584e-05,0.2857142857142857,0.00014147702008973685,0.0003000212549983264
Q,7.416471984277079e-05,0.2857142857142857,0.00014147702008973685,0.0003000212549983264
Q,7.42307835059199e-05,0.2857142857142857,0.00014147702008973685,0.0003000212549983264
Q,7.429696496898102e-05,0.2857142857142857,0.00014147702008973685,0.0003000212549983264
Q,7.436326454731363e-05,0.2857142857142857,0.00014147702008973685,0.0003000212549983264
Q,7.44296825574039e-05,0.2857142857142857,0.00014147702008973685,0.0003000212549983264
Q,7.449621931686966e-05,0.2857142857142857,0.00014147702008973685,0.0003000212549983264
Q,7.456287514446557e-05,0.2857142857142857,0.00014147702008973685,0.0003000212549983264
Q,7.462965036008807e-05,0.2857142857142857,0.00014147702008973685,0.0003000212549983264
Q,7.469654528478058e-05,0.2857142857142857,0.00014147702008973685,0.0003000212549983264
Q,7.476356024073866e-05,0.2857142857142857,0.00014147702008973685,0.0003000212549983264
Q,7.483069555131515e-05,0.2857142857142857,0.00014147702008973685,0.0003000212549983264
Q,7.489795154102535e-05,0.2857142857142857,0.00014147702008973685,0.0003000212549983264
Q,7.49653285355523e-05,0.2857142857142857,0.00014147702008973685,0.0003000212549983264
Q,7.503282686175201e-05,0.2857142857142857,0.00014147702008973685,0.0003000212549983264
Q,7.510044684765874e-05,0.2857142857142857,0.00014147702008973685,0.0003000212549983264
Q,7.516818882249033e-05,0.2857142857142857,0.00014147702008973685,0.0003000212549983264
Q,7.52360531166535e-05,0.2857142857142857,0.00014147702008973685,0.0003000212549983264
Q,7.530404006174931e-05,0.2857142857142857,0.00014147702008973685,0.0003000212549983264
Q,7.537214999057848e-05,0.2857142857142857,0.00014147702008973685,0.0003000212549983264
Q,7.544038323714685e-05,0.2857142857142857,0.00014147702008973685,0.0003000212549983264
Q,7.550874013667082e-05,0.2857142857142857,0.00014147702008973685,0.0003000212549983264
Q,7.557722102558288e-05,0.2857142857142857,0.00014147702008973685,0.0003000212549983264
Q,7.564582624153713e-05,0.2857142857142857,0.00014147702008973685,0.0003000212549983264
Q,7.57174225789354e-05,0.2857142857142857,0.00014147702008973685,0.0003000212549983264
Q,7.578628268283441e-05,0.2857142857142857,0.00014147702008973685,0.0003000212549983264
Q,7.58552681483729e-05,0.2857142857142857,0.00014147702008973685,0.0003000212549983264
Q,7.592437931819907e-05,0.2857142857142857,0.00014147702008973685,0.0003000212549983264
Q,7.599361653621096e-05,0.2857142857142857,0.00014147702008973685,0.0003000212549983264
Q,7.606298014756218e-05,0.2857142857142857,0.00014147702008973685,0.0003000212549983264
Q,7.613247049866768e-05,0.2857142857142857,0.00014147702008973685,0.0003000212549983264
Q,7.620208793720948e-05,0.2857142857142857,0.00014147702008973685,0.0003000212549983264
Q,7.627183281214248e-05,0.2857142857142857,0.00014147702008973685,0.0003000212549983264
Q,7.634170547370028e-05,0.2857142857142857,0.00014147702008973685,0.0003000212549983264
Q,7.641170627340109e-05,0.2857142857142857,0.00014147702008973685,0.0003000212549983264
Q,7.648183556405354e-05,0.2857142857142857,0.00014147702008973685,0.0003000212549983264
Q,7.655209369976269e-05,0.2857142857142857,0.00014147702008973685,0.0003000212549983264
Q,7.662248103593594e-05,0.2857142857142857,0.00014147702008973685,0.0003000212549983264
Q,7.669299792928905e-05,0.2857142857142857,0.00014147702008973685,0.0003000212549983264
Q,7.676364473785215e-05,0.2857142857142857,0.00014147702008973685,0.0003000212549983264
Q,7.68344218209758e-05,0.2857142857142857,0.00014147702008973685,0.0003000212549983264
Q,7.690532953933707e-05,0.2857142857142857,0.00014147702008973685,0.0003000212549983264
Q,7.697636825494573e-05,0.2857142857142857,0.00014147702008973685,0.0003000212549983264
Q,7.704753833115032e-05,0.2857142857142857,0.00014147702008973685,0.0003000212549983264
Q,7.712181390506305e-05,0.2857142857142857,0.00014147702008973685,0.0003000212549983264
Q,7.719325330966074e-05,0.2857142857142857,0.00014147702008973685,0.0003000212549983264
Q,7.726482518833301e-05,0.2857142857142857,0.00014147702008973685,0.0003000212549983264
Q,7.733652990990294e-05,0.2857142857142857,0.00014147702008973685,0.0003000212549983264
Q,7.7408367844564e-05,0.2857142857142857,0.00014147702008973685,0.0003000212549983264
Q,7.748033936388641e-05,0.2857142857142857,0.00014147702008973685,0.0003000212549983264
Q,7.75524448408236e-05,0.2857142857142857,0.00014147702008973685,0.0003000212549983264
Q,7.76246846497186e-05,0.2857142857142857,0.00014147702008973685,0.0003000212549983264
Q,7.769705916631056e-05,0.2857142857142857,0.00014147702008973685,0.0003000212549983264
Q,7.776956876774118e-05,0.2857142857142857,0.00014147702008973685,0.0003000212549983264
Q,7.78422138325614e-05,0.2857142857142857,0.00014147702008973685,0.0003000212549983264
Q,7.791499474073786e-05,0.2857142857142857,0.00014147702008973685,0.0003000212549983264
Q,7.798791187365959e-05,0.2857142857142857,0.00014147702008973685,0.0003000212549983264
Q,7.806096561414464e-05,0.2857142857142857,0.00014147702008973685,0.0003000212549983264
Q,7.813415634644685e-05,0.2857142857142857,0.00014147702008973685,0.0003000212549983264
Q,7.820748445626246e-05,0.2857142857142857,0.00014147702008973685,0.0003000212549983264
Q,7.828095033073701e-05,0.2857142857142857,0.00014147702008973685,0.0003000212549983264
Q,7.835455435847208e-05,0.2857142857142857,0.00014147702008973685,0.0003000212549983264
Q,7.842829692953218e-05,0.2857142857142857,0.00014147702008973685,0.0003000212549983264
Q,7.850217843545158e-05,0.2857142857142857,0.00014147702008973685,0.0003000212549983264
Q,7.857619926924134e-05,0.2857142857142857,0.00014147702008973685,0.0003000212549983264
Q,7.86503598253962e-05,0.2857142857142857,0.00014147702008973685,0.0003000212549983264
Q,7.87246604999016e-05,0.2857142857142857,0.00014147702008973685,0.0003000212549983264
Q,7.879910169024073e-05,0.2857142857142857,0.00014147702008973685,0.0003000212549983264
Q,7.887368379540166e-05,0.2857142857142857,0.00014147702008973685,0.0003000212549983264
Q,7.894840721588442e-05,0.2857142857142857,0.00014147702008973685,0.0003000212549983264
Q,7.902327235370817e-05,0.2857142857142857,0.00014147702008973685,0.0003000212549983264
Q,7.909827961241843e-05,0.2857142857142857,0.00014147702008973685,0.0003000212549983264
Q,7.917342939709433e-05,0.2857142857142857,0.00014147702008973685,0.0003000212549983264
Q,7.924872211435591e-05,0.2857142857142857,0.00014147702008973685,0.0003000212549983264
Q,7.93241581723714e-05,0.2857142857142857,0.00014147702008973685,0.0003000212549983264
Q,7.939973798086467e-05,0.2857142857142857,0.00014147702008973685,0.0003000212549983264
Q,7.947546195112258e-05,0.2857142857142857,0.00014147702008973685,0.0003000212549983264
Q,7.955133049600255e-05,0.2857142857142857,0.00014147702008973685,0.0003000212549983264
Q,7.962734402993989e-05,0.2857142857142857,0.00014147702008973685,0.0003000212549983264
Q,7.970350296895549e-05,0.2857142857142857,0.00014147702008973685,0.0003000212549983264
Q,7.977980773066337e-05,0.2857142857142857,0.00014147702008973685,0.0003000212549983264
Q,7.98562587342783e-05,0.2857142857142857,0.00014147702008973685,0.0003000212549983264
Q,7.993285640062348e-05,0.2857142857142857,0.00014147702008973685,0.0003000212549983264
Q,8.000960115213825e-05,0.2857142857142857,0.00014147702008973685,0.0003000212549983264
Q,8.008649341288591e-05,0.2857142857142857,0.00014147702008973685,0.0003000212549983264
Q,8.016353360856147e-05,0.2857142857142857,0.00014147702008973685,0.0003000212549983264
Q,8.02407221664995e-05,0.2857142857142857,0.00014147702008973685,0.0003000212549983264
Q,8.03180595156821e-05,0.2857142857142857,0.00014147702008973685,0.0003000212549983264
Q,8.039554608674679e-05,0.2857142857142857,0.00014147702008973685,0.0003000212549983264
Q,8.047318231199452e-05,0.2857142857142857,0.00014147702008973685,0.0003000212549983264
Q,8.055096862539772e-05,0.2857142857142857,0.00014147702008973685,0.0003000212549983264
Q,8.062890546260835e-05,0.2857142857142857,0.00014147702008973685,0.0003000212549983264
Q,8.070699326096607e-05,0.2857142857142857,0.00014147702008973685,0.0003000212549983264
Q,8.07852324595064e-05,0.2857142857142857,0.00014147702008973685,0.0003000212549983264
Q,8.0863623498969e-05,0.2857142857142857,0.00014147702008973685,0.0003000212549983264
Q,8.094216682180583e-05,0.2857142857142857,0.00014147702008973685,0.0003000212549983264
Q,8.102086287218959e-05,0.2857142857142857,0.00014147702008973685,0.0003000212549983264
Q,8.109971209602206e-05,0.2857142857142857,0.00014147702008973685,0.0003000212549983264
Q,8.117871494094248e-05,0.2857142857142857,0.00014147702008973685,0.0003000212549983264
Q,8.125787185633608e-05,0.2857142857142857,0.00014147702008973685,0.0003000212549983264
Q,8.133718329334255e-05,0.2857142857142857,0.00014147702008973685,0.0003000212549983264
Q,8.141664970486465e-05,0.2857142857142857,0.00014147702008973685,0.0003000212549983264
Q,8.149627154557679e-05,0.2857142857142857,0.00014147702008973685,0.0003000212549983264
Q,8.157604927193376e-05,0.2857142857142857,0.00014147702008973685,0.0003000212549983264
Q,8.16559833421794e-05,0.2857142857142857,0.00014147702008973685,0.0003000212549983264
Q,8.173607421635538e-05,0.2857142857142857,0.00014147702008973685,0.0003000212549983264
Q,8.181632235631008e-05,0.2857142857142857,0.00014147702008973685,0.0003000212549983264
Q,8.189672822570739e-05,0.2857142857142857,0.00014147702008973685,0.0003000212549983264
Q,8.197729229003566e-05,0.2857142857142857,0.00014147702008973685,0.0003000212549983264
Q,8.205801501661675e-05,0.2857142857142857,0.00014147702008973685,0.0003000212549983264
Q,8.213889687461497e-05,0.2857142857142857,0.00014147702008973685,0.0003000212549983264
Q,8.221993833504625e-05,0.2857142857142857,0.00014147702008973685,0.0003000212549983264
Q,8.23011398707872e-05,0.2857142857142857,0.00014147702008973685,0.0003000212549983264
Q,8.238250195658442e-05,0.2857142857142857,0.00014147702008973685,0.0003000212549983264
Q,8.246402506906362e-05,0.2857142857142857,0.00014147702008973685,0.0003000212549983264
Q,8.254570968673903e-05,0.2857142857142857,0.00014147702008973685,0.0003000212549983264
Q,8.262755629002272e-05,0.2857142857142857,0.00014147702008973685,0.0003000212549983264
Q,8.270956536123402e-05,0.2857142857142857,0.00014147702008973685,0.0003000212549983264
Q,8.279173738460902e-05,0.2857142857142857,0.00014147702008973685,0.0003000212549983264
Q,8.287407284631003e-05,0.2857142857142857,0.00014147702008973685,0.0003000212549983264
Q,8.295657223443528e-05,0.2857142857142857,0.00014147702008973685,0.0003000212549983264
Q,8.303923603902844e-05,0.2857142857142857,0.00014147702008973685,0.0003000212549983264
Q,8.312206475208844e-05,0.2857142857142857,0.00014147702008973685,0.0003000212549983264
Q,8.320505886757915e-05,0.2857142857142857,0.00014147702008973685,0.0003000212549983264
Q,8.328821888143922e-05,0.2857142857142857,0.00014147702008973685,0.0003000212549983264
Q,8.337154529159198e-05,0.2857142857142857,0.00014147702008973685,0.0003000212549983264
Q,8.345503859795535e-05,0.2857142857142857,0.00014147702008973685,0.0003000212549983264
Q,8.353869930245185e-05,0.2857142857142857,0.00014147702008973685,0.0003000212549983264
Q,8.362252790901868e-05,0.2857142857142857,0.00014147702008973685,0.0003000212549983264
Q,8.37065249236178e-05,0.2857142857142857,0.00014147702008973685,0.0003000212549983264
Q,8.379420144126027e-05,0.2857142857142857,0.00014147702008973685,0.0003000212549983264
Q,8.387854386847844e-05,0.2857142857142857,0.00014147702008973685,0.0003000212549983264
Q,8.396305625524769e-05,0.2857142857142857,0.00014147702008973685,0.0003000212549983264
Q,8.404773911581779e-05,0.2857142857142857,0.00014147702008973685,0.0003000212549983264
Q,8.413259296651523e-05,0.2857142857142857,0.00014147702008973685,0.0003000212549983264
Q,8.421761832575375e-05,0.2857142857142857,0.00014147702008973685,0.0003000212549983264
Q,8.430281571404485e-05,0.2857142857142857,0.00014147702008973685,0.0003000212549983264
Q,8.438818565400843e-05,0.2857142857142857,0.00014147702008973685,0.0003000212549983264
Q,8.447372867038352e-05,0.2857142857142857,0.00014147702008973685,0.0003000212549983264
Q,8.455944529003889e-05,0.2857142857142857,0.00014147702008973685,0.0003000212549983264
Q,8.464533604198409e-05,0.2857142857142857,0.00014147702008973685,0.0003000212549983264
Q,8.47314014573801e-05,0.2857142857142857,0.00014147702008973685,0.0003000212549983264
Q,8.482123923830527e-05,0.2857142857142857,0.00014147702008973685,0.0003000212549983264
Q,8.490766291657822e-05,0.2857142857142857,0.00014147702008973685,0.0003000212549983264
Q,8.499426288725512e-05,0.2857142857142857,0.00014147702008973685,0.0003000212549983264
Q,8.508103969030502e-05,0.2857142857142857,0.00014147702008973685,0.0003000212549983264
Q,8.516799386790444e-05,0.2857142857142857,0.00014147702008973685,0.0003000212549983264
Q,8.525512596444861e-05,0.2857142857142857,0.00014147702008973685,0.0003000212549983264
Q,8.534243652656283e-05,0.2857142857142857,0.00014147702008973685,0.0003000212549983264
Q,8.542992610311393e-05,0.2857142857142857,0.00014147702008973685,0.0003000212549983264
Q,8.55175952452217e-05,0.2857142857142857,0.00014147702008973685,0.0003000212549983264
Q,8.56054445062706e-05,0.2857142857142857,0.00014147702008973685,0.0003000212549983264
Q,8.569347444192125e-05,0.2857142857142857,0.00014147702008973685,0.0003000212549983264
Q,8.578168561012223e-05,0.2857142857142857,0.00014147702008973685,0.0003000212549983264
Q,8.587007857112189e-05,0.2857142857142857,0.00014147702008973685,0.0003000212549983264
Q,8.595865388748012e-05,0.2857142857142857,0.00014147702008973685,0.0003000212549983264
Q,8.604741212408037e-05,0.2857142857142857,0.00014147702008973685,0.0003000212549983264
Q,8.613635384814161e-05,0.2857142857142857,0.00014147702008973685,0.0003000212549983264
Q,8.622547962923044e-05,0.2857142857142857,0.00014147702008973685,0.0003000212549983264
Q,8.631479003927323e-05,0.2857142857142857,0.00014147702008973685,0.0003000212549983264
Q,8.640428565256837e-05,0.2857142857142857,0.00014147702008973685,0.0003000212549983264
Q,8.649396704579856e-05,0.2857142857142857,0.00014147702008973685,0.0003000212549983264
Q,8.65838347980432e-05,0.2857142857142857,0.00014147702008973685,0.0003000212549983264
Q,8.66738894907909e-05,0.2857142857142857,0.00014147702008973685,0.0003000212549983264
Q,8.676413170795193e-05,0.2857142857142857,0.00014147702008973685,0.0003000212549983264
Q,8.685456203587093e-05,0.2857142857142857,0.00014147702008973685,0.0003000212549983264
Q,8.694518106333956e-05,0.2857142857142857,0.00014147702008973685,0.0003000212549983264
Q,8.70359893816093e-05,0.2857142857142857,0.00014147702008973685,0.0003000212549983264
Q,8.712698758440428e-05,0.2857142857142857,0.00014147702008973685,0.0003000212549983264
Q,8.721817626793424e-05,0.2857142857142857,0.00014147702008973685,0.0003000212549983264
Q,8.730955603090758e-05,0.2857142857142857,0.00014147702008973685,0.0003000212549983264
Q,8.740112747454443e-05,0.2857142857142857,0.00014147702008973685,0.0003000212549983264
Q,8.749289120258979e-05,0.2857142857142857,0.00014147702008973685,0.0003000212549983264
Q,8.75848478213269e-05,0.2857142857142857,0.00014147702008973685,0.0003000212549983264
Q,8.767699793959055e-05,0.2857142857142857,0.00014147702008973685,0.0003000212549983264
Q,8.776934216878044e-05,0.2857142857142857,0.00014147702008973685,0.0003000212549983264
Q,8.786188112287484e-05,0.2857142857142857,0.00014147702008973685,0.0003000212549983264
Q,8.795461541844409e-05,0.2857142857142857,0.00014147702008973685,0.0003000212549983264
Q,8.804754567466431e-05,0.2857142857142857,0.00014147702008973685,0.0003000212549983264
Q,8.814067251333127e-05,0.2857142857142857,0.00014147702008973685,0.0003000212549983264
Q,8.823399655887414e-05,0.2857142857142857,0.00014147702008973685,0.0003000212549983264
Q,8.832751843836947e-05,0.2857142857142857,0.00014147702008973685,0.0003000212549983264
Q,8.842123878155533e-05,0.2857142857142857,0.00014147702008973685,0.0003000212549983264
Q,8.851515822084532e-05,0.2857142857142857,0.00014147702008973685,0.0003000212549983264
Q,8.860927739134288e-05,0.2857142857142857,0.00014147702008973685,0.0003000212549983264
Q,8.870359693085554e-05,0.2857142857142857,0.00014147702008973685,0.0003000212549983264
Q,8.879811747990943e-05,0.2857142857142857,0.00014147702008973685,0.0003000212549983264
Q,8.889283968176363e-05,0.2857142857142857,0.00014147702008973685,0.0003000212549983264
Q,8.898776418242492e-05,0.2857142857142857,0.00014147702008973685,0.0003000212549983264
Q,8.908289163066233e-05,0.2857142857142857,0.00014147702008973685,0.0003000212549983264
Q,8.917822267802202e-05,0.2857142857142857,0.00014147702008973685,0.0003000212549983264
Q,8.927375797884212e-05,0.2857142857142857,0.00014147702008973685,0.0003000212549983264
Q,8.936949819026766e-05,0.2857142857142857,0.00014147702008973685,0.0003000212549983264
Q,8.946544397226571e-05,0.2857142857142857,0.00014147702008973685,0.0003000212549983264
Q,8.95615959876405e-05,0.2857142857142857,0.00014147702008973685,0.0003000212549983264
Q,8.965795490204868e-05,0.2857142857142857,0.00014147702008973685,0.0003000212549983264
Q,8.975452138401472e-05,0.2857142857142857,0.00014147702008973685,0.0003000212549983264
Q,8.985129610494631e-05,0.2857142857142857,0.00014147702008973685,0.0003000212549983264
Q,8.994827973914999e-05,0.2857142857142857,0.00014147702008973685,0.0003000212549983264
Q,9.004547296384674e-05,0.2857142857142857,0.00014147702008973685,0.0003000212549983264
Q,9.014287645918781e-05,0.2857142857142857,0.00014147702008973685,0.0003000212549983264
Q,9.024456276509341e-05,0.2857142857142857,0.00014147702008973685,0.0003000212549983264
Q,9.034239768723462e-05,0.2857142857142857,0.00014147702008973685,0.0003000212549983264
Q,9.044044496698923e-05,0.2857142857142857,0.00014147702008973685,0.0003000212549983264
Q,9.053870529651426e-05,0.2857142857142857,0.00014147702008973685,0.0003000212549983264
Q,9.063717937097797e-05,0.2857142857142857,0.00014147702008973685,0.0003000212549983264
Q,9.073586788857636e-05,0.2857142857142857,0.00014147702008973685,0.0003000212549983264
Q,9.083477155054956e-05,0.2857142857142857,0.00014147702008973685,0.0003000212549983264
Q,9.09338910611985e-05,0.2857142857142857,0.00014147702008973685,0.0003000212549983264
Q,9.103322712790169e-05,0.2857142857142857,0.00014147702008973685,0.0003000212549983264
Q,9.113278046113187e-05,0.2857142857142857,0.00014147702008973685,0.0003000212549983264
Q,9.123255177447313e-05,0.2857142857142857,0.00014147702008973685,0.0003000212549983264
Q,9.133254178463786e-05,0.2857142857142857,0.00014147702008973685,0.0003000212549983264
Q,9.143275121148396e-05,0.2857142857142857,0.00014147702008973685,0.0003000212549983264
Q,9.153318077803204e-05,0.2857142857142857,0.00014147702008973685,0.0003000212549983264
Q,9.163383121048291e-05,0.2857142857142857,0.00014147702008973685,0.0003000212549983264
Q,9.173470323823502e-05,0.2857142857142857,0.00014147702008973685,0.0003000212549983264
Q,9.18357975939021e-05,0.2857142857142857,0.00014147702008973685,0.0003000212549983264
Q,9.193711501333089e-05,0.2857142857142857,0.00014147702008973685,0.0003000212549983264
Q,9.203865623561896e-05,0.2857142857142857,0.00014147702008973685,0.0003000212549983264
Q,9.214042200313278e-05,0.2857142857142857,0.00014147702008973685,0.0003000212549983264
Q,9.224241306152569e-05,0.2857142857142857,0.00014147702008973685,0.0003000212549983264
Q,9.234463015975621e-05,0.2857142857142857,0.00014147702008973685,0.0003000212549983264
Q,9.244707405010632e-05,0.2857142857142857,0.00014147702008973685,0.0003000212549983264
Q,9.254974548819991e-05,0.2857142857142857,0.00014147702008973685,0.0003000212549983264
Q,9.26526452330214e-05,0.2857142857142857,0.00014147702008973685,0.0003000212549983264
Q,9.275577404693442e-05,0.2857142857142857,0.00014147702008973685,0.0003000212549983264
Q,9.285913269570062e-05,0.2857142857142857,0.00014147702008973685,0.0003000212549983264
Q,9.296272194849865e-05,0.2857142857142857,0.00014147702008973685,0.0003000212549983264
Q,9.306654257794323e-05,0.2857142857142857,0.00014147702008973685,0.0003000212549983264
Q,9.317059536010435e-05,0.2857142857142857,0.00014147702008973685,0.0003000212549983264
Q,9.327488107452663e-05,0.2857142857142857,0.00014147702008973685,0.0003000212549983264
Q,9.337940050424876e-05,0.2857142857142857,0.00014147702008973685,0.0003000212549983264
Q,9.348415443582313e-05,0.2857142857142857,0.00014147702008973685,0.0003000212549983264
Q,9.358914365933551e-05,0.2857142857142857,0.00014147702008973685,0.0003000212549983264
Q,9.3694368968425e-05,0.2857142857142857,0.00014147702008973685,0.0003000212549983264
Q,9.379983116030391e-05,0.2857142857142857,0.00014147702008973685,0.0003000212549983264
Q,9.3905531035778e-05,0.2857142857142857,0.00014147702008973685,0.0003000212549983264
Q,9.401146939926671e-05,0.2857142857142857,0.00014147702008973685,0.0003000212549983264
Q,9.411764705882353e-05,0.2857142857142857,0.00014147702008973685,0.0003000212549983264
Q,9.422406482615661e-05,0.2857142857142857,0.00014147702008973685,0.0003000212549983264
Q,9.433072351664937e-05,0.2857142857142857,0.00014147702008973685,0.0003000212549983264
Q,9.443762394938144e-05,0.2857142857142857,0.00014147702008973685,0.0003000212549983264
Q,9.454476694714947e-05,0.2857142857142857,0.00014147702008973685,0.0003000212549983264
Q,9.46521533364884e-05,0.2857142857142857,0.00014147702008973685,0.0003000212549983264
Q,9.47597839476926e-05,0.2857142857142857,0.00014147702008973685,0.0003000212549983264
Q,9.48676596148373e-05,0.2857142857142857,0.00014147702008973685,0.0003000212549983264
Q,9.497578117580017e-05,0.2857142857142857,0.00014147702008973685,0.0003000212549983264
Q,9.508414947228297e-05,0.2857142857142857,0.00014147702008973685,0.0003000212549983264
Q,9.519276534983341e-05,0.2857142857142857,0.00014147702008973685,0.0003000212549983264
Q,9.530162965786715e-05,0.2857142857142857,0.00014147702008973685,0.0003000212549983264
Q,9.541074324968991e-05,0.2857142857142857,0.00014147702008973685,0.0003000212549983264
Q,9.552010698251981e-05,0.2857142857142857,0.00014147702008973685,0.0003000212549983264
Q,9.56297217175098e-05,0.2857142857142857,0.00014147702008973685,0.0003000212549983264
Q,9.573958831977022e-05,0.2857142857142857,0.00014147702008973685,0.0003000212549983264
Q,9.584970765839164e-05,0.2857142857142857,0.00014147702008973685,0.0003000212549983264
Q,9.59600806064677e-05,0.2857142857142857,0.00014147702008973685,0.0003000212549983264
Q,9.607070804111827e-05,0.2857142857142857,0.00014147702008973685,0.0003000212549983264
Q,9.618159084351255e-05,0.2857142857142857,0.00014147702008973685,0.0003000212549983264
Q,9.629272989889263e-05,0.2857142857142857,0.00014147702008973685,0.0003000212549983264
Q,9.640412609659693e-05,0.2857142857142857,0.00014147702008973685,0.0003000212549983264
Q,9.651578033008396e-05,0.2857142857142857,0.00014147702008973685,0.0003000212549983264
Q,9.662769349695623e-05,0.2857142857142857,0.00014147702008973685,0.0003000212549983264
Q,9.673986649898423e-05,0.2857142857142857,0.00014147702008973685,0.0003000212549983264
Q,9.685230024213075e-05,0.2857142857142857,0.00014147702008973685,0.0003000212549983264
Q,9.69649956365752e-05,0.2857142857142857,0.00014147702008973685,0.0003000212549983264
Q,9.707795359673819e-05,0.2857142857142857,0.00014147702008973685,0.0003000212549983264
Q,9.719117504130625e-05,0.2857142857142857,0.00014147702008973685,0.0003000212549983264
Q,9.730466089325679e-05,0.2857142857142857,0.00014147702008973685,0.0003000212549983264
Q,9.74184120798831e-05,0.2857142857142857,0.00014147702008973685,0.0003000212549983264
Q,9.753242953281966e-05,0.2857142857142857,0.00014147702008973685,0.0003000212549983264
Q,9.764671418806757e-05,0.2857142857142857,0.00014147702008973685,0.0003000212549983264
Q,9.776126698602014e-05,0.2857142857142857,0.00014147702008973685,0.0003000212549983264
Q,9.78760888714887e-05,0.2857142857142857,0.00014147702008973685,0.0003000212549983264
Q,9.799118079372857e-05,0.2857142857142857,0.00014147702008973685,0.0003000212549983264
Q,9.810654370646523e-05,0.2857142857142857,0.00014147702008973685,0.0003000212549983264
Q,9.822217856792063e-05,0.2857142857142857,0.00014147702008973685,0.0003000212549983264
Q,9.833808634083981e-05,0.2857142857142857,0.00014147702008973685,0.0003000212549983264
Q,9.845426799251748e-05,0.2857142857142857,0.00014147702008973685,0.0003000212549983264
Q,9.857072449482504e-05,0.2857142857142857,0.00014147702008973685,0.0003000212549983264
Q,9.868745682423764e-05,0.2857142857142857,0.00014147702008973685,0.0003000212549983264
Q,9.880446596186147e-05,0.2857142857142857,0.00014147702008973685,0.0003000212549983264
Q,9.892175289346128e-05,0.2857142857142857,0.00014147702008973685,0.0003000212549983264
Q,9.903931860948797e-05,0.2857142857142857,0.00014147702008973685,0.0003000212549983264
Q,9.915716410510659e-05,0.2857142857142857,0.00014147702008973685,0.0003000212549983264
Q,9.927529038022436e-05,0.2857142857142857,0.00014147702008973685,0.0003000212549983264
Q,9.939369843951894e-05,0.2857142857142857,0.00014147702008973685,0.0003000212549983264
Q,9.95123892924669e-05,0.2857142857142857,0.00014147702008973685,0.0003000212549983264
Q,9.963136395337252e-05,0.2857142857142857,0.00014147702008973685,0.0003000212549983264
Q,9.975062344139652e-05,0.2857142857142857,0.00014147702008973685,0.0003000212549983264
Q,9.987016878058524e-05,0.2857142857142857,0.00014147702008973685,0.0003000212549983264
Q,9.99950002499875e-05,0.2857142857142857,0.00014147702008973685,0.0003000212549983264
Q,0.0001001151324022626,0.2857142857142857,0.00014147702008973685,0.0003000212549983264
Q,0.00010023555355084449,0.2857142857142857,0.00014147702008973685,0.0003000212549983264
Q,0.00010035626473982639,0.2857142857142857,0.00014147702008973685,0.0003000212549983264
Q,0.0001004772670183371,0.2857142857142857,0.00014147702008973685,0.0003000212549983264
Q,0.0001005985614405714,0.2857142857142857,0.00014147702008973685,0.0003000212549983264
Q,0.00010072014906582061,0.2857142857142857,0.00014147702008973685,0.0003000212549983264
Q,0.00010084203095850351,0.2857142857142857,0.00014147702008973685,0.0003000212549983264
Q,0.00010096420818819729,0.2857142857142857,0.00014147702008973685,0.0003000212549983264
Q,0.00010108668182966894,0.2857142857142857,0.00014147702008973685,0.0003000212549983264
Q,0.00010120945296290674,0.2857142857142857,0.00014147702008973685,0.0003000212549983264
Q,0.00010133252267315195,0.2857142857142857,0.00014147702008973685,0.0003000212549983264
Q,0.00010145589205093085,0.2857142857142857,0.00014147702008973685,0.0003000212549983264
Q,0.00010158472165786265,0.2857142857142857,0.00014147702008973685,0.0003000212549983264
Q,0.0001017087062652563,0.2857142857142857,0.00014147702008973685,0.0003000212549983264
Q,0.00010183299389002037,0.2857142857142857,0.00014147702008973685,0.0003000212549983264
Q,0.00010195758564437195,0.2857142857142857,0.00014147702008973685,0.0003000212549983264
Q,0.00010208248264597796,0.2857142857142857,0.00014147702008973685,0.0003000212549983264
Q,0.00010220768601798856,0.2857142857142857,0.00014147702008973685,0.0003000212549983264
Q,0.00010233319688907081,0.2857142857142857,0.00014147702008973685,0.0003000212549983264
Q,0.00010245901639344262,0.2857142857142857,0.00014147702008973685,0.0003000212549983264
Q,0.00010258514567090685,0.2857142857142857,0.00014147702008973685,0.0003000212549983264
Q,0.00010271158586688578,0.2857142857142857,0.00014147702008973685,0.0003000212549983264
Q,0.00010283833813245579,0.2857142857142857,0.00014147702008973685,0.0003000212549983264
Q,0.00010296540362438221,0.2857142857142857,0.00014147702008973685,0.0003000212549983264
Q,0.00010309278350515464,0.2857142857142857,0.00014147702008973685,0.0003000212549983264
Q,0.00010322047894302229,0.2857142857142857,0.00014147702008973685,0.0003000212549983264
Q,0.00010334849111202976,0.2857142857142857,0.00014147702008973685,0.0003000212549983264
Q,0.00010347682119205298,0.2857142857142857,0.00014147702008973685,0.0003000212549983264
Q,0.00010361083769362275,0.2857142857142857,0.00014147702008973685,0.0003000212549983264
Q,0.00010373982053011048,0.2857142857142857,0.00014147702008973685,0.0003000212549983264
Q,0.0001038691249026227,0.2857142857142857,0.00014147702008973685,0.0003000212549983264
Q,0.00010399875201497582,0.2857142857142857,0.00014147702008973685,0.0003000212549983264
Q,0.00010412870307700318,0.2857142857142857,0.00014147702008973685,0.0003000212549983264
Q,0.00010425897930459261,0.2857142857142857,0.00014147702008973685,0.0003000212549983264
Q,0.00010438958191972441,0.2857142857142857,0.00014147702008973685,0.0003000212549983264
Q,0.00010452051215050954,0.2857142857142857,0.00014147702008973685,0.0003000212549983264
Q,0.00010465177123122809,0.2857142857142857,0.00014147702008973685,0.0003000212549983264
Q,0.00010478336040236811,0.2857142857142857,0.00014147702008973685,0.0003000212549983264
Q,0.00010491528091066464,0.2857142857142857,0.00014147702008973685,0.0003000212549983264
Q,0.00010504753400913914,0.2857142857142857,0.00014147702008973685,0.0003000212549983264
Q,0.0001051801209571391,0.2857142857142857,0.00014147702008973685,0.0003000212549983264
Q,0.00010531304302037807,0.2857142857142857,0.00014147702008973685,0.0003000212549983264
Q,0.0001054463014709759,0.2857142857142857,0.00014147702008973685,0.0003000212549983264
Q,0.00010558547143912998,0.2857142857142857,0.00014147702008973685,0.0003000212549983264
Q,0.0001057194206575748,0.2857142857142857,0.00014147702008973685,0.0003000212549983264
Q,0.00010585371017254155,0.2857142857142857,0.00014147702008973685,0.0003000212549983264
Q,0.00010598834128245893,0.2857142857142857,0.00014147702008973685,0.0003000212549983264
Q,0.00010612331529236973,0.2857142857142857,0.00014147702008973685,0.0003000212549983264
Q,0.00010625863351397301,0.2857142857142857,0.00014147702008973685,0.0003000212549983264
Q,0.00010639429726566656,0.2857142857142857,0.00014147702008973685,0.0003000212549983264
Q,0.00010653030787258975,0.2857142857142857,0.00014147702008973685,0.0003000212549983264
Q,0.00010666666666666667,0.2857142857142857,0.00014147702008973685,0.0003000212549983264
Q,0.00010680337498664957,0.2857142857142857,0.00014147702008973685,0.0003000212549983264
Q,0.00010694043417816276,0.2857142857142857,0.00014147702008973685,0.0003000212549983264
Q,0.00010707784559374665,0.2857142857142857,0.00014147702008973685,0.0003000212549983264
Q,0.00010721561059290233,0.2857142857142857,0.00014147702008973685,0.0003000212549983264
Q,0.00010735373054213633,0.2857142857142857,0.00014147702008973685,0.0003000212549983264
Q,0.00010749220681500591,0.2857142857142857,0.00014147702008973685,0.0003000212549983264
Q,0.00010763104079216446,0.2857142857142857,0.00014147702008973685,0.0003000212549983264
Q,0.00010777023386140747,0.2857142857142857,0.00014147702008973685,0.0003000212549983264
Q,0.00010790978741771878,0.2857142857142857,0.00014147702008973685,0.0003000212549983264
Q,0.00010804970286331713,0.2857142857142857,0.00014147702008973685,0.0003000212549983264
Q,0.00010818998160770312,0.2857142857142857,0.00014147702008973685,0.0003000212549983264
Q,0.00010833062506770663,0.2857142857142857,0.00014147702008973685,0.0003000212549983264
Q,0.00010847163466753444,0.2857142857142857,0.00014147702008973685,0.0003000212549983264
Q,0.0001086130118388183,0.2857142857142857,0.00014147702008973685,0.0003000212549983264
Q,0.0001087547580206634,0.2857142857142857,0.00014147702008973685,0.0003000212549983264
Q,0.00010889687465969727,0.2857142857142857,0.00014147702008973685,0.0003000212549983264
Q,0.00010903936321011885,0.2857142857142857,0.00014147702008973685,0.0003000212549983264
Q,0.00010918222513374823,0.2857142857142857,0.00014147702008973685,0.0003000212549983264
Q,0.00010932546190007652,0.2857142857142857,0.00014147702008973685,0.0003000212549983264
Q,0.00010946907498631637,0.2857142857142857,0.00014147702008973685,0.0003000212549983264
Q,0.00010961306587745259,0.2857142857142857,0.00014147702008973685,0.0003000212549983264
Q,0.0001097574360662935,0.2857142857142857,0.00014147702008973685,0.0003000212549983264
Q,0.00010990218705352236,0.2857142857142857,0.00014147702008973685,0.0003000212549983264
Q,0.00011004732034774953,0.2857142857142857,0.00014147702008973685,0.0003000212549983264
Q,0.00011019283746556474,0.2857142857142857,0.00014147702008973685,0.0003000212549983264
Q,0.00011033873993158998,0.2857142857142857,0.00014147702008973685,0.0003000212549983264
Q,0.00011048502927853276,0.2857142857142857,0.00014147702008973685,0.0003000212549983264
Q,0.00011063170704723974,0.2857142857142857,0.00014147702008973685,0.0003000212549983264
Q,0.00011078491109510885,0.2857142857142857,0.00014147702008973685,0.0003000212549983264
Q,0.00011093238671030007,0.2857142857142857,0.00014147702008973685,0.0003000212549983264
Q,0.00011108025548458761,0.2857142857142857,0.00014147702008973685,0.0003000212549983264
Q,0.00011122851899226962,0.2857142857142857,0.00014147702008973685,0.0003000212549983264
Q,0.00011137717881606059,0.2857142857142857,0.00014147702008973685,0.0003000212549983264
Q,0.00011152623654714772,0.2857142857142857,0.00014147702008973685,0.0003000212549983264
Q,0.00011167569378524764,0.2857142857142857,0.00014147702008973685,0.0003000212549983264
Q,0.00011182555213866368,0.2857142857142857,0.00014147702008973685,0.0003000212549983264
Q,0.00011197581322434354,0.2857142857142857,0.00014147702008973685,0.0003000212549983264
Q,0.00011212647866793743,0.2857142857142857,0.00014147702008973685,0.0003000212549983264
Q,0.00011228385358185493,0.2857142857142857,0.00014147702008973685,0.0003000212549983264
Q,0.00011243534967393749,0.2857142857142857,0.00014147702008973685,0.0003000212549983264
Q,0.00011258725512272011,0.2857142857142857,0.00014147702008973685,0.0003000212549983264
Q,0.00011273957158962796,0.2857142857142857,0.00014147702008973685,0.0003000212549983264
Q,0.00011289230074508918,0.2857142857142857,0.00014147702008973685,0.0003000212549983264
Q,0.00011304544426859598,0.2857142857142857,0.00014147702008973685,0.0003000212549983264
Q,0.00011319900384876613,0.2857142857142857,0.00014147702008973685,0.0003000212549983264
Q,0.00011335298118340512,0.2857142857142857,0.00014147702008973685,0.0003000212549983264
Q,0.00011350737797956867,0.2857142857142857,0.00014147702008973685,0.0003000212549983264
Q,0.00011366219595362583,0.2857142857142857,0.00014147702008973685,0.0003000212549983264
Q,0.00011381743683132256,0.2857142857142857,0.00014147702008973685,0.0003000212549983264
Q,0.00011397310234784591,0.2857142857142857,0.00014147702008973685,0.0003000212549983264
Q,0.00011412919424788861,0.2857142857142857,0.00014147702008973685,0.0003000212549983264
Q,0.00011428571428571428,0.2857142857142857,0.00014147702008973685,0.0003000212549983264
Q,0.00011444266422522316,0.2857142857142857,0.00014147702008973685,0.0003000212549983264
Q,0.00011460004584001834,0.2857142857142857,0.00014147702008973685,0.0003000212549983264
Q,0.00011475786091347258,0.2857142857142857,0.00014147702008973685,0.0003000212549983264
Q,0.00011491611123879568,0.2857142857142857,0.00014147702008973685,0.0003000212549983264
Q,0.00011507479861910241,0.2857142857142857,0.00014147702008973685,0.0003000212549983264
Q,0.00011523392486748098,0.2857142857142857,0.00014147702008973685,0.0003000212549983264
Q,0.00011539349180706209,0.2857142857142857,0.00014147702008973685,0.0003000212549983264
Q,0.00011555350127108852,0.2857142857142857,0.00014147702008973685,0.0003000212549983264
Q,0.00011571395510298542,0.2857142857142857,0.00014147702008973685,0.0003000212549983264
Q,0.00011587485515643106,0.2857142857142857,0.00014147702008973685,0.0003000212549983264
Q,0.00011603620329542818,0.2857142857142857,0.00014147702008973685,0.0003000212549983264
Q,0.00011619800139437602,0.2857142857142857,0.00014147702008973685,0.0003000212549983264
Q,0.00011636025133814289,0.2857142857142857,0.00014147702008973685,0.0003000212549983264
Q,0.00011652295502213937,0.2857142857142857,0.00014147702008973685,0.0003000212549983264
Q,0.00011668611435239207,0.2857142857142857,0.00014147702008973685,0.0003000212549983264
Q,0.00011684973124561814,0.2857142857142857,0.00014147702008973685,0.0003000212549983264
Q,0.00011701380762930026,0.2857142857142857,0.00014147702008973685,0.0003000212549983264
Q,5.858917272088118e-05,0.14285714285714285,0.00014147702008973685,0.0003000212549983264
Q,5.867167331612298e-05,0.14285714285714285,0.00014147702008973685,0.0003000212549983264
Q,5.8754406580493536e-05,0.14285714285714285,0.00014147702008973685,0.0003000212549983264
Q,5.8837373499646975e-05,0.14285714285714285,0.00014147702008973685,0.0003000212549983264
Q,5.8920575064812635e-05,0.14285714285714285,0.00014147702008973685,0.0003000212549983264
Q,5.900401227283455e-05,0.14285714285714285,0.00014147702008973685,0.0003000212549983264
Q,5.90876861262113e-05,0.14285714285714285,0.00014147702008973685,0.0003000212549983264
Q,5.9171597633136094e-05,0.14285714285714285,0.00014147702008973685,0.0003000212549983264
Q,5.925574780753733e-05,0.14285714285714285,0.00014147702008973685,0.0003000212549983264
Q,5.9340137669119395e-05,0.14285714285714285,0.00014147702008973685,0.0003000212549983264
Q,5.942476824340385e-05,0.14285714285714285,0.00014147702008973685,0.0003000212549983264
Q,5.950964056177101e-05,0.14285714285714285,0.00014147702008973685,0.0003000212549983264
Q,5.959475566150179e-05,0.14285714285714285,0.00014147702008973685,0.0003000212549983264
Q,5.9680114585820004e-05,0.14285714285714285,0.00014147702008973685,0.0003000212549983264
Q,5.9765718383934975e-05,0.14285714285714285,0.00014147702008973685,0.0003000212549983264
Q,5.985156811108451e-05,0.14285714285714285,0.00014147702008973685,0.0003000212549983264
Q,5.9937664828578277e-05,0.14285714285714285,0.00014147702008973685,0.0003000212549983264
Q,6.002400960384154e-05,0.14285714285714285,0.00014147702008973685,0.0003000212549983264
Q,6.0110603510459244e-05,0.14285714285714285,0.00014147702008973685,0.0003000212549983264
Q,6.019744762822056e-05,0.14285714285714285,0.00014147702008973685,0.0003000212549983264
Q,6.0284543043163735e-05,0.14285714285714285,0.00014147702008973685,0.0003000212549983264
Q,6.037189084762135e-05,0.14285714285714285,0.00014147702008973685,0.0003000212549983264
Q,6.0459492140266024e-05,0.14285714285714285,0.00014147702008973685,0.0003000212549983264
Q,6.054734802615645e-05,0.14285714285714285,0.00014147702008973685,0.0003000212549983264
Q,6.063545961678389e-05,0.14285714285714285,0.00014147702008973685,0.0003000212549983264
Q,6.072382803011902e-05,0.14285714285714285,0.00014147702008973685,0.0003000212549983264
Q,6.081245439065921e-05,0.14285714285714285,0.00014147702008973685,0.0003000212549983264
Q,6.090133982947625e-05,0.14285714285714285,0.00014147702008973685,0.0003000212549983264
Q,6.0990485484264454e-05,0.14285714285714285,0.00014147702008973685,0.0003000212549983264
Q,6.10798924993892e-05,0.14285714285714285,0.00014147702008973685,0.0003000212549983264
Q,6.116956202593589e-05,0.14285714285714285,0.00014147702008973685,0.0003000212549983264
Q,6.126324817741837e-05,0.14285714285714285,0.00014147702008973685,0.0003000212549983264
Q,6.135345726731701e-05,0.14285714285714285,0.00014147702008973685,0.0003000212549983264
Q,6.144393241167435e-05,0.14285714285714285,0.00014147702008973685,0.0003000212549983264
Q,6.153467478924374e-05,0.14285714285714285,0.00014147702008973685,0.0003000212549983264
Q,6.162568558575214e-05,0.14285714285714285,0.00014147702008973685,0.0003000212549983264
Q,6.171696599395174e-05,0.14285714285714285,0.00014147702008973685,0.0003000212549983264
Q,6.180851721367204e-05,0.14285714285714285,0.00014147702008973685,0.0003000212549983264
Q,6.190034045187249e-05,0.14285714285714285,0.00014147702008973685,0.0003000212549983264
Q,6.199243692269544e-05,0.14285714285714285,0.00014147702008973685,0.0003000212549983264
Q,6.208480784751971e-05,0.14285714285714285,0.00014147702008973685,0.0003000212549983264
Q,6.21774544550146e-05,0.14285714285714285,0.00014147702008973685,0.0003000212549983264
Q,6.227037798119434e-05,0.14285714285714285,0.00014147702008973685,0.0003000212549983264
Q,6.236357966947302e-05,0.14285714285714285,0.00014147702008973685,0.0003000212549983264
Q,6.245706077072014e-05,0.14285714285714285,0.00014147702008973685,0.0003000212549983264
Q,6.255082254331645e-05,0.14285714285714285,0.00014147702008973685,0.0003000212549983264
Q,6.264486625321055e-05,0.14285714285714285,0.00014147702008973685,0.0003000212549983264
Q,6.273919317397578e-05,0.14285714285714285,0.00014147702008973685,0.0003000212549983264
Q,6.283380458686774e-05,0.14285714285714285,0.00014147702008973685,0.0003000212549983264
Q,6.292870178088226e-05,0.14285714285714285,0.00014147702008973685,0.0003000212549983264
Q,6.302388605281402e-05,0.14285714285714285,0.00014147702008973685,0.0003000212549983264
Q,6.311935870731554e-05,0.14285714285714285,0.00014147702008973685,0.0003000212549983264
Q,6.321512105695683e-05,0.14285714285714285,0.00014147702008973685,0.0003000212549983264
Q,6.331117442228554e-05,0.14285714285714285,0.00014147702008973685,0.0003000212549983264
Q,6.340752013188764e-05,0.14285714285714285,0.00014147702008973685,0.0003000212549983264
Q,6.350415952244872e-05,0.14285714285714285,0.00014147702008973685,0.0003000212549983264
Q,6.360109393881575e-05,0.14285714285714285,0.00014147702008973685,0.0003000212549983264
Q,6.369832473405949e-05,0.14285714285714285,0.00014147702008973685,0.0003000212549983264
Q,6.379585326953749e-05,0.14285714285714285,0.00014147702008973685,0.0003000212549983264
Q,6.389368091495751e-05,0.14285714285714285,0.00014147702008973685,0.0003000212549983264
Q,6.399590426212723e-05,0.14285714285714285,0.00014147702008973685,0.0003000212549983264
Q,6.409845522722902e-05,0.14285714285714285,0.00014147702008973685,0.0003000212549983264
Q,6.41972138409193e-05,0.14285714285714285,0.00014147702008973685,0.0003000212549983264
Q,6.429627724554748e-05,0.14285714285714285,0.00014147702008973685,0.0003000212549983264
Q,6.439564685427266e-05,0.14285714285714285,0.00014147702008973685,0.0003000212549983264
Q,6.449532408900354e-05,0.14285714285714285,0.00014147702008973685,0.0003000212549983264
Q,6.459531038046638e-05,0.14285714285714285,0.00014147702008973685,0.0003000212549983264
Q,6.469560716827328e-05,0.14285714285714285,0.00014147702008973685,0.0003000212549983264
Q,6.479621590099139e-05,0.14285714285714285,0.00014147702008973685,0.0003000212549983264
Q,6.48971380362126e-05,0.14285714285714285,0.00014147702008973685,0.0003000212549983264
Q,6.499837504062398e-05,0.14285714285714285,0.00014147702008973685,0.0003000212549983264
Q,6.509992839007877e-05,0.14285714285714285,0.00014147702008973685,0.0003000212549983264
Q,6.520179956966813e-05,0.14285714285714285,0.00014147702008973685,0.0003000212549983264
Q,6.53039900737935e-05,0.14285714285714285,0.00014147702008973685,0.0003000212549983264
Q,6.540650140623977e-05,0.14285714285714285,0.00014147702008973685,0.0003000212549983264
Q,6.550933508024893e-05,0.14285714285714285,0.00014147702008973685,0.0003000212549983264
Q,6.561249261859458e-05,0.14285714285714285,0.00014147702008973685,0.0003000212549983264
Q,6.571597555365709e-05,0.14285714285714285,0.00014147702008973685,0.0003000212549983264
Q,6.58197854274995e-05,0.14285714285714285,0.00014147702008973685,0.0003000212549983264
Q,6.592392379194409e-05,0.14285714285714285,0.00014147702008973685,0.0003000212549983264
Q,6.602839220864973e-05,0.14285714285714285,0.00014147702008973685,0.0003000212549983264
Q,6.613319224918987e-05,0.14285714285714285,0.00014147702008973685,0.0003000212549983264
Q,6.623832549513148e-05,0.14285714285714285,0.00014147702008973685,0.0003000212549983264
Q,6.63437935381145e-05,0.14285714285714285,0.00014147702008973685,0.0003000212549983264
Q,6.644959797993223e-05,0.14285714285714285,0.00014147702008973685,0.0003000212549983264
Q,6.65557404326123e-05,0.14285714285714285,0.00014147702008973685,0.0003000212549983264
Q,6.666222251849876e-05,0.14285714285714285,0.00014147702008973685,0.0003000212549983264
Q,6.676904587033452e-05,0.14285714285714285,0.00014147702008973685,0.0003000212549983264
Q,6.687621213134488e-05,0.14285714285714285,0.00014147702008973685,0.0003000212549983264
Q,6.698372295532186e-05,0.14285714285714285,0.00014147702008973685,0.0003000212549983264
Q,6.709158000670916e-05,0.14285714285714285,0.00014147702008973685,0.0003000212549983264
Q,6.719978496068813e-05,0.14285714285714285,0.00014147702008973685,0.0003000212549983264
Q,6.730833950326445e-05,0.14285714285714285,0.00014147702008973685,0.0003000212549983264
Q,6.741724533135576e-05,0.14285714285714285,0.00014147702008973685,0.0003000212549983264
Q,6.752650415288001e-05,0.14285714285714285,0.00014147702008973685,0.0003000212549983264
Q,6.763611768684478e-05,0.14285714285714285,0.00014147702008973685,0.0003000212549983264
Q,6.774608766343743e-05,0.14285714285714285,0.00014147702008973685,0.0003000212549983264
Q,6.785641582411617e-05,0.14285714285714285,0.00014147702008973685,0.0003000212549983264
Q,6.79671039217019e-05,0.14285714285714285,0.00014147702008973685,0.0003000212549983264
Q,6.80781537204711e-05,0.14285714285714285,0.00014147702008973685,0.0003000212549983264
Q,6.818956699624957e-05,0.14285714285714285,0.00014147702008973685,0.0003000212549983264
Q,6.830134553650706e-05,0.14285714285714285,0.00014147702008973685,0.0003000212549983264
Q,6.84134911404529e-05,0.14285714285714285,0.00014147702008973685,0.0003000212549983264
Q,6.852600561913247e-05,0.14285714285714285,0.00014147702008973685,0.0003000212549983264
Q,6.863889079552475e-05,0.14285714285714285,0.00014147702008973685,0.0003000212549983264
Q,6.875214850464078e-05,0.14285714285714285,0.00014147702008973685,0.0003000212549983264
Q,6.886578059362302e-05,0.14285714285714285,0.00014147702008973685,0.0003000212549983264
Q,6.897978892184589e-05,0.14285714285714285,0.00014147702008973685,0.0003000212549983264
Q,6.909417536101706e-05,0.14285714285714285,0.00014147702008973685,0.0003000212549983264
Q,6.920894179527995e-05,0.14285714285714285,0.00014147702008973685,0.0003000212549983264
Q,6.932409012131716e-05,0.14285714285714285,0.00014147702008973685,0.0003000212549983264
Q,6.943962224845496e-05,0.14285714285714285,0.00014147702008973685,0.0003000212549983264
Q,6.955554009876887e-05,0.14285714285714285,0.00014147702008973685,0.0003000212549983264
Q,6.967184560719014e-05,0.14285714285714285,0.00014147702008973685,0.0003000212549983264
Q,6.978854072161351e-05,0.14285714285714285,0.00014147702008973685,0.0003000212549983264
Q,6.990562740300595e-05,0.14285714285714285,0.00014147702008973685,0.0003000212549983264
Q,7.002310762551643e-05,0.14285714285714285,0.00014147702008973685,0.0003000212549983264
Q,7.014098337658694e-05,0.14285714285714285,0.00014147702008973685,0.0003000212549983264
Q,7.025925665706457e-05,0.14285714285714285,0.00014147702008973685,0.0003000212549983264
Q,7.037792948131466e-05,0.14285714285714285,0.00014147702008973685,0.0003000212549983264
Q,7.049700387733522e-05,0.14285714285714285,0.00014147702008973685,0.0003000212549983264
Q,7.06164818868724e-05,0.14285714285714285,0.00014147702008973685,0.0003000212549983264
Q,7.073636556553724e-05,0.14285714285714285,0.00014147702008973685,0.0003000212549983264
Q,7.085665698292355e-05,0.14285714285714285,0.00014147702008973685,0.0003000212549983264
Q,7.097735822272695e-05,0.14285714285714285,0.00014147702008973685,0.0003000212549983264
Q,7.109847138286527e-05,0.14285714285714285,0.00014147702008973685,0.0003000212549983264
Q,7.121999857560003e-05,0.14285714285714285,0.00014147702008973685,0.0003000212549983264
Q,7.134194192765928e-05,0.14285714285714285,0.00014147702008973685,0.0003000212549983264
Q,7.14643035803616e-05,0.14285714285714285,0.00014147702008973685,0.0003000212549983264
Q,7.158708568974158e-05,0.14285714285714285,0.00014147702008973685,0.0003000212549983264
Q,7.171029042667623e-05,0.14285714285714285,0.00014147702008973685,0.0003000212549983264
Q,7.183391997701315e-05,0.14285714285714285,0.00014147702008973685,0.0003000212549983264
Q,7.195797654169965e-05,0.14285714285714285,0.00014147702008973685,0.0003000212549983264
Q,7.208246233691343e-05,0.14285714285714285,0.00014147702008973685,0.0003000212549983264
Q,7.220737959419453e-05,0.14285714285714285,0.00014147702008973685,0.0003000212549983264
Q,7.233273056057866e-05,0.14285714285714285,0.00014147702008973685,0.0003000212549983264
Q,7.245851749873198e-05,0.14285714285714285,0.00014147702008973685,0.0003000212549983264
Q,7.258474268708717e-05,0.14285714285714285,0.00014147702008973685,0.0003000212549983264
Q,7.271140841998109e-05,0.14285714285714285,0.00014147702008973685,0.0003000212549983264
Q,7.283851700779372e-05,0.14285714285714285,0.00014147702008973685,0.0003000212549983264
Q,7.296607077708865e-05,0.14285714285714285,0.00014147702008973685,0.0003000212549983264
Q,7.309407207075506e-05,0.14285714285714285,0.00014147702008973685,0.0003000212549983264
Q,7.322252324815113e-05,0.14285714285714285,0.00014147702008973685,0.0003000212549983264
Q,7.335142668524903e-05,0.14285714285714285,0.00014147702008973685,0.0003000212549983264
Q,7.34807847747814e-05,0.14285714285714285,0.00014147702008973685,0.0003000212549983264
Q,7.36105999263894e-05,0.14285714285714285,0.00014147702008973685,0.0003000212549983264
Q,7.374087456677236e-05,0.14285714285714285,0.00014147702008973685,0.0003000212549983264
Q,7.387706855791962e-05,0.14285714285714285,0.00014147702008973685,0.0003000212549983264
Q,7.400828892835997e-05,0.14285714285714285,0.00014147702008973685,0.0003000212549983264
Q,7.414547341884777e-05,0.14285714285714285,0.00014147702008973685,0.0003000212549983264
Q,7.427764985515858e-05,0.14285714285714285,0.00014147702008973685,0.0003000212549983264
Q,7.441029838529652e-05,0.14285714285714285,0.00014147702008973685,0.0003000212549983264
Q,7.454342154304882e-05,0.14285714285714285,0.00014147702008973685,0.0003000212549983264
Q,7.467702188036741e-05,0.14285714285714285,0.00014147702008973685,0.0003000212549983264
Q,7.481110196753198e-05,0.14285714285714285,0.00014147702008973685,0.0003000212549983264
Q,7.494566439331484e-05,0.14285714285714285,0.00014147702008973685,0.0003000212549983264
Q,7.508071176514753e-05,0.14285714285714285,0.00014147702008973685,0.0003000212549983264
Q,7.521624670928921e-05,0.14285714285714285,0.00014147702008973685,0.0003000212549983264
Q,7.535227187099691e-05,0.14285714285714285,0.00014147702008973685,0.0003000212549983264
Q,7.548878991469766e-05,0.14285714285714285,0.00014147702008973685,0.0003000212549983264
Q,7.562580352416244e-05,0.14285714285714285,0.00014147702008973685,0.0003000212549983264
Q,7.576331540268203e-05,0.14285714285714285,0.00014147702008973685,0.0003000212549983264
Q,7.590132827324479e-05,0.14285714285714285,0.00014147702008973685,0.0003000212549983264
Q,7.603984487871645e-05,0.14285714285714285,0.00014147702008973685,0.0003000212549983264
Q,7.617886798202179e-05,0.14285714285714285,0.00014147702008973685,0.0003000212549983264
Q,7.631840036632832e-05,0.14285714285714285,0.00014147702008973685,0.0003000212549983264
Q,7.645844483523205e-05,0.14285714285714285,0.00014147702008973685,0.0003000212549983264
Q,7.659900421294524e-05,0.14285714285714285,0.00014147702008973685,0.0003000212549983264
Q,7.674008134448623e-05,0.14285714285714285,0.00014147702008973685,0.0003000212549983264
Q,7.688167909587145e-05,0.14285714285714285,0.00014147702008973685,0.0003000212549983264
Q,7.702380035430948e-05,0.14285714285714285,0.00014147702008973685,0.0003000212549983264
Q,7.716644802839726e-05,0.14285714285714285,0.00014147702008973685,0.0003000212549983264
Q,7.730962504831851e-05,0.14285714285714285,0.00014147702008973685,0.0003000212549983264
Q,7.745933384972889e-05,0.14285714285714285,0.00014147702008973685,0.0003000212549983264
Q,7.760360080707745e-05,0.14285714285714285,0.00014147702008973685,0.0003000212549983264
Q,7.774840615767377e-05,0.14285714285714285,0.00014147702008973685,0.0003000212549983264
Q,7.789375292101573e-05,0.14285714285714285,0.00014147702008973685,0.0003000212549983264
Q,7.803964413922273e-05,0.14285714285714285,0.00014147702008973685,0.0003000212549983264
Q,7.818608287724784e-05,0.14285714285714285,0.00014147702008973685,0.0003000212549983264
Q,7.833307222309259e-05,0.14285714285714285,0.00014147702008973685,0.0003000212549983264
Q,7.848061528802385e-05,0.14285714285714285,0.00014147702008973685,0.0003000212549983264
Q,7.862871520679352e-05,0.14285714285714285,0.00014147702008973685,0.0003000212549983264
Q,7.877737513786041e-05,0.14285714285714285,0.00014147702008973685,0.0003000212549983264
Q,7.892659826361483e-05,0.14285714285714285,0.00014147702008973685,0.0003000212549983264
Q,7.907638779060572e-05,0.14285714285714285,0.00014147702008973685,0.0003000212549983264
Q,7.922674694977024e-05,0.14285714285714285,0.00014147702008973685,0.0003000212549983264
Q,7.937767899666614e-05,0.14285714285714285,0.00014147702008973685,0.0003000212549983264
Q,7.95291872117067e-05,0.14285714285714285,0.00014147702008973685,0.0003000212549983264
Q,7.968127490039841e-05,0.14285714285714285,0.00014147702008973685,0.0003000212549983264
Q,7.983394539358135e-05,0.14285714285714285,0.00014147702008973685,0.0003000212549983264
Q,7.998720204767237e-05,0.14285714285714285,0.00014147702008973685,0.0003000212549983264
Q,8.014104824491104e-05,0.14285714285714285,0.00014147702008973685,0.0003000212549983264
Q,8.029548739360848e-05,0.14285714285714285,0.00014147702008973685,0.0003000212549983264
Q,8.045052292839903e-05,0.14285714285714285,0.00014147702008973685,0.0003000212549983264
Q,8.060615831049492e-05,0.14285714285714285,0.00014147702008973685,0.0003000212549983264
Q,8.076239702794379e-05,0.14285714285714285,0.00014147702008973685,0.0003000212549983264
Q,8.09192425958893e-05,0.14285714285714285,0.00014147702008973685,0.0003000212549983264
Q,8.107669855683477e-05,0.14285714285714285,0.00014147702008973685,0.0003000212549983264
Q,8.123476848090982e-05,0.14285714285714285,0.00014147702008973685,0.0003000212549983264
Q,8.139345596614032e-05,0.14285714285714285,0.00014147702008973685,0.0003000212549983264
Q,8.155276463872126e-05,0.14285714285714285,0.00014147702008973685,0.0003000212549983264
Q,8.171269815329302e-05,0.14285714285714285,0.00014147702008973685,0.0003000212549983264
Q,8.18732601932209e-05,0.14285714285714285,0.00014147702008973685,0.0003000212549983264
Q,8.203445447087777e-05,0.14285714285714285,0.00014147702008973685,0.0003000212549983264
Q,8.21962847279303e-05,0.14285714285714285,0.00014147702008973685,0.0003000212549983264
Q,8.235875473562839e-05,0.14285714285714285,0.00014147702008973685,0.0003000212549983264
Q,8.252186829509821e-05,0.14285714285714285,0.00014147702008973685,0.0003000212549983264
Q,8.26856292376385e-05,0.14285714285714285,0.00014147702008973685,0.0003000212549983264
Q,8.285004142502072e-05,0.14285714285714285,0.00014147702008973685,0.0003000212549983264
Q,8.301510874979246e-05,0.14285714285714285,0.00014147702008973685,0.0003000212549983264
Q,8.318083513558476e-05,0.14285714285714285,0.00014147702008973685,0.0003000212549983264
Q,8.33472245374229e-05,0.14285714285714285,0.00014147702008973685,0.0003000212549983264
Q,8.351428094204109e-05,0.14285714285714285,0.00014147702008973685,0.0003000212549983264
Q,8.368200836820084e-05,0.14285714285714285,0.00014147702008973685,0.0003000212549983264
Q,8.385041086701326e-05,0.14285714285714285,0.00014147702008973685,0.0003000212549983264
Q,8.401949252226517e-05,0.14285714285714285,0.00014147702008973685,0.0003000212549983264
Q,8.418925745074928e-05,0.14285714285714285,0.00014147702008973685,0.0003000212549983264
Q,8.435970980259827e-05,0.14285714285714285,0.00014147702008973685,0.0003000212549983264
Q,8.4530853761623e-05,0.14285714285714285,0.00014147702008973685,0.0003000212549983264
Q,8.470269354565475e-05,0.14285714285714285,0.00014147702008973685,0.0003000212549983264
Q,8.487523340689187e-05,0.14285714285714285,0.00014147702008973685,0.0003000212549983264
Q,8.504847763225038e-05,0.14285714285714285,0.00014147702008973685,0.0003000212549983264
Q,8.52224305437191e-05,0.14285714285714285,0.00014147702008973685,0.0003000212549983264
Q,8.539709649871905e-05,0.14285714285714285,0.00014147702008973685,0.0003000212549983264
Q,8.557247989046722e-05,0.14285714285714285,0.00014147702008973685,0.0003000212549983264
Q,8.574858514834505e-05,0.14285714285714285,0.00014147702008973685,0.0003000212549983264
Q,8.592541673827119e-05,0.14285714285714285,0.00014147702008973685,0.0003000212549983264
Q,8.610297916307904e-05,0.14285714285714285,0.00014147702008973685,0.0003000212549983264
Q,8.628127696289905e-05,0.14285714285714285,0.00014147702008973685,0.0003000212549983264
Q,8.646031471554557e-05,0.14285714285714285,0.00014147702008973685,0.0003000212549983264
Q,8.664009703690868e-05,0.14285714285714285,0.00014147702008973685,0.0003000212549983264
Q,8.682062858135092e-05,0.14285714285714285,0.00014147702008973685,0.0003000212549983264
Q,8.700191404210893e-05,0.14285714285714285,0.00014147702008973685,0.0003000212549983264
Q,8.71839581517001e-05,0.14285714285714285,0.00014147702008973685,0.0003000212549983264
Q,8.736676568233443e-05,0.14285714285714285,0.00014147702008973685,0.0003000212549983264
Q,8.755034144633164e-05,0.14285714285714285,0.00014147702008973685,0.0003000212549983264
Q,8.773469029654326e-05,0.14285714285714285,0.00014147702008973685,0.0003000212549983264
Q,8.791981712678038e-05,0.14285714285714285,0.00014147702008973685,0.0003000212549983264
Q,8.81057268722467e-05,0.14285714285714285,0.00014147702008973685,0.0003000212549983264
Q,8.829242450997704e-05,0.14285714285714285,0.00014147702008973685,0.0003000212549983264
Q,8.847991505928154e-05,0.14285714285714285,0.00014147702008973685,0.0003000212549983264
Q,8.866820358219543e-05,0.14285714285714285,0.00014147702008973685,0.0003000212549983264
Q,8.885729518393461e-05,0.14285714285714285,0.00014147702008973685,0.0003000212549983264
Q,8.904719501335708e-05,0.14285714285714285,0.00014147702008973685,0.0003000212549983264
Q,8.92379082634303e-05,0.14285714285714285,0.00014147702008973685,0.0003000212549983264
Q,8.942944017170452e-05,0.14285714285714285,0.00014147702008973685,0.0003000212549983264
Q,8.962179602079225e-05,0.14285714285714285,0.00014147702008973685,0.0003000212549983264
Q,8.981498113885396e-05,0.14285714285714285,0.00014147702008973685,0.0003000212549983264
Q,9.000900090009e-05,0.14285714285714285,0.00014147702008973685,0.0003000212549983264
Q,9.020386072523904e-05,0.14285714285714285,0.00014147702008973685,0.0003000212549983264
Q,9.03995660820828e-05,0.14285714285714285,0.00014147702008973685,0.0003000212549983264
Q,9.05961224859576e-05,0.14285714285714285,0.00014147702008973685,0.0003000212549983264
Q,9.079353550027238e-05,0.14285714285714285,0.00014147702008973685,0.0003000212549983264
Q,9.099181073703367e-05,0.14285714285714285,0.00014147702008973685,0.0003000212549983264
Q,9.119095385737735e-05,0.14285714285714285,0.00014147702008973685,0.0003000212549983264
Q,9.139097057210747e-05,0.14285714285714285,0.00014147702008973685,0.0003000212549983264
Q,9.159186664224217e-05,0.14285714285714285,0.00014147702008973685,0.0003000212549983264
Q,9.179364787956673e-05,0.14285714285714285,0.00014147702008973685,0.0003000212549983264
Q,9.19963201471941e-05,0.14285714285714285,0.00014147702008973685,0.0003000212549983264
Q,9.219988936013277e-05,0.14285714285714285,0.00014147702008973685,0.0003000212549983264
Q,9.240436148586214e-05,0.14285714285714285,0.00014147702008973685,0.0003000212549983264
Q,9.260974254491573e-05,0.14285714285714285,0.00014147702008973685,0.0003000212549983264
Q,9.281603861147207e-05,0.14285714285714285,0.00014147702008973685,0.0003000212549983264
Q,9.302325581395348e-05,0.14285714285714285,0.00014147702008973685,0.0003000212549983264
Q,9.323140033563304e-05,0.14285714285714285,0.00014147702008973685,0.0003000212549983264
Q,9.344047841524949e-05,0.14285714285714285,0.00014147702008973685,0.0003000212549983264
Q,9.365049634763064e-05,0.14285714285714285,0.00014147702008973685,0.0003000212549983264
Q,9.386146048432514e-05,0.14285714285714285,0.00014147702008973685,0.0003000212549983264
Q,9.407337723424271e-05,0.14285714285714285,0.00014147702008973685,0.0003000212549983264
Q,9.428625306430322e-05,0.14285714285714285,0.00014147702008973685,0.0003000212549983264
Q,9.45000945000945e-05,0.14285714285714285,0.00014147702008973685,0.0003000212549983264
Q,9.471490812653911e-05,0.14285714285714285,0.00014147702008973685,0.0003000212549983264
Q,9.493070058857034e-05,0.14285714285714285,0.00014147702008973685,0.0003000212549983264
Q,9.514747859181732e-05,0.14285714285714285,0.00014147702008973685,0.0003000212549983264
Q,9.536524890329964e-05,0.14285714285714285,0.00014147702008973685,0.0003000212549983264
Q,9.558401835213153e-05,0.14285714285714285,0.00014147702008973685,0.0003000212549983264
Q,9.580379383023568e-05,0.14285714285714285,0.00014147702008973685,0.0003000212549983264
Q,9.602458229306702e-05,0.14285714285714285,0.00014147702008973685,0.0003000212549983264
Q,9.624639076034648e-05,0.14285714285714285,0.00014147702008973685,0.0003000212549983264
Q,9.646922631680494e-05,0.14285714285714285,0.00014147702008973685,0.0003000212549983264
Q,9.669309611293753e-05,0.14285714285714285,0.00014147702008973685,0.0003000212549983264
Q,9.691800736576855e-05,0.14285714285714285,0.00014147702008973685,0.0003000212549983264
Q,9.714396735962697e-05,0.14285714285714285,0.00014147702008973685,0.0003000212549983264
Q,9.737098344693281e-05,0.14285714285714285,0.00014147702008973685,0.0003000212549983264
Q,9.759906304899473e-05,0.14285714285714285,0.00014147702008973685,0.0003000212549983264
Q,9.782821365681862e-05,0.14285714285714285,0.00014147702008973685,0.0003000212549983264
Q,9.805844283192783e-05,0.14285714285714285,0.00014147702008973685,0.0003000212549983264
Q,9.828975820719482e-05,0.14285714285714285,0.00014147702008973685,0.0003000212549983264
Q,9.852216748768474e-05,0.14285714285714285,0.00014147702008973685,0.0003000212549983264
Q,9.875567845151097e-05,0.14285714285714285,0.00014147702008973685,0.0003000212549983264
Q,9.899029895070283e-05,0.14285714285714285,0.00014147702008973685,0.0003000212549983264
Q,9.922603691208574e-05,0.14285714285714285,0.00014147702008973685,0.0003000212549983264
Q,9.946290033817386e-05,0.14285714285714285,0.00014147702008973685,0.0003000212549983264
Q,9.970089730807577e-05,0.14285714285714285,0.00014147702008973685,0.0003000212549983264
Q,9.994003597841295e-05,0.14285714285714285,0.00014147702008973685,0.0003000212549983264
Q,0.00010018032458425165,0.14285714285714285,0.00014147702008973685,0.0003000212549983264
Q,0.0001004217714400482,0.14285714285714285,0.00014147702008973685,0.0003000212549983264
Q,0.00010066438494060802,0.14285714285714285,0.00014147702008973685,0.0003000212549983264
Q,0.00010090817356205853,0.14285714285714285,0.00014147702008973685,0.0003000212549983264
Q,0.00010115314586283633,0.14285714285714285,0.00014147702008973685,0.0003000212549983264
Q,0.00010139931048468871,0.14285714285714285,0.00014147702008973685,0.0003000212549983264
Q,0.00010164667615368977,0.14285714285714285,0.00014147702008973685,0.0003000212549983264
Q,0.00010189525168127165,0.14285714285714285,0.00014147702008973685,0.0003000212549983264
Q,0.00010214504596527068,0.14285714285714285,0.00014147702008973685,0.0003000212549983264
Q,0.00010239606799098914,0.14285714285714285,0.00014147702008973685,0.0003000212549983264
Q,0.00010264832683227263,0.14285714285714285,0.00014147702008973685,0.0003000212549983264
Q,0.00010290183165260341,0.14285714285714285,0.00014147702008973685,0.0003000212549983264
Q,0.00010315659170621003,0.14285714285714285,0.00014147702008973685,0.0003000212549983264
Q,0.00010341261633919338,0.14285714285714285,0.00014147702008973685,0.0003000212549983264
Q,0.00010366991499066971,0.14285714285714285,0.00014147702008973685,0.0003000212549983264
Q,0.00010392849719393057,0.14285714285714285,0.00014147702008973685,0.0003000212549983264
Q,0.00010418837257762034,0.14285714285714285,0.00014147702008973685,0.0003000212549983264
Q,0.00010444955086693127,0.14285714285714285,0.00014147702008973685,0.0003000212549983264
Q,0.00010471204188481675,0.14285714285714285,0.00014147702008973685,0.0003000212549983264
Q,0.00010497585555322275,0.14285714285714285,0.00014147702008973685,0.0003000212549983264
Q,0.00010524100189433803,0.14285714285714285,0.00014147702008973685,0.0003000212549983264
Q,0.00010550749103186326,0.14285714285714285,0.00014147702008973685,0.0003000212549983264
Q,0.00010577533319229955,0.14285714285714285,0.00014147702008973685,0.0003000212549983264
Q,0.00010604453870625662,0.14285714285714285,0.00014147702008973685,0.0003000212549983264
Q,0.00010631511800978098,0.14285714285714285,0.00014147702008973685,0.0003000212549983264
Q,0.00010658708164570453,0.14285714285714285,0.00014147702008973685,0.0003000212549983264
Q,0.00010686044026501389,0.14285714285714285,0.00014147702008973685,0.0003000212549983264
Q,0.00010713520462824084,0.14285714285714285,0.00014147702008973685,0.0003000212549983264
Q,0.00010741138560687433,0.14285714285714285,0.00014147702008973685,0.0003000212549983264
Q,0.00010768899418479432,0.14285714285714285,0.00014147702008973685,0.0003000212549983264
Q,0.00010796804145972792,0.14285714285714285,0.00014147702008973685,0.0003000212549983264
Q,0.00010824853864472829,0.14285714285714285,0.00014147702008973685,0.0003000212549983264
Q,0.00010853049706967658,0.14285714285714285,0.00014147702008973685,0.0003000212549983264
Q,0.0001088139281828074,0.14285714285714285,0.00014147702008973685,0.0003000212549983264
Q,0.00010909884355225835,0.14285714285714285,0.00014147702008973685,0.0003000212549983264
Q,0.0001093972213105787,0.14285714285714285,0.00014147702008973685,0.0003000212549983264
Q,0.00010968520346605243,0.14285714285714285,0.00014147702008973685,0.0003000212549983264
Q,0.00010997470581766194,0.14285714285714285,0.00014147702008973685,0.0003000212549983264
Q,0.00011026574043444702,0.14285714285714285,0.00014147702008973685,0.0003000212549983264
Q,0.0001105583195135434,0.14285714285714285,0.00014147702008973685,0.0003000212549983264
Q,0.00011085245538188671,0.14285714285714285,0.00014147702008973685,0.0003000212549983264
Q,0.00011114816049794375,0.14285714285714285,0.00014147702008973685,0.0003000212549983264
Q,0.00011144544745347152,0.14285714285714285,0.00014147702008973685,0.0003000212549983264
Q,0.00011174432897530451,0.14285714285714285,0.00014147702008973685,0.0003000212549983264
Q,0.00011204481792717087,0.14285714285714285,0.00014147702008973685,0.0003000212549983264
Q,0.00011234692731153803,0.14285714285714285,0.00014147702008973685,0.0003000212549983264
Q,0.00011265067027148812,0.14285714285714285,0.00014147702008973685,0.0003000212549983264
Q,0.00011295606009262397,0.14285714285714285,0.00014147702008973685,0.0003000212549983264
Q,0.00011326311020500623,0.14285714285714285,0.00014147702008973685,0.0003000212549983264
Q,0.00011357183418512209,0.14285714285714285,0.00014147702008973685,0.0003000212549983264
Q,0.00011388224575788635,0.14285714285714285,0.00014147702008973685,0.0003000212549983264
Q,0.00011419435879867534,0.14285714285714285,0.00014147702008973685,0.0003000212549983264
Q,0.00011450818733539448,0.14285714285714285,0.00014147702008973685,0.0003000212549983264
Q,0.00011482374555057986,0.14285714285714285,0.00014147702008973685,0.0003000212549983264
Q,0.00011514104778353483,0.14285714285714285,0.00014147702008973685,0.0003000212549983264
Q,0.00011546010853250202,0.14285714285714285,0.00014147702008973685,0.0003000212549983264
Q,0.0001157809424568716,0.14285714285714285,0.00014147702008973685,0.0003000212549983264
Q,0.00011610356437942645,0.14285714285714285,0.00014147702008973685,0.0003000212549983264
Q,0.00011642798928862498,0.14285714285714285,0.00014147702008973685,0.0003000212549983264
Q,0.00011675423234092235,0.14285714285714285,0.00014147702008973685,0.0003000212549983264
Q,0.00011708230886313078,0.14285714285714285,0.00014147702008973685,0.0003000212549983264
Q,0.00011741223435481978,0.14285714285714285,0.00014147702008973685,0.0003000212549983264
Q,0.0001177440244907571,0.14285714285714285,0.00014147702008973685,0.0003000212549983264
Q,0.0001180776951233912,0.14285714285714285,0.00014147702008973685,0.0003000212549983264
Q,0.00011841326228537596,0.14285714285714285,0.00014147702008973685,0.0003000212549983264
Q,0.00011875074219213871,0.14285714285714285,0.00014147702008973685,0.0003000212549983264
Q,0.00011910433539780847,0.14285714285714285,0.00014147702008973685,0.0003000212549983264
Q,0.00011944577161968466,0.14285714285714285,0.00014147702008973685,0.0003000212549983264
Q,0.00011978917105893628,0.14285714285714285,0.00014147702008973685,0.0003000212549983264
Q,0.0001201345506967804,0.14285714285714285,0.00014147702008973685,0.0003000212549983264
Q,0.00012048192771084337,0.14285714285714285,0.00014147702008973685,0.0003000212549983264
Q,0.0001208313194780087,0.14285714285714285,0.00014147702008973685,0.0003000212549983264
Q,0.0001211827435773146,0.14285714285714285,0.00014147702008973685,0.0003000212549983264
Q,0.00012153621779290228,0.14285714285714285,0.00014147702008973685,0.0003000212549983264
Q,0.00012189176011701609,0.14285714285714285,0.00014147702008973685,0.0003000212549983264
Q,0.00012224938875305622,0.14285714285714285,0.00014147702008973685,0.0003000212549983264
Q,0.00012260912211868564,0.14285714285714285,0.00014147702008973685,0.0003000212549983264
Q,0.00012297097884899163,0.14285714285714285,0.00014147702008973685,0.0003000212549983264
Q,0.000123334977799704,0.14285714285714285,0.00014147702008973685,0.0003000212549983264
Q,0.00012370113805047008,0.14285714285714285,0.00014147702008973685,0.0003000212549983264
Q,0.00012406947890818859,0.14285714285714285,0.00014147702008973685,0.0003000212549983264
Q,0.00012444001991040318,0.14285714285714285,0.00014147702008973685,0.0003000212549983264
Q,0.00012481278082875687,0.14285714285714285,0.00014147702008973685,0.0003000212549983264
Q,0.00012518778167250875,0.14285714285714285,0.00014147702008973685,0.0003000212549983264
Q,0.00012556504269211453,0.14285714285714285,0.00014147702008973685,0.0003000212549983264
Q,0.00012594458438287153,0.14285714285714285,0.00014147702008973685,0.0003000212549983264
Q,0.00012632642748863063,0.14285714285714285,0.00014147702008973685,0.0003000212549983264
Q,0.00012671059300557527,0.14285714285714285,0.00014147702008973685,0.0003000212549983264
Q,0.00012709710218607016,0.14285714285714285,0.00014147702008973685,0.0003000212549983264
Q,0.00012748597654258032,0.14285714285714285,0.00014147702008973685,0.0003000212549983264
Q,0.0001278772378516624,0.14285714285714285,0.00014147702008973685,0.0003000212549983264
Q,0.00012827090815802975,0.14285714285714285,0.00014147702008973685,0.0003000212549983264
Q,0.00012866700977869275,0.14285714285714285,0.00014147702008973685,0.0003000212549983264
Q,0.00012906556530717606,0.14285714285714285,0.00014147702008973685,0.0003000212549983264
Q,0.0001294665976178146,0.14285714285714285,0.00014147702008973685,0.0003000212549983264
Q,0.000129886998311469,0.14285714285714285,0.00014147702008973685,0.0003000212549983264
Q,0.0001302931596091205,0.14285714285714285,0.00014147702008973685,0.0003000212549983264
Q,0.00013070186903672723,0.14285714285714285,0.00014147702008973685,0.0003000212549983264
Q,0.0001311131506490101,0.14285714285714285,0.00014147702008973685,0.0003000212549983264
Q,0.00013152702880441932,0.14285714285714285,0.00014147702008973685,0.0003000212549983264
Q,0.00013194352816994325,0.14285714285714285,0.00014147702008973685,0.0003000212549983264
Q,0.00013236267372600927,0.14285714285714285,0.00014147702008973685,0.0003000212549983264
Q,0.0001327844907714779,0.14285714285714285,0.00014147702008973685,0.0003000212549983264
Q,0.0001332090049287332,0.14285714285714285,0.00014147702008973685,0.0003000212549983264
Q,0.00013363624214887077,0.14285714285714285,0.00014147702008973685,0.0003000212549983264
Q,0.0001340662287169862,0.14285714285714285,0.00014147702008973685,0.0003000212549983264
Q,0.00013449899125756557,0.14285714285714285,0.00014147702008973685,0.0003000212549983264
Q,0.00013493455673998112,0.14285714285714285,0.00014147702008973685,0.0003000212549983264
Q,0.0001353729524840937,0.14285714285714285,0.00014147702008973685,0.0003000212549983264
Q,0.00013581420616596497,0.14285714285714285,0.00014147702008973685,0.0003000212549983264
Q,0.0001362583458236817,0.14285714285714285,0.00014147702008973685,0.0003000212549983264
Q,0.0001367053998632946,0.14285714285714285,0.00014147702008973685,0.0003000212549983264
Q,0.0001371553970648745,0.14285714285714285,0.00014147702008973685,0.0003000212549983264
Q,0.0001376083665886886,0.14285714285714285,0.00014147702008973685,0.0003000212549983264
Q,0.00013806433798149937,0.14285714285714285,0.00014147702008973685,0.0003000212549983264
Q,0.00013852334118298935,0.14285714285714285,0.00014147702008973685,0.0003000212549983264
Q,0.0001389854065323141,0.14285714285714285,0.00014147702008973685,0.0003000212549983264
Q,0.00013945056477478735,0.14285714285714285,0.00014147702008973685,0.0003000212549983264
Q,0.00013991884706870015,0.14285714285714285,0.00014147702008973685,0.0003000212549983264
Q,0.00014040999719180006,0.14285714285714285,0.00014147702008973685,0.0003000212549983264
Q,0.00014088475626937165,0.14285714285714285,0.00014147702008973685,0.0003000212549983264
Q,0.0001413627367825841,0.14285714285714285,0.00014147702008973685,0.0003000212549983264
Q,0.00014184397163120567,0.14285714285714285,0.00014147702008973685,0.0003000212549983264
Q,0.00014232849416453175,0.14285714285714285,0.00014147702008973685,0.0003000212549983264
Q,0.00014281633818908883,0.14285714285714285,0.00014147702008973685,0.0003000212549983264
Q,0.00014330753797649757,0.14285714285714285,0.00014147702008973685,0.0003000212549983264
Q,0.0001438021282714984,0.14285714285714285,0.00014147702008973685,0.0003000212549983264
Q,0.0001443001443001443,0.14285714285714285,0.00014147702008973685,0.0003000212549983264
Q,0.0001448016217781639,0.14285714285714285,0.00014147702008973685,0.0003000212549983264
Q,0.00014530659691950015,0.14285714285714285,0.00014147702008973685,0.0003000212549983264
Q,0.00014581510644502772,0.14285714285714285,0.00014147702008973685,0.0003000212549983264
Q,0.0001463271875914545,0.14285714285714285,0.00014147702008973685,0.0003000212549983264
Q,0.00014684287812041116,0.14285714285714285,0.00014147702008973685,0.0003000212549983264
Q,0.00014736221632773356,0.14285714285714285,0.00014147702008973685,0.0003000212549983264
Q,0.0001478852410529429,0.14285714285714285,0.00014147702008973685,0.0003000212549983264
Q,0.00014841199168892847,0.14285714285714285,0.00014147702008973685,0.0003000212549983264
Q,0.00014894250819183795,0.14285714285714285,0.00014147702008973685,0.0003000212549983264
Q,0.00014947683109118088,0.14285714285714285,0.00014147702008973685,0.0003000212549983264
Q,0.00015001500150015003,0.14285714285714285,0.00014147702008973685,0.0003000212549983264
Q,0.00015055706112616682,0.14285714285714285,0.00014147702008973685,0.0003000212549983264
Q,0.0001511030522816561,0.14285714285714285,0.00014147702008973685,0.0003000212549983264
Q,0.00015165301789505612,0.14285714285714285,0.00014147702008973685,0.0003000212549983264
Q,0.00015220700152207003,0.14285714285714285,0.00014147702008973685,0.0003000212549983264
Q,0.00015276504735716468,0.14285714285714285,0.00014147702008973685,0.0003000212549983264
Q,0.00015332720024532353,0.14285714285714285,0.00014147702008973685,0.0003000212549983264
Q,0.0001538935056940597,0.14285714285714285,0.00014147702008973685,0.0003000212549983264
Q,0.00015446400988569664,0.14285714285714285,0.00014147702008973685,0.0003000212549983264
Q,0.0001550387596899225,0.14285714285714285,0.00014147702008973685,0.0003000212549983264
Q,0.0001556178026766262,0.14285714285714285,0.00014147702008973685,0.0003000212549983264
Q,0.00015620118712902218,0.14285714285714285,0.00014147702008973685,0.0003000212549983264
Q,0.00015678896205707118,0.14285714285714285,0.00014147702008973685,0.0003000212549983264
Q,0.00015738117721120554,0.14285714285714285,0.00014147702008973685,0.0003000212549983264
Q,0.0001579778830963665,0.14285714285714285,0.00014147702008973685,0.0003000212549983264
Q,0.0001585791309863622,0.14285714285714285,0.00014147702008973685,0.0003000212549983264
Q,0.0001591849729385546,0.14285714285714285,0.00014147702008973685,0.0003000212549983264
Q,0.00015979546180888463,0.14285714285714285,0.00014147702008973685,0.0003000212549983264
Q,0.00016043638697256537,0.14285714285714285,0.00014147702008973685,0.0003000212549983264
Q,0.00016105653084232566,0.14285714285714285,0.00014147702008973685,0.0003000212549983264
Q,0.00016168148746968473,0.14285714285714285,0.00014147702008973685,0.0003000212549983264
Q,0.00016231131309852296,0.14285714285714285,0.00014147702008973685,0.0003000212549983264
Q,0.00016294606485253382,0.14285714285714285,0.00014147702008973685,0.0003000212549983264
Q,0.0001635858007524947,0.14285714285714285,0.00014147702008973685,0.0003000212549983264
Q,0.000164257555847569,0.14285714285714285,0.00014147702008973685,0.0003000212549983264
Q,0.00016490765171503957,0.14285714285714285,0.00014147702008973685,0.0003000212549983264
Q,0.00016556291390728477,0.14285714285714285,0.00014147702008973685,0.0003000212549983264
Q,0.00016622340425531914,0.14285714285714285,0.00014147702008973685,0.0003000212549983264
Q,0.00016688918558077436,0.14285714285714285,0.00014147702008973685,0.0003000212549983264
Q,0.0001675603217158177,0.14285714285714285,0.00014147702008973685,0.0003000212549983264
Q,0.00016823687752355316,0.14285714285714285,0.00014147702008973685,0.0003000212549983264
Q,0.00016891891891891893,0.14285714285714285,0.00014147702008973685,0.0003000212549983264
Q,0.00016960651289009497,0.14285714285714285,0.00014147702008973685,0.0003000212549983264
Q,0.00017029972752043596,0.14285714285714285,0.00014147702008973685,0.0003000212549983264
Q,0.0001709986320109439,0.14285714285714285,0.00014147702008973685,0.0003000212549983264
Q,0.00017170329670329672,0.14285714285714285,0.00014147702008973685,0.0003000212549983264
Q,0.00017241379310344826,0.14285714285714285,0.00014147702008973685,0.0003000212549983264
Q,0.00017313019390581717,0.14285714285714285,0.00014147702008973685,0.0003000212549983264
Q,0.00017385257301808066,0.14285714285714285,0.00014147702008973685,0.0003000212549983264
Q,0.00017458100558659218,0.14285714285714285,0.00014147702008973685,0.0003000212549983264
Q,0.0001753155680224404,0.14285714285714285,0.00014147702008973685,0.0003000212549983264
Q,0.00017605633802816902,0.14285714285714285,0.00014147702008973685,0.0003000212549983264
Q,0.00017683465959328028,0.14285714285714285,0.00014147702008973685,0.0003000212549983264
Q,0.0001775883502042266,0.14285714285714285,0.00014147702008973685,0.0003000212549983264
Q,0.00017834849295523454,0.14285714285714285,0.00014147702008973685,0.0003000212549983264
Q,0.00017911517105498835,0.14285714285714285,0.00014147702008973685,0.0003000212549983264
Q,0.00017988846914912754,0.14285714285714285,0.00014147702008973685,0.0003000212549983264
Q,0.0001806684733514002,0.14285714285714285,0.00014147702008973685,0.0003000212549983264
Q,0.00018145527127563056,0.14285714285714285,0.00014147702008973685,0.0003000212549983264
Q,0.00018224895206852561,0.14285714285714285,0.00014147702008973685,0.0003000212549983264
Q,0.00018304960644334616,0.14285714285714285,0.00014147702008973685,0.0003000212549983264
Q,0.00018385732671446958,0.14285714285714285,0.00014147702008973685,0.0003000212549983264
Q,0.00018467220683287164,0.14285714285714285,0.00014147702008973685,0.0003000212549983264
Q,0.0001854943424225561,0.14285714285714285,0.00014147702008973685,0.0003000212549983264
Q,0.0001863238308179616,0.14285714285714285,0.00014147702008973685,0.0003000212549983264
Q,0.00018716077110237696,0.14285714285714285,0.00014147702008973685,0.0003000212549983264
Q,0.00018800526414739614,0.14285714285714285,0.00014147702008973685,0.0003000212549983264
Q,0.00018885741265344664,0.14285714285714285,0.00014147702008973685,0.0003000212549983264
Q,0.00018971732119142478,0.14285714285714285,0.00014147702008973685,0.0003000212549983264
Q,0.0001905850962454736,0.14285714285714285,0.00014147702008973685,0.0003000212549983264
Q,0.00019146084625694046,0.14285714285714285,0.00014147702008973685,0.0003000212549983264
Q,0.00019234468166955183,0.14285714285714285,0.00014147702008973685,0.0003000212549983264
Q,0.0001932367149758454,0.14285714285714285,0.00014147702008973685,0.0003000212549983264
Q,0.00019413706076490002,0.14285714285714285,0.00014147702008973685,0.0003000212549983264
Q,0.0001950458357714063,0.14285714285714285,0.00014147702008973685,0.0003000212549983264
Q,0.0001959631589261219,0.14285714285714285,0.00014147702008973685,0.0003000212549983264
Q,0.00019688915140775743,0.14285714285714285,0.00014147702008973685,0.0003000212549983264
Q,0.00019782393669634025,0.14285714285714285,0.00014147702008973685,0.0003000212549983264
Q,0.00019876764062810574,0.14285714285714285,0.00014147702008973685,0.0003000212549983264
Q,0.00019972039145196724,0.14285714285714285,0.00014147702008973685,0.0003000212549983264
Q,0.0002006823198876179,0.14285714285714285,0.00014147702008973685,0.0003000212549983264
Q,0.00020165355918531962,0.14285714285714285,0.00014147702008973685,0.0003000212549983264
Q,0.00020263424518743666,0.14285714285714285,0.00014147702008973685,0.0003000212549983264
Q,0.00020362451639177357,0.14285714285714285,0.00014147702008973685,0.0003000212549983264
Q,0.0002046245140167792,0.14285714285714285,0.00014147702008973685,0.0003000212549983264
Q,0.00020563438206868187,0.14285714285714285,0.00014147702008973685,0.0003000212549983264
Q,0.00020665426741062204,0.14285714285714285,0.00014147702008973685,0.0003000212549983264
Q,0.00020768431983385254,0.14285714285714285,0.00014147702008973685,0.0003000212549983264
Q,0.0002087246921310791,0.14285714285714285,0.00014147702008973685,0.0003000212549983264
Q,0.00020977554017201594,0.14285714285714285,0.00014147702008973685,0.0003000212549983264
Q,0.0002108370229812355,0.14285714285714285,0.00014147702008973685,0.0003000212549983264
Q,0.00021190930281839374,0.14285714285714285,0.00014147702008973685,0.0003000212549983264
Q,0.00021299254526091586,0.14285714285714285,0.00014147702008973685,0.0003000212549983264
Q,0.00021408691928923143,0.14285714285714285,0.00014147702008973685,0.0003000212549983264
Q,0.00021519259737465033,0.14285714285714285,0.00014147702008973685,0.0003000212549983264
Q,0.00021630975556997622,0.14285714285714285,0.00014147702008973685,0.0003000212549983264
Q,0.00021743857360295715,0.14285714285714285,0.00014147702008973685,0.0003000212549983264
Q,0.0002185792349726776,0.14285714285714285,0.00014147702008973685,0.0003000212549983264
Q,0.00021973192704900023,0.14285714285714285,0.00014147702008973685,0.0003000212549983264
Q,0.0002208968411751712,0.14285714285714285,0.00014147702008973685,0.0003000212549983264
Q,0.00022207417277370642,0.14285714285714285,0.00014147702008973685,0.0003000212549983264
Q,0.00022326412145568208,0.14285714285714285,0.00014147702008973685,0.0003000212549983264
Q,0.0002244668911335578,0.14285714285714285,0.00014147702008973685,0.0003000212549983264
Q,0.00022568269013766644,0.14285714285714285,0.00014147702008973685,0.0003000212549983264
Q,0.0002269117313365101,0.14285714285714285,0.00014147702008973685,0.0003000212549983264
Q,0.00022815423226100844,0.14285714285714285,0.00014147702008973685,0.0003000212549983264
Q,0.00022941041523285156,0.14285714285714285,0.00014147702008973685,0.0003000212549983264
Q,0.0002306805074971165,0.14285714285714285,0.00014147702008973685,0.0003000212549983264
Q,0.00023196474135931338,0.14285714285714285,0.00014147702008973685,0.0003000212549983264
Q,0.00023326335432703523,0.14285714285714285,0.00014147702008973685,0.0003000212549983264
Q,0.0002345765892563922,0.14285714285714285,0.00014147702008973685,0.0003000212549983264
Q,0.00023590469450342062,0.14285714285714285,0.00014147702008973685,0.0003000212549983264
Q,0.00023724792408066428,0.14285714285714285,0.00014147702008973685,0.0003000212549983264
Q,0.00023860653781913624,0.14285714285714285,0.00014147702008973685,0.0003000212549983264
Q,0.00023998080153587713,0.14285714285714285,0.00014147702008973685,0.0003000212549983264
Q,0.0002413709872073377,0.14285714285714285,0.00014147702008973685,0.0003000212549983264
Q,0.00024277737314882253,0.14285714285714285,0.00014147702008973685,0.0003000212549983264
Q,0.0002442002442002442,0.14285714285714285,0.00014147702008973685,0.0003000212549983264
Q,0.00024563989191844754,0.14285714285714285,0.00014147702008973685,0.0003000212549983264
Q,0.00024709661477637757,0.14285714285714285,0.00014147702008973685,0.0003000212549983264
Q,0.00024857071836937607,0.14285714285714285,0.00014147702008973685,0.0003000212549983264
Q,0.00025006251562890725,0.14285714285714285,0.00014147702008973685,0.0003000212549983264
Q,0.00025157232704402514,0.14285714285714285,0.00014147702008973685,0.0003000212549983264
Q,0.0002531004808909137,0.14285714285714285,0.00014147702008973685,0.0003000212549983264
Q,0.00025464731347084286,0.14285714285714285,0.00014147702008973685,0.0003000212549983264
Q,0.00025621316935690495,0.14285714285714285,0.00014147702008973685,0.0003000212549983264
Q,0.0002577984016499098,0.14285714285714285,0.00014147702008973685,0.0003000212549983264
Q,0.00025940337224383917,0.14285714285714285,0.00014147702008973685,0.0003000212549983264
Q,0.00026102845210127906,0.14285714285714285,0.00014147702008973685,0.0003000212549983264
Q,0.0002626740215392698,0.14285714285714285,0.00014147702008973685,0.0003000212549983264
Q,0.0002643404705260375,0.14285714285714285,0.00014147702008973685,0.0003000212549983264
Q,0.00026602819898909286,0.14285714285714285,0.00014147702008973685,0.0003000212549983264
Q,0.0002677376171352075,0.14285714285714285,0.00014147702008973685,0.0003000212549983264
Q,0.00026946914578280785,0.14285714285714285,0.00014147702008973685,0.0003000212549983264
Q,0.00027122321670735016,0.14285714285714285,0.00014147702008973685,0.0003000212549983264
Q,0.000273000273000273,0.14285714285714285,0.00014147702008973685,0.0003000212549983264
Q,0.0002748007694421544,0.14285714285714285,0.00014147702008973685,0.0003000212549983264
Q,0.00027662517289073305,0.14285714285714285,0.00014147702008973685,0.0003000212549983264
Q,0.000278473962684489,0.14285714285714285,0.00014147702008973685,0.0003000212549983264
Q,0.0002803476310625175,0.14285714285714285,0.00014147702008973685,0.0003000212549983264
Q,0.0002822466836014677,0.14285714285714285,0.00014147702008973685,0.0003000212549983264
Q,0.0002841716396703609,0.14285714285714285,0.00014147702008973685,0.0003000212549983264
Q,0.0002861230329041488,0.14285714285714285,0.00014147702008973685,0.0003000212549983264
Q,0.0002881014116969173,0.14285714285714285,0.00014147702008973685,0.0003000212549983264
Q,0.0002901073397156948,0.14285714285714285,0.00014147702008973685,0.0003000212549983264
Q,0.00029214139643587495,0.14285714285714285,0.00014147702008973685,0.0003000212549983264
Q,0.0002942041776993233,0.14285714285714285,0.00014147702008973685,0.0003000212549983264
Q,0.0002962962962962963,0.14285714285714285,0.00014147702008973685,0.0003000212549983264
Q,0.0002984183825723665,0.14285714285714285,0.00014147702008973685,0.0003000212549983264
Q,0.00030057108506161706,0.14285714285714285,0.00014147702008973685,0.0003000212549983264
Q,0.0003027550711474417,0.14285714285714285,0.00014147702008973685,0.0003000212549983264
Q,0.0003049710277523635,0.14285714285714285,0.00014147702008973685,0.0003000212549983264
Q,0.00030721966205837174,0.14285714285714285,0.00014147702008973685,0.0003000212549983264
Q,0.00030950170225936243,0.14285714285714285,0.00014147702008973685,0.0003000212549983264
Q,0.0003118178983473651,0.14285714285714285,0.00014147702008973685,0.0003000212549983264
Q,0.00031416902293433867,0.14285714285714285,0.00014147702008973685,0.0003000212549983264
Q,0.00031655587211142766,0.14285714285714285,0.00014147702008973685,0.0003000212549983264
Q,0.0003189792663476874,0.14285714285714285,0.00014147702008973685,0.0003000212549983264
Q,0.0003214400514304082,0.14285714285714285,0.00014147702008973685,0.0003000212549983264
Q,0.00032393909944930353,0.14285714285714285,0.00014147702008973685,0.0003000212549983264
Q,0.000326477309826967,0.14285714285714285,0.00014147702008973685,0.0003000212549983264
Q,0.0003290556103981573,0.14285714285714285,0.00014147702008973685,0.0003000212549983264
Q,0.0003316749585406302,0.14285714285714285,0.00014147702008973685,0.0003000212549983264
Q,0.00033433634236041456,0.14285714285714285,0.00014147702008973685,0.0003000212549983264
Q,0.0003370407819346141,0.14285714285714285,0.00014147702008973685,0.0003000212549983264
Q,0.0003397893306150187,0.14285714285714285,0.00014147702008973685,0.0003000212549983264
Q,0.00034258307639602604,0.14285714285714285,0.00014147702008973685,0.0003000212549983264
Q,0.0003454231433506045,0.14285714285714285,0.00014147702008973685,0.0003000212549983264
Q,0.00034831069313827936,0.14285714285714285,0.00014147702008973685,0.0003000212549983264
Q,0.00035124692658939234,0.14285714285714285,0.00014147702008973685,0.0003000212549983264
Q,0.00035423308537017357,0.14285714285714285,0.00014147702008973685,0.0003000212549983264
Q,0.0003572704537334762,0.14285714285714285,0.00014147702008973685,0.0003000212549983264
Q,0.00036036036036036037,0.14285714285714285,0.00014147702008973685,0.0003000212549983264
Q,0.0003635041802980734,0.14285714285714285,0.00014147702008973685,0.0003000212549983264
Q,0.0003667033370003667,0.14285714285714285,0.00014147702008973685,0.0003000212549983264
Q,0.0003699593044765076,0.14285714285714285,0.00014147702008973685,0.0003000212549983264
Q,0.0003732736095558044,0.14285714285714285,0.00014147702008973685,0.0003000212549983264
Q,0.0003766478342749529,0.14285714285714285,0.00014147702008973685,0.0003000212549983264
Q,0.0003800836183960471,0.14285714285714285,0.00014147702008973685,0.0003000212549983264
Q,0.0003835826620636747,0.14285714285714285,0.00014147702008973685,0.0003000212549983264
Q,0.00038714672861014324,0.14285714285714285,0.00014147702008973685,0.0003000212549983264
Q,0.00039077764751856197,0.14285714285714285,0.00014147702008973685,0.0003000212549983264
Q,0.0003944773175542406,0.14285714285714285,0.00014147702008973685,0.0003000212549983264
Q,0.00039824771007566706,0.14285714285714285,0.00014147702008973685,0.0003000212549983264
Q,0.0004020908725371934,0.14285714285714285,0.00014147702008973685,0.0003000212549983264
Q,0.0004060089321965083,0.14285714285714285,0.00014147702008973685,0.0003000212549983264
Q,0.0004100041000410004,0.14285714285714285,0.00014147702008973685,0.0003000212549983264
Q,0.00041407867494824016,0.14285714285714285,0.00014147702008973685,0.0003000212549983264
Q,0.0004182350480970305,0.14285714285714285,0.00014147702008973685,0.0003000212549983264
Q,0.0004224757076468103,0.14285714285714285,0.00014147702008973685,0.0003000212549983264
Q,0.0004268032437046522,0.14285714285714285,0.00014147702008973685,0.0003000212549983264
Q,0.00043122035360068997,0.14285714285714285,0.00014147702008973685,0.0003000212549983264
Q,0.00043572984749455336,0.14285714285714285,0.00014147702008973685,0.0003000212549983264
Q,0.00044033465433729633,0.14285714285714285,0.00014147702008973685,0.0003000212549983264
Q,0.0004450378282153983,0.14285714285714285,0.00014147702008973685,0.0003000212549983264
Q,0.000449842555105713,0.14285714285714285,0.00014147702008973685,0.0003000212549983264
Q,0.00045475216007276033,0.14285714285714285,0.00014147702008973685,0.0003000212549983264
Q,0.0004597701149425287,0.14285714285714285,0.00014147702008973685,0.0003000212549983264
Q,0.00046490004649000463,0.14285714285714285,0.00014147702008973685,0.0003000212549983264
Q,0.0004701457451810061,0.14285714285714285,0.00014147702008973685,0.0003000212549983264
Q,0.00047551117451260106,0.14285714285714285,0.00014147702008973685,0.0003000212549983264
Q,0.000481000481000481,0.14285714285714285,0.00014147702008973685,0.0003000212549983264
Q,0.00048661800486618007,0.14285714285714285,0.00014147702008973685,0.0003000212549983264
Q,0.0004923682914820286,0.14285714285714285,0.00014147702008973685,0.0003000212549983264
Q,0.0004982561036372695,0.14285714285714285,0.00014147702008973685,0.0003000212549983264
Q,0.0005042864346949068,0.14285714285714285,0.00014147702008973685,0.0003000212549983264
Q,0.0005104645227156713,0.14285714285714285,0.00014147702008973685,0.0003000212549983264
Q,0.0005167958656330749,0.14285714285714285,0.00014147702008973685,0.0003000212549983264
Q,0.0005232862375719519,0.14285714285714285,0.00014147702008973685,0.0003000212549983264
Q,0.0005299417064122947,0.14285714285714285,0.00014147702008973685,0.0003000212549983264
Q,0.0005367686527106817,0.14285714285714285,0.00014147702008973685,0.0003000212549983264
Q,0.000543773790103317,0.14285714285714285,0.00014147702008973685,0.0003000212549983264
Q,0.0005509641873278236,0.14285714285714285,0.00014147702008973685,0.0003000212549983264
Q,0.0005583472920156337,0.14285714285714285,0.00014147702008973685,0.0003000212549983264
Q,0.0005659309564233164,0.14285714285714285,0.00014147702008973685,0.0003000212549983264
Q,0.0005737234652897303,0.14285714285714285,0.00014147702008973685,0.0003000212549983264
Q,0.0005817335660267597,0.14285714285714285,0.00014147702008973685,0.0003000212549983264
Q,0.0005899705014749262,0.14285714285714285,0.00014147702008973685,0.0003000212549983264
Q,0.0005984440454817474,0.14285714285714285,0.00014147702008973685,0.0003000212549983264
Q,0.0006071645415907711,0.14285714285714285,0.00014147702008973685,0.0003000212549983264
Q,0.0006161429451632779,0.14285714285714285,0.00014147702008973685,0.0003000212549983264
Q,0.0006253908692933083,0.14285714285714285,0.00014147702008973685,0.0003000212549983264
Q,0.0006349206349206349,0.14285714285714285,0.00014147702008973685,0.0003000212549983264
Q,0.0006447453255963894,0.14285714285714285,0.00014147702008973685,0.0003000212549983264
Q,0.0006548788474132286,0.14285714285714285,0.00014147702008973685,0.0003000212549983264
Q,0.0006653359946773121,0.14285714285714285,0.00014147702008973685,0.0003000212549983264
Q,0.000676132521974307,0.14285714285714285,0.00014147702008973685,0.0003000212549983264
Q,0.0006872852233676976,0.14285714285714285,0.00014147702008973685,0.0003000212549983264
Q,0.0006988120195667365,0.14285714285714285,0.00014147702008973685,0.0003000212549983264
Q,0.0007107320540156361,0.14285714285714285,0.00014147702008973685,0.0003000212549983264
Q,0.0007230657989877079,0.14285714285714285,0.00014147702008973685,0.0003000212549983264
Q,0.0007358351729212656,0.14285714285714285,0.00014147702008973685,0.0003000212549983264
Q,0.000749063670411985,0.14285714285714285,0.00014147702008973685,0.0003000212549983264
Q,0.0007627765064836003,0.14285714285714285,0.00014147702008973685,0.0003000212549983264
Q,0.000777000777000777,0.14285714285714285,0.00014147702008973685,0.0003000212549983264
Q,0.000791765637371338,0.14285714285714285,0.00014147702008973685,0.0003000212549983264
Q,0.0008071025020177562,0.14285714285714285,0.00014147702008973685,0.0003000212549983264
Q,0.0008230452674897119,0.14285714285714285,0.00014147702008973685,0.0003000212549983264
Q,0.0008396305625524769,0.14285714285714285,0.00014147702008973685,0.0003000212549983264
Q,0.000856898029134533,0.14285714285714285,0.00014147702008973685,0.0003000212549983264
Q,0.0008748906386701663,0.14285714285714285,0.00014147702008973685,0.0003000212549983264
Q,0.0008936550491510277,0.14285714285714285,0.00014147702008973685,0.0003000212549983264
Q,0.0009132420091324201,0.14285714285714285,0.00014147702008973685,0.0003000212549983264
Q,0.0009337068160597573,0.14285714285714285,0.00014147702008973685,0.0003000212549983264
Q,0.0009551098376313276,0.14285714285714285,0.00014147702008973685,0.0003000212549983264
Q,0.0009775171065493646,0.14285714285714285,0.00014147702008973685,0.0003000212549983264
Q,0.001001001001001001,0.14285714285714285,0.00014147702008973685,0.0003000212549983264
Q,0.0010256410256410256,0.14285714285714285,0.00014147702008973685,0.0003000212549983264
Q,0.0010515247108307045,0.14285714285714285,0.00014147702008973685,0.0003000212549983264
Q,0.0010787486515641855,0.14285714285714285,0.00014147702008973685,0.0003000212549983264
Q,0.0011074197120708748,0.14285714285714285,0.00014147702008973685,0.0003000212549983264
Q,0.0011376564277588168,0.14285714285714285,0.00014147702008973685,0.0003000212549983264
Q,0.0011695906432748538,0.14285714285714285,0.00014147702008973685,0.0003000212549983264
Q,0.0012033694344163659,0.14285714285714285,0.00014147702008973685,0.0003000212549983264
Q,0.0012391573729863693,0.14285714285714285,0.00014147702008973685,0.0003000212549983264
Q,0.001277139208173691,0.14285714285714285,0.00014147702008973685,0.0003000212549983264
Q,0.0013175230566534915,0.14285714285714285,0.00014147702008973685,0.0003000212549983264
Q,0.0013605442176870747,0.14285714285714285,0.00014147702008973685,0.0003000212549983264
Q,0.0,0.0,0.00014147702008973685,0.0003000212549983264
Q,0.0,0.0,0.00014147702008973685,0.0003000212549983264
Q,0.0,0.0,0.00014147702008973685,0.0003000212549983264
Q,0.0,0.0,0.00014147702008973685,0.0003000212549983264
Q,0.0,0.0,0.00014147702008973685,0.0003000212549983264
Q,0.0,0.0,0.00014147702008973685,0.0003000212549983264
Q,0.0,0.0,0.00014147702008973685,0.0003000212549983264
Q,0.0,0.0,0.00014147702008973685,0.0003000212549983264
Q,0.0,0.0,0.00014147702008973685,0.0003000212549983264
Q,0.0,0.0,0.00014147702008973685,0.0003000212549983264
Q,0.0,0.0,0.00014147702008973685,0.0003000212549983264
Q,0.0,0.0,0.00014147702008973685,0.0003000212549983264
Q,0.0,0.0,0.00014147702008973685,0.0003000212549983264
Q,0.0,0.0,0.00014147702008973685,0.0003000212549983264
Q,0.0,0.0,0.00014147702008973685,0.0003000212549983264
Q,0.0,0.0,0.00014147702008973685,0.0003000212549983264
Q,0.0,0.0,0.00014147702008973685,0.0003000212549983264
Q,0.0,0.0,0.00014147702008973685,0.0003000212549983264
Q,0.0,0.0,0.00014147702008973685,0.0003000212549983264
Q,0.0,0.0,0.00014147702008973685,0.0003000212549983264
Q,0.0,0.0,0.00014147702008973685,0.0003000212549983264
Q,0.0,0.0,0.00014147702008973685,0.0003000212549983264
Q,0.0,0.0,0.00014147702008973685,0.0003000212549983264
Q,0.0,0.0,0.00014147702008973685,0.0003000212549983264
Q,0.0,0.0,0.00014147702008973685,0.0003000212549983264
Q,0.0,0.0,0.00014147702008973685,0.0003000212549983264
Q,0.0,0.0,0.00014147702008973685,0.0003000212549983264
Q,0.0,0.0,0.00014147702008973685,0.0003000212549983264
Q,0.0,0.0,0.00014147702008973685,0.0003000212549983264
Q,0.0,0.0,0.00014147702008973685,0.0003000212549983264
