cls,fpr,tpr,auc
N,0.0,0.0,0.879125540329139
N,0.0,0.0012713980838214593,0.879125540329139
N,0.0,0.00642510103074059,0.879125540329139
N,0.0,0.006879171774962539,0.879125540329139
N,0.0,0.01285020206148118,0.879125540329139
N,0.0,0.014053489533669345,0.879125540329139
N,0.0,0.017254688280434093,0.879125540329139
N,0.0,0.01736820596648958,0.879125540329139
N,0.0001840942562592047,0.019229896017799574,0.879125540329139
N,0.0001840942562592047,0.02072832947373201,0.879125540329139
N,0.0001840942562592047,0.022362984152931028,0.879125540329139
N,0.0001840942562592047,0.02340734686464151,0.879125540329139
N,0.0001840942562592047,0.024610634336829678,0.879125540329139
N,0.0001840942562592047,0.025087408618262724,0.879125540329139
N,0.0001840942562592047,0.02604095718112882,0.879125540329139
N,0.0001840942562592047,0.026426917313717477,0.879125540329139
N,0.0001840942562592047,0.02903782409299369,0.879125540329139
N,0.0001840942562592047,0.03198928393043636,0.879125540329139
N,0.0001840942562592047,0.034600190709712576,0.879125540329139
N,0.0001840942562592047,0.034963447305090135,0.879125540329139
N,0.0001840942562592047,0.03562184988421196,0.879125540329139
N,0.0001840942562592047,0.03578077464468964,0.879125540329139
N,0.0001840942562592047,0.03825546020069927,0.879125540329139
N,0.0001840942562592047,0.03877764155655451,0.879125540329139
N,0.0001840942562592047,0.03911819461472097,0.879125540329139
N,0.0001840942562592047,0.03923171230077646,0.879125540329139
N,0.0001840942562592047,0.041888026154474865,0.879125540329139
N,0.0001840942562592047,0.04356808790809608,0.879125540329139
N,0.0001840942562592047,0.04384053035462925,0.879125540329139
N,0.0001840942562592047,0.04602006992689461,0.879125540329139
N,0.0001840942562592047,0.046769286654860825,0.879125540329139
N,0.0001840942562592047,0.047427689233982655,0.879125540329139
N,0.0001840942562592047,0.04758661399446034,0.879125540329139
N,0.0001840942562592047,0.04981156064114789,0.879125540329139
N,0.0001840942562592047,0.050152113699314355,0.879125540329139
N,0.0001840942562592047,0.05387549380193434,0.879125540329139
N,0.0001840942562592047,0.05573718385324433,0.879125540329139
N,0.0001840942562592047,0.057848612813876404,0.879125540329139
N,0.0001840942562592047,0.0605276302047859,0.879125540329139
N,0.0001840942562592047,0.06359260772828407,0.879125540329139
N,0.0001840942562592047,0.0651364482586387,0.879125540329139
N,0.0001840942562592047,0.06645325341688235,0.879125540329139
N,0.0001840942562592047,0.06770194796349271,0.879125540329139
N,0.0001840942562592047,0.06888253189846978,0.879125540329139
N,0.0001840942562592047,0.06999500522181355,0.879125540329139
N,0.0001840942562592047,0.072424283703401,0.879125540329139
N,0.0001840942562592047,0.07514870816873269,0.879125540329139
N,0.0001840942562592047,0.07567088952458793,0.879125540329139
N,0.0001840942562592047,0.07655632747582074,0.879125540329139
N,0.0001840942562592047,0.076851473459565,0.879125540329139
N,0.0001840942562592047,0.07750987603868682,0.879125540329139
N,0.0001840942562592047,0.08118784906688462,0.879125540329139
N,0.0003681885125184094,0.08382145938337193,0.879125540329139
N,0.0003681885125184094,0.0841166053671162,0.879125540329139
N,0.0003681885125184094,0.0877037642464696,0.879125540329139
N,0.0005522827687776141,0.09036007810016801,0.879125540329139
N,0.0005522827687776141,0.10252917404531627,0.879125540329139
N,0.0005522827687776141,0.1030513554011715,0.879125540329139
N,0.0005522827687776141,0.10609362938745856,0.879125540329139
N,0.0005522827687776141,0.10686554965263588,0.879125540329139
N,0.0007363770250368188,0.10927212459701222,0.879125540329139
N,0.0011045655375552283,0.11149707124369977,0.879125540329139
N,0.001288659793814433,0.12371157426327022,0.879125540329139
N,0.0016568483063328424,0.12507378649593606,0.879125540329139
N,0.001840942562592047,0.12850202061481178,0.879125540329139
N,0.0022091310751104565,0.13047722835217726,0.879125540329139
N,0.0023932253313696614,0.13363302002451982,0.879125540329139
N,0.002577319587628866,0.13501793579439678,0.879125540329139
N,0.002761413843888071,0.1382872451527948,0.879125540329139
N,0.002761413843888071,0.14180629342051493,0.879125540329139
N,0.0029455081001472753,0.14421286836489125,0.879125540329139
N,0.0031296023564064803,0.14941197838623257,0.879125540329139
N,0.0034977908689248897,0.15084230123053172,0.879125540329139
N,0.003681885125184094,0.15417972120056306,0.879125540329139
N,0.004050073637702504,0.15574626526812876,0.879125540329139
N,0.004234167893961708,0.16028697271034828,0.879125540329139
N,0.004234167893961708,0.16498660491304545,0.879125540329139
N,0.004418262150220913,0.1717976660763747,0.879125540329139
N,0.004418262150220913,0.17561186032783907,0.879125540329139
N,0.004602356406480118,0.17690596194887162,0.879125540329139
N,0.004786450662739323,0.17765517867683786,0.879125540329139
N,0.005154639175257732,0.17779139990010442,0.879125540329139
N,0.005338733431516937,0.18022067838169187,0.879125540329139
N,0.005706921944035346,0.1817872224492576,0.879125540329139
N,0.005891016200294551,0.18433001861690052,0.879125540329139
N,0.005891016200294551,0.18880261544748672,0.879125540329139
N,0.005891016200294551,0.20128956091359035,0.879125540329139
N,0.0062592047128129605,0.20163011397175679,0.879125540329139
N,0.0062592047128129605,0.2090087635653635,0.879125540329139
N,0.0062592047128129605,0.21021205103755164,0.879125540329139
N,0.0062592047128129605,0.21491168324024884,0.879125540329139
N,0.0066273932253313695,0.2178631430776915,0.879125540329139
N,0.0066273932253313695,0.22510557144803162,0.879125540329139
N,0.0068114874815905745,0.22574127048994233,0.879125540329139
N,0.0068114874815905745,0.22714888979703038,0.879125540329139
N,0.006995581737849779,0.23007764609726195,0.879125540329139
N,0.0071796759941089834,0.23164419016482768,0.879125540329139
N,0.0071796759941089834,0.23395995096035963,0.879125540329139
N,0.0071796759941089834,0.23759251691413522,0.879125540329139
N,0.007547864506627393,0.23809199473277937,0.879125540329139
N,0.007731958762886598,0.2414521182400218,0.879125540329139
N,0.007916053019145802,0.24295055169595423,0.879125540329139
N,0.007916053019145802,0.24556145847523045,0.879125540329139
N,0.007916053019145802,0.2460836398310857,0.879125540329139
N,0.007916053019145802,0.24792262634518458,0.879125540329139
N,0.008100147275405008,0.24833129001498433,0.879125540329139
N,0.008100147275405008,0.2523044090269264,0.879125540329139
N,0.008284241531664212,0.25480179812014714,0.879125540329139
N,0.008284241531664212,0.25727648367615674,0.879125540329139
N,0.008652430044182622,0.25761703673432323,0.879125540329139
N,0.008652430044182622,0.2636561776324751,0.879125540329139
N,0.008836524300441826,0.26451891204649686,0.879125540329139
N,0.00902061855670103,0.2662443808745403,0.879125540329139
N,0.009204712812960236,0.2667211551559733,0.879125540329139
N,0.00938880706921944,0.2729646278890251,0.879125540329139
N,0.009572901325478646,0.27643826908232305,0.879125540329139
N,0.00975699558173785,0.28794896244834944,0.879125540329139
N,0.009941089837997054,0.28810788720882713,0.879125540329139
N,0.009941089837997054,0.2929437406347909,0.879125540329139
N,0.010309278350515464,0.29485083776052307,0.879125540329139
N,0.010309278350515464,0.3012078281796304,0.879125540329139
N,0.010493372606774668,0.3015029741633746,0.879125540329139
N,0.010493372606774668,0.30411388094265085,0.879125540329139
N,0.010677466863033874,0.30583934977069427,0.879125540329139
N,0.010861561119293078,0.3090178449802479,0.879125540329139
N,0.011229749631811487,0.30997139354311404,0.879125540329139
N,0.011229749631811487,0.31321799936430095,0.879125540329139
N,0.011413843888070692,0.3139672160922672,0.879125540329139
N,0.011597938144329897,0.31730463606229853,0.879125540329139
N,0.011782032400589101,0.319756618081097,0.879125540329139
N,0.011782032400589101,0.32161830813240705,0.879125540329139
N,0.012150220913107511,0.3228897062162285,0.879125540329139
N,0.012334315169366715,0.32520546701176045,0.879125540329139
N,0.012518409425625921,0.32629523679789313,0.879125540329139
N,0.012702503681885125,0.3291104754120692,0.879125540329139
N,0.01288659793814433,0.329292103709758,0.879125540329139
N,0.01288659793814433,0.3335149616310221,0.879125540329139
N,0.013070692194403535,0.33435499250783274,0.879125540329139
N,0.013254786450662739,0.33571720474049854,0.879125540329139
N,0.013254786450662739,0.33694319574989784,0.879125540329139
N,0.013254786450662739,0.34048494755482905,0.879125540329139
N,0.013254786450662739,0.34257367297825003,0.879125540329139
N,0.013438880706921945,0.3454116151296372,0.879125540329139
N,0.013622974963181149,0.3470235662716251,0.879125540329139
N,0.013622974963181149,0.34956636243926803,0.879125540329139
N,0.013807069219440353,0.3500431367207011,0.879125540329139
N,0.013807069219440353,0.3562866094537529,0.879125540329139
N,0.014175257731958763,0.35696771557008583,0.879125540329139
N,0.014359351988217967,0.36012350724242836,0.879125540329139
N,0.014543446244477173,0.36198519729373835,0.879125540329139
N,0.014727540500736377,0.3652318031149253,0.879125540329139
N,0.014911634756995583,0.3655496526358807,0.879125540329139
N,0.014911634756995583,0.367956227580257,0.879125540329139
N,0.015095729013254787,0.36977251055714483,0.879125540329139
N,0.015095729013254787,0.37099850156654407,0.879125540329139
N,0.01527982326951399,0.37528947009944147,0.879125540329139
N,0.015463917525773196,0.37574354084366346,0.879125540329139
N,0.015832106038291605,0.3773554919856514,0.879125540329139
N,0.015832106038291605,0.3802842482858829,0.879125540329139
N,0.016200294550810016,0.3814875357580711,0.879125540329139
N,0.01638438880706922,0.384484402669936,0.879125540329139
N,0.01675257731958763,0.3881169686237116,0.879125540329139
N,0.016936671575846832,0.3898651409889661,0.879125540329139
N,0.016936671575846832,0.39111383553557644,0.879125540329139
N,0.01712076583210604,0.3949961403986741,0.879125540329139
N,0.017304860088365244,0.39728919765699494,0.879125540329139
N,0.017488954344624448,0.39967306906416017,0.879125540329139
N,0.017857142857142856,0.40021795395722654,0.879125540329139
N,0.01804123711340206,0.4032829314807247,0.879125540329139
N,0.018225331369661268,0.40373700222494663,0.879125540329139
N,0.018409425625920472,0.4096172183626209,0.879125540329139
N,0.01877761413843888,0.4114107978022976,0.879125540329139
N,0.01877761413843888,0.4153612132770286,0.879125540329139
N,0.018961708394698084,0.41663261136085,0.879125540329139
N,0.01914580265095729,0.4173591245516051,0.879125540329139
N,0.019329896907216496,0.41992462425645916,0.879125540329139
N,0.019329896907216496,0.42019706670299234,0.879125540329139
N,0.0195139911634757,0.4204468056123144,0.879125540329139
N,0.019882179675994108,0.42180901784498026,0.879125540329139
N,0.020066273932253315,0.4231712300776461,0.879125540329139
N,0.020066273932253315,0.4241474821777233,0.879125540329139
N,0.02025036818851252,0.4243518140126232,0.879125540329139
N,0.020434462444771723,0.42659946419652184,0.879125540329139
N,0.020434462444771723,0.42725786677564365,0.879125540329139
N,0.020618556701030927,0.42968714525723106,0.879125540329139
N,0.020986745213549336,0.4298233664804977,0.879125540329139
N,0.020986745213549336,0.43045906552240837,0.879125540329139
N,0.021170839469808543,0.43152613177133,0.879125540329139
N,0.021354933726067747,0.43338782182263996,0.879125540329139
N,0.02153902798232695,0.4340235208645507,0.879125540329139
N,0.021723122238586155,0.43620306043681606,0.879125540329139
N,0.022091310751104567,0.43795123280207054,0.879125540329139
N,0.022091310751104567,0.44110702447441313,0.879125540329139
N,0.02227540500736377,0.44256005085592337,0.879125540329139
N,0.022459499263622975,0.44319574989783406,0.879125540329139
N,0.02264359351988218,0.44419470553512236,0.879125540329139
N,0.022827687776141383,0.44439903737002223,0.879125540329139
N,0.023195876288659795,0.4468283158516097,0.879125540329139
N,0.023195876288659795,0.44866730236570856,0.879125540329139
N,0.023564064801178203,0.4495754438541525,0.879125540329139
N,0.023748159057437407,0.4515052445170958,0.879125540329139
N,0.02411634756995582,0.45329882395677246,0.879125540329139
N,0.024300441826215022,0.4550924033964492,0.879125540329139
N,0.024484536082474227,0.45527403169413794,0.879125540329139
N,0.02466863033873343,0.45627298733142624,0.879125540329139
N,0.024852724594992635,0.4565227262407483,0.879125540329139
N,0.025036818851251842,0.45681787222449255,0.879125540329139
N,0.025220913107511046,0.4575216818780366,0.879125540329139
N,0.02540500736377025,0.4609953230713345,0.879125540329139
N,0.02577319587628866,0.4616083185760341,0.879125540329139
N,0.025957290132547866,0.4621532034691005,0.879125540329139
N,0.025957290132547866,0.4638105616855106,0.879125540329139
N,0.02614138438880707,0.4647641102483767,0.879125540329139
N,0.026509572901325478,0.4647868137855878,0.879125540329139
N,0.026693667157584682,0.46807882668119694,0.879125540329139
N,0.027061855670103094,0.4682377514416746,0.879125540329139
N,0.027245949926362298,0.4700313308813513,0.879125540329139
N,0.027614138438880706,0.4712573218907506,0.879125540329139
N,0.02779823269513991,0.47309630840484945,0.879125540329139
N,0.02816642120765832,0.476479135449303,0.879125540329139
N,0.02816642120765832,0.48022521908913407,0.879125540329139
N,0.028350515463917526,0.4839485991917541,0.879125540329139
N,0.02853460972017673,0.486264359987286,0.879125540329139
N,0.028718703976435934,0.4866503201198747,0.879125540329139
N,0.02890279823269514,0.48717250147572994,0.879125540329139
N,0.029086892488954345,0.4873995368478409,0.879125540329139
N,0.02927098674521355,0.4890341915270399,0.879125540329139
N,0.029639175257731958,0.4910775098760387,0.879125540329139
N,0.029823269513991165,0.49159969123189395,0.879125540329139
N,0.030191458026509573,0.49291649639013757,0.879125540329139
N,0.030191458026509573,0.4936657131181038,0.879125540329139
N,0.03055964653902798,0.4938019343413704,0.879125540329139
N,0.030743740795287185,0.4955955137810471,0.879125540329139
N,0.030743740795287185,0.4974117967579349,0.879125540329139
N,0.030927835051546393,0.4989556372882895,0.879125540329139
N,0.031111929307805597,0.4996140398674113,0.879125540329139
N,0.031480117820324005,0.5035644553421423,0.879125540329139
N,0.03166421207658321,0.505358034781819,0.879125540329139
N,0.03184830633284241,0.5063796939563184,0.879125540329139
N,0.03203240058910162,0.5079008309494619,0.879125540329139
N,0.03221649484536082,0.5130091268219589,0.879125540329139
N,0.03240058910162003,0.5131226445080144,0.879125540329139
N,0.032584683357879236,0.5156654406756572,0.879125540329139
N,0.03276877761413844,0.517913090859556,0.879125540329139
N,0.03276877761413844,0.5209326613086319,0.879125540329139
N,0.03313696612665685,0.5218408027970758,0.879125540329139
N,0.03332106038291605,0.5237251963855969,0.879125540329139
N,0.03368924889543446,0.5244063025019298,0.879125540329139
N,0.033873343151693665,0.5292421559278936,0.879125540329139
N,0.03424153166421208,0.5298551514325932,0.879125540329139
N,0.034425625920471284,0.5304000363256596,0.879125540329139
N,0.03460972017673049,0.5317395450211143,0.879125540329139
N,0.03479381443298969,0.533079053716569,0.879125540329139
N,0.0351620029455081,0.5331017572537802,0.879125540329139
N,0.035346097201767304,0.5352585932888344,0.879125540329139
N,0.03571428571428571,0.5354402215865232,0.879125540329139
N,0.035898379970544916,0.5357126640330564,0.879125540329139
N,0.03626656848306333,0.5361213277028561,0.879125540329139
N,0.036450662739322535,0.5387549380193434,0.879125540329139
N,0.036818851251840944,0.5396630795077874,0.879125540329139
N,0.03700294550810015,0.5400036325659537,0.879125540329139
N,0.037371134020618556,0.5406847386822867,0.879125540329139
N,0.03755522827687776,0.5455432956454616,0.879125540329139
N,0.03792341678939617,0.5457022204059393,0.879125540329139
N,0.03810751104565538,0.5460881805385279,0.879125540329139
N,0.03829160530191458,0.5471098397130273,0.879125540329139
N,0.03865979381443299,0.5477228352177269,0.879125540329139
N,0.038843888070692195,0.5489261226899151,0.879125540329139
N,0.0392120765832106,0.549380193434137,0.879125540329139
N,0.0392120765832106,0.5523089497343686,0.879125540329139
N,0.03958026509572901,0.5535803478181901,0.879125540329139
N,0.039764359351988215,0.5548744494392226,0.879125540329139
N,0.04013254786450663,0.5551241883485447,0.879125540329139
N,0.040316642120765835,0.5565091041184217,0.879125540329139
N,0.04068483063328424,0.5583934977069427,0.879125540329139
N,0.04086892488954345,0.561957953049085,0.879125540329139
N,0.04142120765832106,0.5620941742723516,0.879125540329139
N,0.04142120765832106,0.5622530990328293,0.879125540329139
N,0.04178939617083947,0.5623893202560959,0.879125540329139
N,0.04197349042709867,0.5627298733142624,0.879125540329139
N,0.042341678939617086,0.5627979839258956,0.879125540329139
N,0.04252577319587629,0.563342868818962,0.879125540329139
N,0.0428939617083947,0.5636380148027063,0.879125540329139
N,0.0430780559646539,0.5659310720610271,0.879125540329139
N,0.04344624447717231,0.5662035145075602,0.879125540329139
N,0.043630338733431515,0.5679743904100258,0.879125540329139
N,0.04399852724594993,0.5684057576170367,0.879125540329139
N,0.044182621502209134,0.5694728238659583,0.879125540329139
N,0.04436671575846834,0.569858783998547,0.879125540329139
N,0.04455081001472754,0.5701085229078691,0.879125540329139
N,0.04491899852724595,0.5705171865776688,0.879125540329139
N,0.045103092783505154,0.5715615492893793,0.879125540329139
N,0.04547128129602356,0.5719475094219679,0.879125540329139
N,0.045655375552282766,0.5723334695545566,0.879125540329139
N,0.04583946980854197,0.5737864959360668,0.879125540329139
N,0.046207658321060385,0.5739454206965445,0.879125540329139
N,0.04639175257731959,0.5766925486990874,0.879125540329139
N,0.046759941089838,0.5768287699223539,0.879125540329139
N,0.0469440353460972,0.5787812741225082,0.879125540329139
N,0.04731222385861561,0.5788720882713527,0.879125540329139
N,0.047496318114874814,0.5800072651319076,0.879125540329139
N,0.04786450662739323,0.5806202606366072,0.879125540329139
N,0.04804860088365243,0.581028924306407,0.879125540329139
N,0.04841678939617084,0.5812105526040957,0.879125540329139
N,0.048600883652430045,0.5824819506879172,0.879125540329139
N,0.04896907216494845,0.5827543931344503,0.879125540329139
N,0.04915316642120766,0.5835490169368388,0.879125540329139
N,0.049521354933726065,0.5836852381601053,0.879125540329139
N,0.04970544918998527,0.5841620124415384,0.879125540329139
N,0.05025773195876289,0.5843890478136494,0.879125540329139
N,0.05044182621502209,0.5849112291695046,0.879125540329139
N,0.0508100147275405,0.5856377423602598,0.879125540329139
N,0.050994108983799705,0.5857512600463152,0.879125540329139
N,0.05136229749631811,0.5857966671207374,0.879125540329139
N,0.05173048600883652,0.5865458838487037,0.879125540329139
N,0.052098674521354936,0.5870680652045589,0.879125540329139
N,0.05228276877761414,0.5872723970394588,0.879125540329139
N,0.05265095729013255,0.5874086182627253,0.879125540329139
N,0.05283505154639175,0.5885210915860691,0.879125540329139
N,0.05320324005891016,0.5895654542977796,0.879125540329139
N,0.05357142857142857,0.5900195250420015,0.879125540329139
N,0.053939617083946984,0.5901103391908459,0.879125540329139
N,0.05412371134020619,0.5904735957862235,0.879125540329139
N,0.054491899852724596,0.5908368523816011,0.879125540329139
N,0.0546759941089838,0.5926985424329111,0.879125540329139
N,0.05504418262150221,0.5930390954910775,0.879125540329139
N,0.05522827687776141,0.5937883122190437,0.879125540329139
N,0.05559646539027982,0.5941969758888435,0.879125540329139
N,0.05578055964653903,0.5949688961540208,0.879125540329139
N,0.05614874815905744,0.5951051173772873,0.879125540329139
N,0.05651693667157585,0.5955818916587204,0.879125540329139
N,0.05706921944035346,0.5957862234936203,0.879125540329139
N,0.057253313696612664,0.5978749489170413,0.879125540329139
N,0.05762150220913108,0.5978976524542524,0.879125540329139
N,0.05780559646539028,0.5984425373473187,0.879125540329139
N,0.05817378497790869,0.5989420151659629,0.879125540329139
N,0.058357879234167895,0.5997593425055624,0.879125540329139
N,0.0587260677466863,0.5999409708032512,0.879125540329139
N,0.05891016200294551,0.6004404486218953,0.879125540329139
N,0.059278350515463915,0.6004631521591064,0.879125540329139
N,0.05946244477172312,0.6008718158289061,0.879125540329139
N,0.059830633284241534,0.6013258865731281,0.879125540329139
N,0.06001472754050074,0.6019161785406166,0.879125540329139
N,0.060382916053019146,0.6027789129546384,0.879125540329139
N,0.06056701030927835,0.6035281296826045,0.879125540329139
N,0.06093519882179676,0.603868682740771,0.879125540329139
N,0.06111929307805596,0.6051173772873814,0.879125540329139
N,0.06148748159057437,0.6055260409571811,0.879125540329139
N,0.06167157584683358,0.6057530763292921,0.879125540329139
N,0.06203976435935199,0.6063887753712028,0.879125540329139
N,0.062223858615611194,0.6081823548108796,0.879125540329139
N,0.0625920471281296,0.6082731689597239,0.879125540329139
N,0.0627761413843888,0.6087726467783681,0.879125540329139
N,0.06314432989690721,0.6093856422830677,0.879125540329139
N,0.06332842415316642,0.6101802660854562,0.879125540329139
N,0.06388070692194403,0.6102256731598783,0.879125540329139
N,0.06406480117820323,0.6105208191436226,0.879125540329139
N,0.06443298969072164,0.6107251509785224,0.879125540329139
N,0.06461708394698086,0.6118376243018663,0.879125540329139
N,0.06516936671575847,0.6127457657903101,0.879125540329139
N,0.06535346097201768,0.6131090223856877,0.879125540329139
N,0.06572164948453608,0.6132225400717431,0.879125540329139
N,0.06590574374079529,0.6139263497252871,0.879125540329139
N,0.0662739322533137,0.61481178767652,0.879125540329139
N,0.0664580265095729,0.6172410661581075,0.879125540329139
N,0.06701030927835051,0.6174453979930073,0.879125540329139
N,0.06719440353460972,0.6179902828860736,0.879125540329139
N,0.06774668630338733,0.6182627253326068,0.879125540329139
N,0.06793078055964653,0.6185578713163511,0.879125540329139
N,0.06829896907216494,0.6187167960768287,0.879125540329139
N,0.06848306332842416,0.6193751986559506,0.879125540329139
N,0.06885125184094257,0.6208055215002497,0.879125540329139
N,0.06903534609720177,0.6219406983608046,0.879125540329139
N,0.06940353460972018,0.6221223266584934,0.879125540329139
N,0.06958762886597938,0.6235753530400037,0.879125540329139
N,0.06995581737849779,0.623893202560959,0.879125540329139
N,0.070139911634757,0.6244380874540253,0.879125540329139
N,0.0705081001472754,0.6253235254052582,0.879125540329139
N,0.07087628865979381,0.6255051537029469,0.879125540329139
N,0.07124447717231222,0.6257775961494801,0.879125540329139
N,0.07161266568483063,0.6261181492076465,0.879125540329139
N,0.07198085419734904,0.626458702265813,0.879125540329139
N,0.07216494845360824,0.6270262906960905,0.879125540329139
N,0.07290132547864507,0.6275257685147346,0.879125540329139
N,0.07308541973490428,0.6279571357217455,0.879125540329139
N,0.07345360824742268,0.6280252463333788,0.879125540329139
N,0.07363770250368189,0.6282295781682786,0.879125540329139
N,0.0740058910162003,0.6283657993915452,0.879125540329139
N,0.07455817378497791,0.6289333878218226,0.879125540329139
N,0.07492636229749632,0.6293193479544112,0.879125540329139
N,0.07511045655375552,0.6295690868637334,0.879125540329139
N,0.07547864506627393,0.6298642328474776,0.879125540329139
N,0.07566273932253313,0.6300004540707442,0.879125540329139
N,0.07621502209131076,0.6301593788312219,0.879125540329139
N,0.07639911634756996,0.6303864142033329,0.879125540329139
N,0.07676730486008837,0.6310675203196658,0.879125540329139
N,0.07695139911634757,0.6314534804522545,0.879125540329139
N,0.07731958762886598,0.6329973209826091,0.879125540329139
N,0.07750368188512519,0.6334059846524088,0.879125540329139
N,0.0778718703976436,0.6337692412477864,0.879125540329139
N,0.0780559646539028,0.6339508695454752,0.879125540329139
N,0.0784241531664212,0.6341097943059528,0.879125540329139
N,0.07860824742268041,0.6344049402896972,0.879125540329139
N,0.07897643593519882,0.6344276438269082,0.879125540329139
N,0.07916053019145802,0.6349044181083413,0.879125540329139
N,0.07952871870397643,0.6351087499432412,0.879125540329139
N,0.07971281296023564,0.6354265994641966,0.879125540329139
N,0.08008100147275406,0.6355628206874631,0.879125540329139
N,0.08026509572901326,0.6356536348363075,0.879125540329139
N,0.08063328424153167,0.6357217454479408,0.879125540329139
N,0.08081737849779087,0.6358352631339963,0.879125540329139
N,0.08118556701030928,0.6360850020433183,0.879125540329139
N,0.08155375552282769,0.63694773645734,0.879125540329139
N,0.0819219440353461,0.6372428824410843,0.879125540329139
N,0.0821060382916053,0.6376742496480952,0.879125540329139
N,0.08247422680412371,0.6381964310039504,0.879125540329139
N,0.08265832106038291,0.6384234663760614,0.879125540329139
N,0.08302650957290132,0.63880942650865,0.879125540329139
N,0.08321060382916053,0.6392862007900831,0.879125540329139
N,0.08339469808541973,0.6396721609226718,0.879125540329139
N,0.08376288659793814,0.6402170458157381,0.879125540329139
N,0.08413107511045656,0.6403986741134269,0.879125540329139
N,0.08449926362297497,0.6405803024111156,0.879125540329139
N,0.08486745213549338,0.6410797802297598,0.879125540329139
N,0.08505154639175258,0.6413749262135041,0.879125540329139
N,0.08541973490427099,0.6413976297507151,0.879125540329139
N,0.08560382916053019,0.6415565545111929,0.879125540329139
N,0.0859720176730486,0.6416700721972484,0.879125540329139
N,0.0861561119293078,0.641828996957726,0.879125540329139
N,0.08652430044182621,0.6421695500158925,0.879125540329139
N,0.08670839469808542,0.6426236207601145,0.879125540329139
N,0.08707658321060383,0.6426690278345366,0.879125540329139
N,0.08726067746686303,0.6431230985787586,0.879125540329139
N,0.08762886597938144,0.6433728374880806,0.879125540329139
N,0.08799705449189986,0.6435317622485583,0.879125540329139
N,0.08836524300441827,0.644144757753258,0.879125540329139
N,0.08854933726067747,0.6454388593742905,0.879125540329139
N,0.08891752577319588,0.6457567088952458,0.879125540329139
N,0.08910162002945508,0.6461880761022567,0.879125540329139
N,0.08946980854197349,0.646710257458112,0.879125540329139
N,0.0896539027982327,0.6468464786813786,0.879125540329139
N,0.09020618556701031,0.6468691822185897,0.879125540329139
N,0.09039027982326951,0.6479362484675112,0.879125540329139
N,0.09075846833578792,0.6480497661535667,0.879125540329139
N,0.09094256259204712,0.6488897970303773,0.879125540329139
N,0.09131075110456553,0.6491395359396994,0.879125540329139
N,0.09167893961708394,0.6493438677745993,0.879125540329139
N,0.09204712812960236,0.6493665713118104,0.879125540329139
N,0.09223122238586157,0.6500476774281433,0.879125540329139
N,0.09259941089837997,0.6503201198746765,0.879125540329139
N,0.09278350515463918,0.6508195976933207,0.879125540329139
N,0.09315169366715759,0.6512963719747537,0.879125540329139
N,0.09333578792341679,0.6518639604050311,0.879125540329139
N,0.0938880706921944,0.6519093674794533,0.879125540329139
N,0.09407216494845361,0.6520228851655088,0.879125540329139
N,0.09425625920471281,0.6521818099259865,0.879125540329139
N,0.09462444771723122,0.6527948054306861,0.879125540329139
N,0.09499263622974963,0.653248876174908,0.879125540329139
N,0.09517673048600883,0.6539980929028743,0.879125540329139
N,0.09554491899852724,0.6540434999772965,0.879125540329139
N,0.09591310751104566,0.6543840530354629,0.879125540329139
N,0.09628129602356407,0.6547700131680516,0.879125540329139
N,0.09646539027982327,0.6552694909866957,0.879125540329139
N,0.09683357879234168,0.6558824864913954,0.879125540329139
N,0.09701767304860089,0.6560868183262952,0.879125540329139
N,0.0973858615611193,0.6563592607728284,0.879125540329139
N,0.0975699558173785,0.656495481996095,0.879125540329139
N,0.09812223858615611,0.6567452209054171,0.879125540329139
N,0.09830633284241531,0.6568360350542615,0.879125540329139
N,0.09867452135493372,0.6570630704263725,0.879125540329139
N,0.09885861561119293,0.6572901057984833,0.879125540329139
N,0.09922680412371133,0.6574944376333833,0.879125540329139
N,0.09941089837997054,0.6582890614357717,0.879125540329139
N,0.09977908689248896,0.6584706897334605,0.879125540329139
N,0.09996318114874816,0.6592199064614267,0.879125540329139
N,0.10033136966126657,0.6592426099986378,0.879125540329139
N,0.10051546391752578,0.6594242382963266,0.879125540329139
N,0.10088365243004419,0.6596739772056487,0.879125540329139
N,0.10106774668630339,0.6600372338010262,0.879125540329139
N,0.1014359351988218,0.6600599373382373,0.879125540329139
N,0.101620029455081,0.6603777868591927,0.879125540329139
N,0.10198821796759941,0.6609680788266812,0.879125540329139
N,0.10217231222385861,0.6617627026290696,0.879125540329139
N,0.10254050073637702,0.6617854061662807,0.879125540329139
N,0.10272459499263623,0.6624438087454025,0.879125540329139
N,0.10290868924889543,0.6628751759524134,0.879125540329139
N,0.10309278350515463,0.6633973573082687,0.879125540329139
N,0.10346097201767304,0.6634200608454798,0.879125540329139
N,0.10364506627393226,0.6641011669618127,0.879125540329139
N,0.10401325478645067,0.6642600917222903,0.879125540329139
N,0.10419734904270987,0.6648276801525678,0.879125540329139
N,0.10456553755522828,0.6651455296735231,0.879125540329139
N,0.10474963181148748,0.6652817508967898,0.879125540329139
N,0.10511782032400589,0.6654179721200563,0.879125540329139
N,0.1053019145802651,0.665576896880534,0.879125540329139
N,0.1056701030927835,0.6656904145665895,0.879125540329139
N,0.10585419734904271,0.6659628570131226,0.879125540329139
N,0.10622238586156112,0.6663034100712891,0.879125540329139
N,0.10640648011782032,0.666507741906189,0.879125540329139
N,0.10677466863033873,0.6667801843527221,0.879125540329139
N,0.10714285714285714,0.6669618126504109,0.879125540329139
N,0.10751104565537556,0.6670299232620442,0.879125540329139
N,0.10769513991163476,0.6673023657085774,0.879125540329139
N,0.10806332842415317,0.6673250692457885,0.879125540329139
N,0.10824742268041238,0.6677791399900105,0.879125540329139
N,0.10861561119293078,0.6678018435272215,0.879125540329139
N,0.10879970544918999,0.6678699541388549,0.879125540329139
N,0.10898379970544919,0.6679607682876992,0.879125540329139
N,0.1093519882179676,0.6679834718249104,0.879125540329139
N,0.1095360824742268,0.6684375425691322,0.879125540329139
N,0.11008836524300442,0.6684829496435545,0.879125540329139
N,0.11027245949926362,0.6688916133133542,0.879125540329139
N,0.11064064801178203,0.6689143168505653,0.879125540329139
N,0.11082474226804123,0.6699813830994868,0.879125540329139
N,0.11137702503681886,0.6700949007855423,0.879125540329139
N,0.11156111929307806,0.6701857149343867,0.879125540329139
N,0.11192930780559647,0.6702992326204422,0.879125540329139
N,0.11211340206185567,0.6705489715297643,0.879125540329139
N,0.11248159057437408,0.6706397856786087,0.879125540329139
N,0.11266568483063329,0.6708895245879308,0.879125540329139
N,0.1130338733431517,0.6710257458111973,0.879125540329139
N,0.1132179675994109,0.671865776688008,0.879125540329139
N,0.11377025036818851,0.6718884802252191,0.879125540329139
N,0.11395434462444771,0.6721155155973301,0.879125540329139
N,0.11432253313696612,0.6721382191345412,0.879125540329139
N,0.11450662739322533,0.6726376969531853,0.879125540329139
N,0.11524300441826216,0.6726604004903964,0.879125540329139
N,0.11542709867452136,0.6734323207555737,0.879125540329139
N,0.11579528718703977,0.6735231349044181,0.879125540329139
N,0.11597938144329897,0.6737955773509513,0.879125540329139
N,0.11653166421207659,0.674204241020751,0.879125540329139
N,0.11671575846833579,0.6744766834672842,0.879125540329139
N,0.1170839469808542,0.6745674976161286,0.879125540329139
N,0.1172680412371134,0.6751804931208282,0.879125540329139
N,0.11763622974963181,0.6752486037324615,0.879125540329139
N,0.11782032400589101,0.6755664532534169,0.879125540329139
N,0.11818851251840942,0.6757480815511057,0.879125540329139
N,0.11837260677466863,0.67583889569995,0.879125540329139
N,0.11874079528718703,0.6759751169232167,0.879125540329139
N,0.11929307805596466,0.6760432275348499,0.879125540329139
N,0.11966126656848307,0.6762475593697498,0.879125540329139
N,0.11984536082474227,0.6764518912046497,0.879125540329139
N,0.12076583210603829,0.6767924442628162,0.879125540329139
N,0.1209499263622975,0.6771784043954048,0.879125540329139
N,0.1213181148748159,0.6780638423466376,0.879125540329139
N,0.12150220913107511,0.6784270989420151,0.879125540329139
N,0.12168630338733431,0.6784952095536485,0.879125540329139
N,0.12187039764359352,0.6786541343141261,0.879125540329139
N,0.12223858615611193,0.6788811696862371,0.879125540329139
N,0.12242268041237113,0.6790627979839259,0.879125540329139
N,0.12279086892488954,0.6792217227444036,0.879125540329139
N,0.12297496318114874,0.6795849793397811,0.879125540329139
N,0.12334315169366716,0.6800844571584252,0.879125540329139
N,0.12352724594992637,0.6803114925305362,0.879125540329139
N,0.12389543446244478,0.6804477137538029,0.879125540329139
N,0.12407952871870398,0.6806293420514916,0.879125540329139
N,0.12444771723122239,0.6806974526631249,0.879125540329139
N,0.12463181148748159,0.6808790809608137,0.879125540329139
N,0.125,0.6809925986468692,0.879125540329139
N,0.1253681885125184,0.6812877446306135,0.879125540329139
N,0.12573637702503682,0.6813785587794579,0.879125540329139
N,0.12592047128129602,0.6817191118376243,0.879125540329139
N,0.12628865979381443,0.6819234436725242,0.879125540329139
N,0.12647275405007363,0.6822185896562685,0.879125540329139
N,0.12702503681885124,0.682581846251646,0.879125540329139
N,0.12720913107511045,0.6826726604004903,0.879125540329139
N,0.12757731958762886,0.6826953639377015,0.879125540329139
N,0.12776141384388806,0.6834445806656677,0.879125540329139
N,0.12812960235640647,0.683739726649412,0.879125540329139
N,0.12831369661266567,0.6839213549471007,0.879125540329139
N,0.12868188512518408,0.6840575761703673,0.879125540329139
N,0.12886597938144329,0.6846024610634337,0.879125540329139
N,0.12923416789396172,0.6847840893611224,0.879125540329139
N,0.12941826215022093,0.6864187440403214,0.879125540329139
N,0.13015463917525774,0.6867592970984879,0.879125540329139
N,0.13033873343151695,0.6869182218589657,0.879125540329139
N,0.13070692194403535,0.6869863324705989,0.879125540329139
N,0.13089101620029456,0.6871225536938655,0.879125540329139
N,0.13125920471281297,0.6873041819915543,0.879125540329139
N,0.13162739322533137,0.6873949961403987,0.879125540329139
N,0.13199558173784978,0.687485810289243,0.879125540329139
N,0.13217967599410899,0.6881215093311538,0.879125540329139
N,0.1327319587628866,0.688166916405576,0.879125540329139
N,0.1329160530191458,0.6886663942242202,0.879125540329139
N,0.1332842415316642,0.6888934295963312,0.879125540329139
N,0.13346833578792341,0.6892112791172865,0.879125540329139
N,0.13402061855670103,0.6893929074149753,0.879125540329139
N,0.13420471281296023,0.6897107569359306,0.879125540329139
N,0.13457290132547864,0.6898242746219861,0.879125540329139
N,0.13475699558173784,0.6902329382917859,0.879125540329139
N,0.13512518409425625,0.6903918630522635,0.879125540329139
N,0.13530927835051546,0.6909367479453299,0.879125540329139
N,0.13567746686303386,0.6911410797802298,0.879125540329139
N,0.13604565537555227,0.6915043363756073,0.879125540329139
N,0.13641384388807068,0.6917994823593516,0.879125540329139
N,0.13659793814432988,0.6928438450710621,0.879125540329139
N,0.13696612665684832,0.6928665486082731,0.879125540329139
N,0.13715022091310752,0.6933206193524951,0.879125540329139
N,0.13770250368188514,0.6935022476501839,0.879125540329139
N,0.13807069219440354,0.6940471325432502,0.879125540329139
N,0.13825478645066275,0.6941379466920946,0.879125540329139
N,0.13862297496318116,0.694228760840939,0.879125540329139
N,0.13880706921944036,0.6945693138991055,0.879125540329139
N,0.13917525773195877,0.6948190528084276,0.879125540329139
N,0.13935935198821797,0.6951141987921718,0.879125540329139
N,0.13972754050073638,0.6952277164782273,0.879125540329139
N,0.13991163475699558,0.6966353357853153,0.879125540329139
N,0.140279823269514,0.6969304817690596,0.879125540329139
N,0.1404639175257732,0.6971575171411706,0.879125540329139
N,0.1406480117820324,0.6972256277528038,0.879125540329139
N,0.1408321060382916,0.6985197293738364,0.879125540329139
N,0.14120029455081,0.6985651364482587,0.879125540329139
N,0.14120029455081,0.6996094991599692,0.879125540329139
N,0.14156848306332842,0.6997003133088135,0.879125540329139
N,0.14175257731958762,0.6997911274576579,0.879125540329139
N,0.14230486008836524,0.7001089769786133,0.879125540329139
N,0.14248895434462444,0.7006084547972574,0.879125540329139
N,0.14322533136966126,0.7006311583344685,0.879125540329139
N,0.14340942562592046,0.7009263043182128,0.879125540329139
N,0.14377761413843887,0.7009717113926349,0.879125540329139
N,0.14396170839469807,0.70169822458339,0.879125540329139
N,0.14432989690721648,0.7017663351950234,0.879125540329139
N,0.14451399116347569,0.7021977024020343,0.879125540329139
N,0.14488217967599412,0.7022885165508786,0.879125540329139
N,0.14506627393225333,0.7024247377741452,0.879125540329139
N,0.14543446244477173,0.7025836625346229,0.879125540329139
N,0.14561855670103094,0.7035599146347001,0.879125540329139
N,0.14598674521354935,0.7037415429323889,0.879125540329139
N,0.14617083946980855,0.7041956136766108,0.879125540329139
N,0.14635493372606775,0.7043999455115106,0.879125540329139
N,0.14653902798232696,0.704468056123144,0.879125540329139
N,0.14690721649484537,0.7046496844208328,0.879125540329139
N,0.14709131075110457,0.7053080869999546,0.879125540329139
N,0.14745949926362298,0.7053534940743768,0.879125540329139
N,0.14764359351988218,0.7055351223720656,0.879125540329139
N,0.148379970544919,0.7056032329836989,0.879125540329139
N,0.148379970544919,0.7058075648185987,0.879125540329139
N,0.1487481590574374,0.7060118966534986,0.879125540329139
N,0.1489322533136966,0.706102710802343,0.879125540329139
N,0.14930044182621502,0.7062389320256096,0.879125540329139
N,0.14948453608247422,0.7069427416791536,0.879125540329139
N,0.15003681885125184,0.7070108522907869,0.879125540329139
N,0.15022091310751104,0.7074422194977977,0.879125540329139
N,0.15058910162002945,0.7075330336466421,0.879125540329139
N,0.15077319587628865,0.7077600690187531,0.879125540329139
N,0.15114138438880706,0.7078054760931753,0.879125540329139
N,0.15150957290132547,0.7082141397629751,0.879125540329139
N,0.15187776141384388,0.7087363211188303,0.879125540329139
N,0.15206185567010308,0.7092357989374745,0.879125540329139
N,0.15243004418262152,0.7093039095491077,0.879125540329139
N,0.15261413843888072,0.7099169050538073,0.879125540329139
N,0.15298232695139913,0.710053126277074,0.879125540329139
N,0.15316642120765833,0.710280161649185,0.879125540329139
N,0.15371870397643594,0.7103709757980293,0.879125540329139
N,0.15390279823269515,0.7108477500794623,0.879125540329139
N,0.15427098674521356,0.710983971302729,0.879125540329139
N,0.15445508100147276,0.7113018208236843,0.879125540329139
N,0.15500736377025037,0.7114153385097398,0.879125540329139
N,0.15519145802650958,0.7117104844934841,0.879125540329139
N,0.1557437407952872,0.7117785951051174,0.879125540329139
N,0.1559278350515464,0.7119829269400173,0.879125540329139
N,0.1562960235640648,0.7123007764609727,0.879125540329139
N,0.156480117820324,0.7130499931889388,0.879125540329139
N,0.15721649484536082,0.7132543250238387,0.879125540329139
N,0.15740058910162003,0.7134586568587385,0.879125540329139
N,0.15776877761413843,0.7134813603959497,0.879125540329139
N,0.15813696612665684,0.7138900240657494,0.879125540329139
N,0.15850515463917525,0.7140716523634382,0.879125540329139
N,0.15868924889543445,0.714503019570449,0.879125540329139
N,0.15905743740795286,0.7145257231076602,0.879125540329139
N,0.15924153166421207,0.7148662761658267,0.879125540329139
N,0.15960972017673047,0.7149343867774599,0.879125540329139
N,0.15979381443298968,0.7152522362984153,0.879125540329139
N,0.16034609720176732,0.7155700858193706,0.879125540329139
N,0.16034609720176732,0.7158425282659038,0.879125540329139
N,0.16089837997054493,0.7159106388775371,0.879125540329139
N,0.16108247422680413,0.7160468601008037,0.879125540329139
N,0.16163475699558175,0.7161830813240703,0.879125540329139
N,0.16181885125184095,0.7165236343822368,0.879125540329139
N,0.16237113402061856,0.7167052626799255,0.879125540329139
N,0.16273932253313697,0.7170912228125141,0.879125540329139
N,0.16310751104565538,0.7171593334241475,0.879125540329139
N,0.1634756995581738,0.7176815147800027,0.879125540329139
N,0.1638438880706922,0.7177042183172139,0.879125540329139
N,0.1640279823269514,0.7178177360032693,0.879125540329139
N,0.164580265095729,0.7178631430776915,0.879125540329139
N,0.16476435935198822,0.7181809925986469,0.879125540329139
N,0.16513254786450662,0.7182718067474912,0.879125540329139
N,0.16531664212076583,0.7185896562684466,0.879125540329139
N,0.16568483063328424,0.7188166916405576,0.879125540329139
N,0.16586892488954344,0.7189756164010352,0.879125540329139
N,0.16623711340206185,0.719134541161513,0.879125540329139
N,0.16642120765832105,0.7192480588475685,0.879125540329139
N,0.16678939617083946,0.7195659083685239,0.879125540329139
N,0.16697349042709866,0.720292421559279,0.879125540329139
N,0.16734167893961707,0.7208827135267675,0.879125540329139
N,0.16752577319587628,0.7211324524360896,0.879125540329139
N,0.16789396170839468,0.7211778595105117,0.879125540329139
N,0.16826215022091312,0.721473005494256,0.879125540329139
N,0.16863033873343153,0.7217908550152113,0.879125540329139
N,0.16881443298969073,0.7219497797756891,0.879125540329139
N,0.16936671575846834,0.7220178903873223,0.879125540329139
N,0.16955081001472755,0.7222449257594333,0.879125540329139
N,0.17010309278350516,0.7225400717431776,0.879125540329139
N,0.17028718703976436,0.7226535894292331,0.879125540329139
N,0.17065537555228277,0.7228806248013441,0.879125540329139
N,0.17083946980854198,0.7230168460246106,0.879125540329139
N,0.1713917525773196,0.7231757707850883,0.879125540329139
N,0.171759941089838,0.7236071379920992,0.879125540329139
N,0.1721281296023564,0.7238795804386323,0.879125540329139
N,0.1723122238586156,0.7246060936293874,0.879125540329139
N,0.17268041237113402,0.7246742042410208,0.879125540329139
N,0.17286450662739322,0.7248331290014984,0.879125540329139
N,0.17323269513991163,0.7253099032829314,0.879125540329139
N,0.17341678939617083,0.7259456023248422,0.879125540329139
N,0.17378497790868924,0.7260137129364755,0.879125540329139
N,0.17396907216494845,0.726149934159742,0.879125540329139
N,0.17415316642120765,0.7262861553830087,0.879125540329139
N,0.17452135493372606,0.7264223766062753,0.879125540329139
N,0.17488954344624447,0.7272851110202969,0.879125540329139
N,0.17544182621502208,0.7274667393179858,0.879125540329139
N,0.17581001472754051,0.7275575534668302,0.879125540329139
N,0.17636229749631813,0.7276483676156745,0.879125540329139
N,0.17654639175257733,0.7277391817645189,0.879125540329139
N,0.17691458026509574,0.7278526994505744,0.879125540329139
N,0.17709867452135494,0.7280797348226854,0.879125540329139
N,0.17765095729013256,0.7281251418971075,0.879125540329139
N,0.17783505154639176,0.7284429914180629,0.879125540329139
N,0.17820324005891017,0.7289878763111293,0.879125540329139
N,0.17838733431516937,0.7294646505925623,0.879125540329139
N,0.17875552282768778,0.7297597965763066,0.879125540329139
N,0.17893961708394698,0.7300095354856286,0.879125540329139
N,0.1793078055964654,0.7301457567088953,0.879125540329139
N,0.1794918998527246,0.7305771239159061,0.879125540329139
N,0.179860088365243,0.7306679380647505,0.879125540329139
N,0.1802282768777614,0.730781455750806,0.879125540329139
N,0.18059646539027982,0.7308268628252281,0.879125540329139
N,0.18078055964653902,0.731031194660128,0.879125540329139
N,0.18114874815905743,0.7311220088089725,0.879125540329139
N,0.18133284241531664,0.7314398583299278,0.879125540329139
N,0.18170103092783504,0.7317350043136721,0.879125540329139
N,0.18188512518409425,0.7321663715206829,0.879125540329139
N,0.18225331369661266,0.7322344821323162,0.879125540329139
N,0.18243740795287186,0.732643145802116,0.879125540329139
N,0.18280559646539027,0.7328474776370159,0.879125540329139
N,0.18298969072164947,0.7329836988602825,0.879125540329139
N,0.18335787923416788,0.7334831766789266,0.879125540329139
N,0.18354197349042708,0.7337102120510376,0.879125540329139
N,0.18391016200294552,0.733801026199882,0.879125540329139
N,0.18409425625920472,0.734050765109204,0.879125540329139
N,0.18446244477172313,0.7340961721836262,0.879125540329139
N,0.18464653902798234,0.7344140217045816,0.879125540329139
N,0.18501472754050075,0.734504835853426,0.879125540329139
N,0.18519882179675995,0.7348907959860146,0.879125540329139
N,0.18556701030927836,0.7351405348953367,0.879125540329139
N,0.18575110456553756,0.7357535304000363,0.879125540329139
N,0.18611929307805597,0.735912455160514,0.879125540329139
N,0.18648748159057438,0.7363438223675248,0.879125540329139
N,0.18685567010309279,0.7363892294419471,0.879125540329139
N,0.187039764359352,0.7366616718884802,0.879125540329139
N,0.1874079528718704,0.7367524860373246,0.879125540329139
N,0.1875920471281296,0.7370703355582799,0.879125540329139
N,0.18814432989690721,0.737547109839713,0.879125540329139
N,0.18832842415316642,0.7377287381374018,0.879125540329139
N,0.18869661266568483,0.7380238841211461,0.879125540329139
N,0.18888070692194403,0.7382736230304682,0.879125540329139
N,0.18943298969072164,0.7385006584025792,0.879125540329139
N,0.18961708394698085,0.7388866185351678,0.879125540329139
N,0.18998527245949925,0.7389093220723789,0.879125540329139
N,0.19016936671575846,0.7393179857421787,0.879125540329139
N,0.19053755522827687,0.7394542069654452,0.879125540329139
N,0.19072164948453607,0.7395904281887118,0.879125540329139
N,0.19127393225331368,0.7400217953957227,0.879125540329139
N,0.19164212076583212,0.7402942378422558,0.879125540329139
N,0.19182621502209132,0.7407029015120555,0.879125540329139
N,0.19201030927835053,0.7411342687190664,0.879125540329139
N,0.19274668630338734,0.7411569722562775,0.879125540329139
N,0.19311487481590575,0.7414748217772329,0.879125540329139
N,0.19366715758468336,0.7415429323888661,0.879125540329139
N,0.19385125184094257,0.741747264223766,0.879125540329139
N,0.19421944035346098,0.742201334967988,0.879125540329139
N,0.19440353460972018,0.7423829632656768,0.879125540329139
N,0.19458762886597938,0.7427689233982655,0.879125540329139
N,0.195139911634757,0.7428824410843209,0.879125540329139
N,0.1953240058910162,0.7430413658447986,0.879125540329139
N,0.1958762886597938,0.743132179993643,0.879125540329139
N,0.19606038291605302,0.7435181401262316,0.879125540329139
N,0.19642857142857142,0.7438586931843981,0.879125540329139
N,0.19661266568483063,0.7441538391681424,0.879125540329139
N,0.19698085419734904,0.7446987240612087,0.879125540329139
N,0.19716494845360824,0.7448803523588975,0.879125540329139
N,0.19771723122238585,0.7450392771193752,0.879125540329139
N,0.19790132547864506,0.7454025337147527,0.879125540329139
N,0.19826951399116347,0.7456068655496526,0.879125540329139
N,0.19845360824742267,0.7457430867729192,0.879125540329139
N,0.19900589101620028,0.7458339009217636,0.879125540329139
N,0.19918998527245949,0.7459020115333969,0.879125540329139
N,0.19955817378497792,0.7462425645915634,0.879125540329139
N,0.19974226804123713,0.7465377105753076,0.879125540329139
N,0.20011045655375553,0.7465604141125187,0.879125540329139
N,0.20029455081001474,0.7466739317985742,0.879125540329139
N,0.20066273932253315,0.7467420424102075,0.879125540329139
N,0.20084683357879235,0.7472869273032738,0.879125540329139
N,0.20121502209131076,0.7473550379149071,0.879125540329139
N,0.20158321060382917,0.7474231485265405,0.879125540329139
N,0.20195139911634757,0.7474685556009626,0.879125540329139
N,0.20231958762886598,0.7481496617172956,0.879125540329139
N,0.2026877761413844,0.7482177723289288,0.879125540329139
N,0.2030559646539028,0.7484902147754621,0.879125540329139
N,0.20379234167893961,0.7485356218498842,0.879125540329139
N,0.20397643593519882,0.7490805067429506,0.879125540329139
N,0.20434462444771723,0.7492848385778504,0.879125540329139
N,0.20508100147275404,0.7493756527266948,0.879125540329139
N,0.20544918998527245,0.7494664668755392,0.879125540329139
N,0.20600147275405006,0.7496707987104391,0.879125540329139
N,0.20636966126656847,0.7498070199337057,0.879125540329139
N,0.20655375552282768,0.7499205376197612,0.879125540329139
N,0.20692194403534608,0.7499432411569723,0.879125540329139
N,0.20710603829160532,0.7501248694546611,0.879125540329139
N,0.20747422680412372,0.7502383871407166,0.879125540329139
N,0.20784241531664213,0.7504200154384053,0.879125540329139
N,0.20821060382916054,0.7507151614221496,0.879125540329139
N,0.20839469808541974,0.751055714480316,0.879125540329139
N,0.20876288659793815,0.7511465286291604,0.879125540329139
N,0.20894698085419736,0.7512600463152159,0.879125540329139
N,0.20931516936671576,0.7513962675384825,0.879125540329139
N,0.20949926362297497,0.7514643781501158,0.879125540329139
N,0.20986745213549338,0.751532488761749,0.879125540329139
N,0.21005154639175258,0.7524179267129819,0.879125540329139
N,0.210419734904271,0.7525768514734595,0.879125540329139
N,0.2106038291605302,0.7527357762339373,0.879125540329139
N,0.2109720176730486,0.7527811833083594,0.879125540329139
N,0.2111561119293078,0.7529401080688372,0.879125540329139
N,0.2115243004418262,0.7531217363665259,0.879125540329139
N,0.21170839469808542,0.7537574354084366,0.879125540329139
N,0.21207658321060383,0.7538028424828588,0.879125540329139
N,0.21226067746686303,0.7547563910457249,0.879125540329139
N,0.21281296023564064,0.7548245016573583,0.879125540329139
N,0.21299705449189985,0.7556418289969578,0.879125540329139
N,0.21336524300441825,0.7556645325341689,0.879125540329139
N,0.21354933726067746,0.755936974980702,0.879125540329139
N,0.21391752577319587,0.7559596785179131,0.879125540329139
N,0.21410162002945507,0.7565726740226127,0.879125540329139
N,0.21446980854197348,0.7566634881714571,0.879125540329139
N,0.21465390279823268,0.7567543023203015,0.879125540329139
N,0.21520618556701032,0.7568905235435681,0.879125540329139
N,0.21539027982326953,0.7573672978250011,0.879125540329139
N,0.21575846833578793,0.7578213685692231,0.879125540329139
N,0.21594256259204714,0.7580938110157562,0.879125540329139
N,0.21649484536082475,0.758275439313445,0.879125540329139
N,0.21667893961708395,0.7586159923716115,0.879125540329139
N,0.21704712812960236,0.7590019525042001,0.879125540329139
N,0.21723122238586157,0.7591154701902556,0.879125540329139
N,0.21759941089837997,0.7592516914135222,0.879125540329139
N,0.21778350515463918,0.7595014303228443,0.879125540329139
N,0.2183357879234168,0.7596149480088998,0.879125540329139
N,0.218519882179676,0.7597284656949552,0.879125540329139
N,0.2188880706921944,0.7597738727693775,0.879125540329139
N,0.2190721649484536,0.7602960541252327,0.879125540329139
N,0.21944035346097202,0.7604549788857103,0.879125540329139
N,0.21962444771723122,0.7606139036461881,0.879125540329139
N,0.22036082474226804,0.7607728284066657,0.879125540329139
N,0.22072901325478644,0.7610225673159878,0.879125540329139
N,0.22109720176730485,0.761295009762521,0.879125540329139
N,0.22146539027982326,0.7618625981927984,0.879125540329139
N,0.22183357879234167,0.7619534123416428,0.879125540329139
N,0.22201767304860087,0.7621123371021206,0.879125540329139
N,0.22256995581737848,0.7629977750533533,0.879125540329139
N,0.22275405007363772,0.7634972528719974,0.879125540329139
N,0.22330633284241533,0.7635880670208418,0.879125540329139
N,0.22349042709867453,0.7637242882441084,0.879125540329139
N,0.22385861561119294,0.7642691731371748,0.879125540329139
N,0.22441089837997055,0.7647005403441857,0.879125540329139
N,0.22477908689248896,0.7649048721790855,0.879125540329139
N,0.22496318114874816,0.7652454252372519,0.879125540329139
N,0.22533136966126657,0.7654270535349408,0.879125540329139
N,0.22551546391752578,0.7655859782954184,0.879125540329139
N,0.22588365243004419,0.7658357172047405,0.879125540329139
N,0.2260677466863034,0.7661081596512737,0.879125540329139
N,0.226620029455081,0.7662670844117514,0.879125540329139
N,0.2268041237113402,0.7666757480815511,0.879125540329139
N,0.2271723122238586,0.7666984516187622,0.879125540329139
N,0.22735640648011782,0.7669481905280843,0.879125540329139
N,0.22772459499263623,0.7669708940652954,0.879125540329139
N,0.22790868924889543,0.7673341506606729,0.879125540329139
N,0.22827687776141384,0.7675384824955728,0.879125540329139
N,0.22846097201767304,0.767583889569995,0.879125540329139
N,0.22901325478645065,0.7677201107932616,0.879125540329139
N,0.22919734904270986,0.7681514780002724,0.879125540329139
N,0.22974963181148747,0.768287699223539,0.879125540329139
N,0.22993372606774667,0.7686509558189166,0.879125540329139
N,0.23048600883652431,0.7687190664305499,0.879125540329139
N,0.23067010309278352,0.7695818008445716,0.879125540329139
N,0.23103829160530193,0.7698315397538936,0.879125540329139
N,0.23122238586156113,0.7701720928120601,0.879125540329139
N,0.23159057437407954,0.7703991281841711,0.879125540329139
N,0.23177466863033874,0.7704445352585932,0.879125540329139
N,0.23232695139911635,0.7704672387958044,0.879125540329139
N,0.23251104565537556,0.7707396812423376,0.879125540329139
N,0.23287923416789397,0.7707850883167597,0.879125540329139
N,0.23306332842415317,0.7712845661354039,0.879125540329139
N,0.23343151693667158,0.7714888979703037,0.879125540329139
N,0.23361561119293078,0.7716251191935704,0.879125540329139
N,0.2341678939617084,0.7716705262679926,0.879125540329139
N,0.2343519882179676,0.7721245970122145,0.879125540329139
N,0.2349042709867452,0.7725786677564365,0.879125540329139
N,0.23508836524300442,0.7728284066657585,0.879125540329139
N,0.23545655375552282,0.772919220814603,0.879125540329139
N,0.23564064801178203,0.7732143667983472,0.879125540329139
N,0.23582474226804123,0.7736911410797802,0.879125540329139
N,0.23637702503681884,0.7739408799891023,0.879125540329139
N,0.23674521354933725,0.7742133224356355,0.879125540329139
N,0.23729749631811486,0.7743495436589021,0.879125540329139
N,0.23748159057437407,0.7745992825682241,0.879125540329139
N,0.23784977908689248,0.7747582073287018,0.879125540329139
N,0.23803387334315168,0.7752576851473459,0.879125540329139
N,0.23840206185567012,0.7752803886845571,0.879125540329139
N,0.23858615611192932,0.7757117558915679,0.879125540329139
N,0.23895434462444773,0.7757798665032012,0.879125540329139
N,0.23913843888070693,0.7760750124869454,0.879125540329139
N,0.23950662739322534,0.7762112337102121,0.879125540329139
N,0.23969072164948454,0.7762793443218453,0.879125540329139
N,0.24024300441826216,0.7766880079916451,0.879125540329139
N,0.24042709867452136,0.7768469327521228,0.879125540329139
N,0.24079528718703977,0.7768696362893339,0.879125540329139
N,0.24097938144329897,0.7770512645870227,0.879125540329139
N,0.24134756995581738,0.777142078735867,0.879125540329139
N,0.2417157584683358,0.7774145211824002,0.879125540329139
N,0.2420839469808542,0.7776642600917223,0.879125540329139
N,0.2424521354933726,0.7779821096126777,0.879125540329139
N,0.2426362297496318,0.7784134768196885,0.879125540329139
N,0.24318851251840942,0.7785042909685329,0.879125540329139
N,0.24337260677466863,0.7787994369522772,0.879125540329139
N,0.24374079528718703,0.7788902511011215,0.879125540329139
N,0.24392488954344624,0.7790718793988103,0.879125540329139
N,0.24429307805596465,0.7792081006220769,0.879125540329139
N,0.24447717231222385,0.7793897289197657,0.879125540329139
N,0.24539764359351987,0.7795032466058212,0.879125540329139
N,0.24558173784977907,0.77968487490351,0.879125540329139
N,0.24594992636229748,0.7797756890523544,0.879125540329139
N,0.24613402061855671,0.7800027244244653,0.879125540329139
N,0.24650220913107512,0.7802297597965763,0.879125540329139
N,0.24687039764359353,0.7807746446896426,0.879125540329139
N,0.24723858615611194,0.7809108659129093,0.879125540329139
N,0.24742268041237114,0.7815011578803978,0.879125540329139
N,0.24779086892488955,0.7816146755664533,0.879125540329139
N,0.24834315169366716,0.7817508967897199,0.879125540329139
N,0.24871134020618557,0.7819552286246197,0.879125540329139
N,0.24889543446244478,0.7820687463106752,0.879125540329139
N,0.24907952871870398,0.7822276710711529,0.879125540329139
N,0.2494477172312224,0.7825228170548971,0.879125540329139
N,0.2496318114874816,0.7828179630386414,0.879125540329139
N,0.25,0.7828633701130636,0.879125540329139
N,0.2501840942562592,0.7830222948735412,0.879125540329139
N,0.2507363770250368,0.7831131090223857,0.879125540329139
N,0.250920471281296,0.7831585160968079,0.879125540329139
N,0.25128865979381443,0.7833855514689189,0.879125540329139
N,0.25147275405007363,0.7839758434364074,0.879125540329139
N,0.25184094256259204,0.7842028788085184,0.879125540329139
N,0.25202503681885124,0.7843845071062071,0.879125540329139
N,0.25257731958762886,0.7844072106434182,0.879125540329139
N,0.25276141384388806,0.7847477637015847,0.879125540329139
N,0.25312960235640647,0.784815874313218,0.879125540329139
N,0.2533136966126657,0.7849520955364846,0.879125540329139
N,0.2540500736377025,0.7849975026109067,0.879125540329139
N,0.2542341678939617,0.7850656132225401,0.879125540329139
N,0.2546023564064801,0.7851791309085956,0.879125540329139
N,0.2547864506627393,0.7852245379830177,0.879125540329139
N,0.2551546391752577,0.7853607592062843,0.879125540329139
N,0.2553387334315169,0.785496980429551,0.879125540329139
N,0.2557069219440353,0.7856559051900286,0.879125540329139
N,0.25589101620029453,0.7859510511737728,0.879125540329139
N,0.25625920471281294,0.7860191617854062,0.879125540329139
N,0.25644329896907214,0.7861553830086727,0.879125540329139
N,0.25681148748159055,0.7861780865458838,0.879125540329139
N,0.25699558173784975,0.7863143077691505,0.879125540329139
N,0.25736377025036816,0.7863824183807837,0.879125540329139
N,0.25754786450662737,0.7867229714389502,0.879125540329139
N,0.25791605301914583,0.7868364891250057,0.879125540329139
N,0.25810014727540503,0.7871997457203832,0.879125540329139
N,0.25846833578792344,0.7872451527948054,0.879125540329139
N,0.25865243004418265,0.7874721881669164,0.879125540329139
N,0.25902061855670105,0.7875857058529719,0.879125540329139
N,0.25920471281296026,0.7877446306134496,0.879125540329139
N,0.25957290132547867,0.7877673341506607,0.879125540329139
N,0.25975699558173787,0.7878808518367162,0.879125540329139
N,0.2601251840942563,0.7879035553739273,0.879125540329139
N,0.2603092783505155,0.7883349225809381,0.879125540329139
N,0.2606774668630339,0.7885165508786269,0.879125540329139
N,0.2608615611192931,0.7891522499205377,0.879125540329139
N,0.2614138438880707,0.7891749534577487,0.879125540329139
N,0.2615979381443299,0.7895155065159152,0.879125540329139
N,0.2621502209131075,0.7895609135903374,0.879125540329139
N,0.2623343151693667,0.7900603914089815,0.879125540329139
N,0.26270250368188514,0.7904690550787813,0.879125540329139
N,0.26288659793814434,0.7906960904508923,0.879125540329139
N,0.26325478645066275,0.7910366435090587,0.879125540329139
N,0.26343888070692195,0.7913771965672252,0.879125540329139
N,0.26380706921944036,0.7915588248649139,0.879125540329139
N,0.26399116347569956,0.7919901920719248,0.879125540329139
N,0.2645434462444772,0.7922172274440358,0.879125540329139
N,0.2647275405007364,0.7929437406347909,0.879125540329139
N,0.2650957290132548,0.7930118512464241,0.879125540329139
N,0.265279823269514,0.7938745856604459,0.879125540329139
N,0.2656480117820324,0.7939881033465014,0.879125540329139
N,0.2658321060382916,0.7941924351814013,0.879125540329139
N,0.26620029455081,0.7942605457930345,0.879125540329139
N,0.2663843888070692,0.7949189483721564,0.879125540329139
N,0.2667525773195876,0.7950097625210008,0.879125540329139
N,0.26693667157584683,0.7953730191163784,0.879125540329139
N,0.26730486008836524,0.7954638332652227,0.879125540329139
N,0.26767304860088365,0.7958724969350225,0.879125540329139
N,0.26804123711340205,0.7964400853652999,0.879125540329139
N,0.26822533136966126,0.7966444172001997,0.879125540329139
N,0.26859351988217967,0.7970757844072106,0.879125540329139
N,0.26877761413843887,0.7973255233165327,0.879125540329139
N,0.2691458026509573,0.7977341869863325,0.879125540329139
N,0.2693298969072165,0.798074740044499,0.879125540329139
N,0.2696980854197349,0.798324478953821,0.879125540329139
N,0.2698821796759941,0.7985742178631431,0.879125540329139
N,0.2704344624447717,0.7987331426236207,0.879125540329139
N,0.2708026509572901,0.7991418062934205,0.879125540329139
N,0.2711708394698085,0.7991872133678427,0.879125540329139
N,0.27153902798232693,0.7992780275166871,0.879125540329139
N,0.27190721649484534,0.7995050628887981,0.879125540329139
N,0.27209131075110454,0.7997548017981202,0.879125540329139
N,0.27245949926362295,0.7997775053353312,0.879125540329139
N,0.27282768777614136,0.7998229124097535,0.879125540329139
N,0.27319587628865977,0.799936430095809,0.879125540329139
N,0.27337997054491897,0.8002088725423421,0.879125540329139
N,0.27374815905743743,0.800413204377242,0.879125540329139
N,0.27393225331369664,0.8006629432865641,0.879125540329139
N,0.27430044182621505,0.8006856468237752,0.879125540329139
N,0.27448453608247425,0.8014348635517413,0.879125540329139
N,0.27522091310751107,0.8014802706261636,0.879125540329139
N,0.27540500736377027,0.8017527130726967,0.879125540329139
N,0.2763254786450663,0.8019797484448077,0.879125540329139
N,0.2765095729013255,0.8021840802797076,0.879125540329139
N,0.2770618556701031,0.802751668709985,0.879125540329139
N,0.2772459499263623,0.8029332970076738,0.879125540329139
N,0.2777982326951399,0.8031603323797848,0.879125540329139
N,0.27835051546391754,0.8033192571402624,0.879125540329139
N,0.27871870397643594,0.8037506243472733,0.879125540329139
N,0.27890279823269515,0.8042046950914953,0.879125540329139
N,0.27945508100147276,0.8042501021659174,0.879125540329139
N,0.27963917525773196,0.8044090269263952,0.879125540329139
N,0.2803755522827688,0.8044544340008173,0.879125540329139
N,0.2807437407952872,0.8046587658357172,0.879125540329139
N,0.281480117820324,0.8046814693729283,0.879125540329139
N,0.2816642120765832,0.804840394133406,0.879125540329139
N,0.28240058910162,0.8051582436543614,0.879125540329139
N,0.28258468335787923,0.8054306861008945,0.879125540329139
N,0.28295287187039764,0.80554420378695,0.879125540329139
N,0.28313696612665684,0.8057258320846388,0.879125540329139
N,0.28368924889543445,0.8060436816055941,0.879125540329139
N,0.28387334315169366,0.8061117922172274,0.879125540329139
N,0.28424153166421207,0.8061571992916496,0.879125540329139
N,0.28442562592047127,0.8062934205149163,0.879125540329139
N,0.2847938144329897,0.8064069382009718,0.879125540329139
N,0.2849779086892489,0.8066112700358716,0.879125540329139
N,0.2853460972017673,0.8068383054079825,0.879125540329139
N,0.2857142857142857,0.8071334513917269,0.879125540329139
N,0.2860824742268041,0.8071561549289379,0.879125540329139
N,0.2862665684830633,0.8072242655405713,0.879125540329139
N,0.2866347569955817,0.8073377832266267,0.879125540329139
N,0.2868188512518409,0.8079507787313264,0.879125540329139
N,0.28737113402061853,0.8079961858057485,0.879125540329139
N,0.28755522827687774,0.8086772919220815,0.879125540329139
N,0.28792341678939615,0.8090632520546701,0.879125540329139
N,0.28810751104565535,0.8095854334105254,0.879125540329139
N,0.28865979381443296,0.809721654633792,0.879125540329139
N,0.28902798232695137,0.8099259864686918,0.879125540329139
N,0.28939617083946984,0.8099940970803251,0.879125540329139
N,0.28958026509572904,0.8100849112291695,0.879125540329139
N,0.28994845360824745,0.8102438359896472,0.879125540329139
N,0.29013254786450665,0.8104481678245471,0.879125540329139
N,0.29050073637702506,0.8105389819733915,0.879125540329139
N,0.29068483063328426,0.8107660173455025,0.879125540329139
N,0.29105301914580267,0.8108114244199246,0.879125540329139
N,0.2912371134020619,0.8110157562548245,0.879125540329139
N,0.2916053019145803,0.8111065704036688,0.879125540329139
N,0.2917893961708395,0.8112881987013577,0.879125540329139
N,0.2921575846833579,0.8114017163874132,0.879125540329139
N,0.2923416789396171,0.8116968623711575,0.879125540329139
N,0.2927098674521355,0.8118784906688462,0.879125540329139
N,0.2928939617083947,0.8119693048176906,0.879125540329139
N,0.2934462444771723,0.8121055260409572,0.879125540329139
N,0.29363033873343153,0.8126277073968124,0.879125540329139
N,0.29399852724594994,0.8130136675294011,0.879125540329139
N,0.29418262150220914,0.8131952958270898,0.879125540329139
N,0.29455081001472755,0.8132861099759342,0.879125540329139
N,0.29473490427098675,0.8136266630341007,0.879125540329139
N,0.29528718703976436,0.8136947736457341,0.879125540329139
N,0.29547128129602357,0.8138991054806339,0.879125540329139
N,0.295839469808542,0.8141034373155338,0.879125540329139
N,0.2960235640648012,0.8147164328202334,0.879125540329139
N,0.2963917525773196,0.8149207646551333,0.879125540329139
N,0.2965758468335788,0.8152840212505108,0.879125540329139
N,0.2969440353460972,0.8158970167552104,0.879125540329139
N,0.2971281296023564,0.8162148662761658,0.879125540329139
N,0.2978645066273932,0.8163056804250102,0.879125540329139
N,0.2980486008836524,0.81651001225991,0.879125540329139
N,0.29841678939617083,0.817191118376243,0.879125540329139
N,0.29860088365243004,0.8175543749716205,0.879125540329139
N,0.29896907216494845,0.817894928029787,0.879125540329139
N,0.29915316642120765,0.8183262952367979,0.879125540329139
N,0.29952135493372606,0.8184625164600645,0.879125540329139
N,0.29970544918998526,0.8186441447577533,0.879125540329139
N,0.30007363770250367,0.8186668482949644,0.879125540329139
N,0.3002577319587629,0.818825773055442,0.879125540329139
N,0.3006259204712813,0.8190982155019753,0.879125540329139
N,0.3008100147275405,0.819529582708986,0.879125540329139
N,0.3011782032400589,0.8198247286927304,0.879125540329139
N,0.3013622974963181,0.8200971711392635,0.879125540329139
N,0.3019145802650957,0.8201198746764746,0.879125540329139
N,0.3022827687776141,0.8202787994369523,0.879125540329139
N,0.3026509572901325,0.8203696135857966,0.879125540329139
N,0.30283505154639173,0.8205739454206965,0.879125540329139
N,0.30320324005891014,0.8206647595695409,0.879125540329139
N,0.30338733431516934,0.8212777550742406,0.879125540329139
N,0.30375552282768775,0.8215274939835626,0.879125540329139
N,0.30393961708394696,0.8220042682649957,0.879125540329139
N,0.30430780559646536,0.8220496753394179,0.879125540329139
N,0.30449189985272457,0.822549153158062,0.879125540329139
N,0.30486008836524303,0.8226399673069064,0.879125540329139
N,0.30504418262150224,0.823003223902284,0.879125540329139
N,0.30541237113402064,0.8231621486627616,0.879125540329139
N,0.30578055964653905,0.8235254052581392,0.879125540329139
N,0.30633284241531666,0.8236162194069836,0.879125540329139
N,0.30651693667157587,0.8240929936884167,0.879125540329139
N,0.3070692194403535,0.8242292149116832,0.879125540329139
N,0.3076215022091311,0.8243654361349498,0.879125540329139
N,0.3081737849779087,0.8244562502837942,0.879125540329139
N,0.3083578792341679,0.8247740998047496,0.879125540329139
N,0.3087260677466863,0.8250692457884938,0.879125540329139
N,0.3089101620029455,0.8253643917722381,0.879125540329139
N,0.30946244477172313,0.8254552059210825,0.879125540329139
N,0.30964653902798234,0.82602279435136,0.879125540329139
N,0.31001472754050075,0.8262271261862598,0.879125540329139
N,0.31019882179675995,0.8265676792444263,0.879125540329139
N,0.31056701030927836,0.8266584933932707,0.879125540329139
N,0.31075110456553756,0.8271806747491259,0.879125540329139
N,0.31111929307805597,0.827203378286337,0.879125540329139
N,0.3114874815905744,0.8274077101212369,0.879125540329139
N,0.3118556701030928,0.8275666348817146,0.879125540329139
N,0.312039764359352,0.8280661127003587,0.879125540329139
N,0.3124079528718704,0.8281569268492031,0.879125540329139
N,0.3127761413843888,0.8282477409980475,0.879125540329139
N,0.3133284241531664,0.828383962221314,0.879125540329139
N,0.3135125184094256,0.828610997593425,0.879125540329139
N,0.31388070692194403,0.8286337011306362,0.879125540329139
N,0.31406480117820323,0.8288153294283249,0.879125540329139
N,0.31461708394698085,0.8288607365027472,0.879125540329139
N,0.31480117820324005,0.8290196612632248,0.879125540329139
N,0.31516936671575846,0.8290423648004359,0.879125540329139
N,0.31535346097201766,0.8295645461562912,0.879125540329139
N,0.31572164948453607,0.8296099532307133,0.879125540329139
N,0.3159057437407953,0.8299278027516687,0.879125540329139
N,0.3162739322533137,0.8300413204377242,0.879125540329139
N,0.3164580265095729,0.8302910593470463,0.879125540329139
N,0.3168262150220913,0.8304272805703129,0.879125540329139
N,0.3170103092783505,0.8307224265540571,0.879125540329139
N,0.3173784977908689,0.8308586477773237,0.879125540329139
N,0.3177466863033873,0.8313808291331789,0.879125540329139
N,0.3181148748159057,0.8314943468192344,0.879125540329139
N,0.31829896907216493,0.8321527493983563,0.879125540329139
N,0.31866715758468334,0.8324251918448894,0.879125540329139
N,0.31885125184094254,0.8327203378286337,0.879125540329139
N,0.31921944035346095,0.8328792625891114,0.879125540329139
N,0.31940353460972015,0.8335149616310221,0.879125540329139
N,0.31995581737849776,0.8336057757798665,0.879125540329139
N,0.32013991163475697,0.8336738863914998,0.879125540329139
N,0.32069219440353464,0.833719293465922,0.879125540329139
N,0.32087628865979384,0.8338555146891886,0.879125540329139
N,0.32142857142857145,0.8338782182263996,0.879125540329139
N,0.32179675994108986,0.8340144394496662,0.879125540329139
N,0.32216494845360827,0.8342641783589884,0.879125540329139
N,0.3223490427098675,0.8346047314171547,0.879125540329139
N,0.3227172312223859,0.8351496163102211,0.879125540329139
N,0.3229013254786451,0.8353766516823321,0.879125540329139
N,0.3234536082474227,0.8356036870544431,0.879125540329139
N,0.3238217967599411,0.836284793170776,0.879125540329139
N,0.3241899852724595,0.8363756073196204,0.879125540329139
N,0.3245581737849779,0.836738863914998,0.879125540329139
N,0.32492636229749633,0.8368296780638423,0.879125540329139
N,0.32511045655375553,0.83719293465922,0.879125540329139
N,0.32547864506627394,0.8372383417336421,0.879125540329139
N,0.32566273932253315,0.8376015983290197,0.879125540329139
N,0.32621502209131076,0.8377151160150752,0.879125540329139
N,0.32658321060382917,0.8383508150569858,0.879125540329139
N,0.3269513991163476,0.838373518594197,0.879125540329139
N,0.3271354933726068,0.8393270671570631,0.879125540329139
N,0.3275036818851252,0.8393951777686963,0.879125540329139
N,0.3276877761413844,0.8400535803478182,0.879125540329139
N,0.328240058910162,0.8401670980338737,0.879125540329139
N,0.3284241531664212,0.8402352086455069,0.879125540329139
N,0.3286082474226804,0.8412795713572174,0.879125540329139
N,0.3289764359351988,0.8415066067293284,0.879125540329139
N,0.329160530191458,0.8419833810107614,0.879125540329139
N,0.32952871870397643,0.842119602234028,0.879125540329139
N,0.32989690721649484,0.8423693411433502,0.879125540329139
N,0.33026509572901325,0.8425509694410389,0.879125540329139
N,0.33044918998527245,0.8427780048131499,0.879125540329139
N,0.33081737849779086,0.8429596331108387,0.879125540329139
N,0.33100147275405006,0.8433455932434273,0.879125540329139
N,0.33136966126656847,0.8434818144666939,0.879125540329139
N,0.3315537555228277,0.8437088498388049,0.879125540329139
N,0.3319219440353461,0.843731553376016,0.879125540329139
N,0.3321060382916053,0.8438904781364936,0.879125540329139
N,0.3324742268041237,0.8440039958225491,0.879125540329139
N,0.3326583210603829,0.8444807701039821,0.879125540329139
N,0.3332106038291605,0.8446169913272488,0.879125540329139
N,0.3333946980854197,0.8454343186668483,0.879125540329139
N,0.3337628865979381,0.845842982336648,0.879125540329139
N,0.33394698085419733,0.8459110929482814,0.879125540329139
N,0.33431516936671574,0.846070017708759,0.879125540329139
N,0.33449926362297494,0.8461381283203924,0.879125540329139
N,0.33486745213549335,0.8462062389320256,0.879125540329139
N,0.33505154639175255,0.8468192344367252,0.879125540329139
N,0.33541973490427096,0.8469100485855696,0.879125540329139
N,0.33560382916053016,0.8472051945693139,0.879125540329139
N,0.33597201767304863,0.8480225219089134,0.879125540329139
N,0.33615611192930783,0.84815874313218,0.879125540329139
N,0.33652430044182624,0.8484992961903465,0.879125540329139
N,0.33689248895434465,0.849089588157835,0.879125540329139
N,0.33726067746686306,0.8491122916950461,0.879125540329139
N,0.33781296023564067,0.8496344730509013,0.879125540329139
N,0.3381811487481591,0.849770694274168,0.879125540329139
N,0.3383652430044183,0.8499296190346456,0.879125540329139
N,0.3387334315169367,0.8499523225718567,0.879125540329139
N,0.3389175257731959,0.8502701720928121,0.879125540329139
N,0.3398379970544919,0.8506334286881896,0.879125540329139
N,0.3402061855670103,0.8510420923579893,0.879125540329139
N,0.34057437407952873,0.8513145348045226,0.879125540329139
N,0.34075846833578793,0.8514280524905781,0.879125540329139
N,0.34112665684830634,0.8514507560277891,0.879125540329139
N,0.34149484536082475,0.8516777913999001,0.879125540329139
N,0.34186303387334316,0.8517231984743223,0.879125540329139
N,0.34204712812960236,0.8520637515324888,0.879125540329139
N,0.34241531664212077,0.8521318621441221,0.879125540329139
N,0.3427835051546392,0.8523361939790219,0.879125540329139
N,0.3433357879234168,0.8523588975162331,0.879125540329139
N,0.343519882179676,0.8527448576488217,0.879125540329139
N,0.3438880706921944,0.8527675611860328,0.879125540329139
N,0.3440721649484536,0.8528810788720883,0.879125540329139
N,0.344440353460972,0.8531535213186214,0.879125540329139
N,0.3446244477172312,0.8533578531535213,0.879125540329139
N,0.3449926362297496,0.8534486673023657,0.879125540329139
N,0.34517673048600883,0.8538800345093766,0.879125540329139
N,0.34554491899852724,0.8539027380465877,0.879125540329139
N,0.34572901325478644,0.8541978840303319,0.879125540329139
N,0.34591310751104565,0.8544930300140762,0.879125540329139
N,0.34609720176730485,0.8548335830722427,0.879125540329139
N,0.34646539027982326,0.8549471007582982,0.879125540329139
N,0.34664948453608246,0.8553557644280979,0.879125540329139
N,0.34701767304860087,0.8555146891885755,0.879125540329139
N,0.3472017673048601,0.8560141670072198,0.879125540329139
N,0.3475699558173785,0.8560368705444308,0.879125540329139
N,0.3477540500736377,0.8566044589747083,0.879125540329139
N,0.3481222385861561,0.8566952731235526,0.879125540329139
N,0.3483063328424153,0.8568314943468193,0.879125540329139
N,0.3486745213549337,0.857013122644508,0.879125540329139
N,0.3488586156111929,0.8571493438677746,0.879125540329139
N,0.34959499263622973,0.8571947509421968,0.879125540329139
N,0.34977908689248893,0.8575580075375744,0.879125540329139
N,0.35033136966126655,0.8576488216864188,0.879125540329139
N,0.35051546391752575,0.8581482995050629,0.879125540329139
N,0.35088365243004416,0.8586704808609181,0.879125540329139
N,0.35106774668630336,0.8587612950097625,0.879125540329139
N,0.35143593519882177,0.8590337374562957,0.879125540329139
N,0.35162002945508103,0.8593061799028289,0.879125540329139
N,0.35198821796759944,0.8596467329609954,0.879125540329139
N,0.35217231222385864,0.8600553966307951,0.879125540329139
N,0.35254050073637705,0.8601462107796395,0.879125540329139
N,0.35272459499263625,0.8603505426145394,0.879125540329139
N,0.35309278350515466,0.8603959496889615,0.879125540329139
N,0.35327687776141387,0.861667347772783,0.879125540329139
N,0.3536450662739323,0.8616900513099941,0.879125540329139
N,0.3538291605301915,0.8620533079053716,0.879125540329139
N,0.3541973490427099,0.8621441220542161,0.879125540329139
N,0.3543814432989691,0.8622122326658493,0.879125540329139
N,0.3547496318114875,0.8627117104844935,0.879125540329139
N,0.3549337260677467,0.8629841529310267,0.879125540329139
N,0.3554860088365243,0.8631430776915043,0.879125540329139
N,0.3556701030927835,0.8632338918403487,0.879125540329139
N,0.35622238586156113,0.8634609272124597,0.879125540329139
N,0.35640648011782033,0.8639604050311038,0.879125540329139
N,0.35677466863033874,0.863983108568315,0.879125540329139
N,0.35714285714285715,0.8640512191799482,0.879125540329139
N,0.35751104565537556,0.8641420333287926,0.879125540329139
N,0.35769513991163476,0.8645961040730146,0.879125540329139
N,0.3584315169366716,0.8649820642056032,0.879125540329139
N,0.3586156111929308,0.8654361349498252,0.879125540329139
N,0.3589837997054492,0.8655042455614584,0.879125540329139
N,0.3591678939617084,0.8657539844707806,0.879125540329139
N,0.3595360824742268,0.8659129092312582,0.879125540329139
N,0.359720176730486,0.8664804976615357,0.879125540329139
N,0.3600883652430044,0.8665259047359578,0.879125540329139
N,0.3602724594992636,0.8668664577941243,0.879125540329139
N,0.36064064801178203,0.8670026790173909,0.879125540329139
N,0.36082474226804123,0.8670707896290242,0.879125540329139
N,0.36137702503681884,0.8675248603732462,0.879125540329139
N,0.36156111929307805,0.867729192208146,0.879125540329139
N,0.36192930780559646,0.8677973028197793,0.879125540329139
N,0.36229749631811486,0.8680697452663125,0.879125540329139
N,0.3630338733431517,0.8683194841756345,0.879125540329139
N,0.3632179675994109,0.8687962584570676,0.879125540329139
N,0.3635861561119293,0.8690459973663897,0.879125540329139
N,0.3637702503681885,0.8695681787222449,0.879125540329139
N,0.3643225331369661,0.8696816964083004,0.879125540329139
N,0.3645066273932253,0.8699995459292558,0.879125540329139
N,0.36524300441826213,0.8701130636153113,0.879125540329139
N,0.36542709867452133,0.8703855060618444,0.879125540329139
N,0.36579528718703974,0.8704309131362666,0.879125540329139
N,0.36597938144329895,0.8706806520455888,0.879125540329139
N,0.36634756995581735,0.870975798029333,0.879125540329139
N,0.36653166421207656,0.8714071652363439,0.879125540329139
N,0.36708394698085417,0.8718612359805658,0.879125540329139
N,0.36726804123711343,0.8724515279480544,0.879125540329139
N,0.36800441826215025,0.8728601916178541,0.879125540329139
N,0.36818851251840945,0.8733823729737094,0.879125540329139
N,0.36855670103092786,0.8738591472551424,0.879125540329139
N,0.36910898379970547,0.8743586250737865,0.879125540329139
N,0.3696612665684831,0.8750624347273305,0.879125540329139
N,0.3698453608247423,0.8752440630250193,0.879125540329139
N,0.3702135493372607,0.8756754302320302,0.879125540329139
N,0.3703976435935199,0.8764246469599963,0.879125540329139
N,0.3707658321060383,0.8765381646460518,0.879125540329139
N,0.3711340206185567,0.8766062752576852,0.879125540329139
N,0.3715022091310751,0.876787903555374,0.879125540329139
N,0.3716863033873343,0.8771738636879626,0.879125540329139
N,0.37205449189985274,0.8772873813740181,0.879125540329139
N,0.37242268041237114,0.8781728193252508,0.879125540329139
N,0.37279086892488955,0.8785587794578396,0.879125540329139
N,0.37315905743740796,0.8788312219043727,0.879125540329139
N,0.3738954344624448,0.878899332516006,0.879125540329139
N,0.374079528718704,0.8790355537392726,0.879125540329139
N,0.3746318114874816,0.8792171820369613,0.879125540329139
N,0.3748159057437408,0.8792852926485947,0.879125540329139
N,0.3751840942562592,0.8793306997230168,0.879125540329139
N,0.3753681885125184,0.8797847704672388,0.879125540329139
N,0.3757363770250368,0.8798982881532943,0.879125540329139
N,0.375920471281296,0.8805566907324162,0.879125540329139
N,0.37647275405007363,0.881010761476638,0.879125540329139
N,0.37665684830633284,0.8813967216092267,0.879125540329139
N,0.37720913107511045,0.8815102392952822,0.879125540329139
N,0.37739322533136965,0.8818507923534487,0.879125540329139
N,0.37776141384388806,0.8820324206511374,0.879125540329139
N,0.37794550810014726,0.8822367524860373,0.879125540329139
N,0.3786818851251841,0.8822821595604595,0.879125540329139
N,0.3788659793814433,0.8823729737093039,0.879125540329139
N,0.3792341678939617,0.882849747990737,0.879125540329139
N,0.3794182621502209,0.8836443717931254,0.879125540329139
N,0.3797864506627393,0.8838260000908141,0.879125540329139
N,0.3801546391752577,0.8842119602234028,0.879125540329139
N,0.3805228276877761,0.8843935885210916,0.879125540329139
N,0.3807069219440353,0.8846660309676248,0.879125540329139
N,0.38107511045655373,0.8849157698769469,0.879125540329139
N,0.38125920471281294,0.884961176951369,0.879125540329139
N,0.38162739322533135,0.8849838804885801,0.879125540329139
N,0.38181148748159055,0.8852336193979022,0.879125540329139
N,0.38217967599410896,0.8854606547700131,0.879125540329139
N,0.38236377025036816,0.8855968759932797,0.879125540329139
N,0.38291605301914583,0.8857785042909685,0.879125540329139
N,0.38310014727540503,0.8866639422422014,0.879125540329139
N,0.38365243004418265,0.886800163465468,0.879125540329139
N,0.38383652430044185,0.8872996412841121,0.879125540329139
N,0.38420471281296026,0.8875493801934341,0.879125540329139
N,0.38438880706921946,0.8877083049539118,0.879125540329139
N,0.38475699558173787,0.887731008491123,0.879125540329139
N,0.3849410898379971,0.8880261544748672,0.879125540329139
N,0.3851251840942563,0.8880942650865005,0.879125540329139
N,0.3853092783505155,0.8883667075330336,0.879125540329139
N,0.3856774668630339,0.8884802252190891,0.879125540329139
N,0.3860456553755523,0.8887980747400445,0.879125540329139
N,0.3864138438880707,0.8888888888888888,0.879125540329139
N,0.3865979381443299,0.8895472914680107,0.879125540329139
N,0.3869661266568483,0.889615402079644,0.879125540329139
N,0.3871502209131075,0.8899332516005993,0.879125540329139
N,0.38751840942562593,0.8900467692866548,0.879125540329139
N,0.38770250368188514,0.8903873223448213,0.879125540329139
N,0.38825478645066275,0.8904781364936657,0.879125540329139
N,0.38843888070692195,0.8905462471052991,0.879125540329139
N,0.38899116347569956,0.8907051718657767,0.879125540329139
N,0.38917525773195877,0.8915679062797984,0.879125540329139
N,0.3895434462444772,0.8916133133542206,0.879125540329139
N,0.3897275405007364,0.8925441583798756,0.879125540329139
N,0.3900957290132548,0.8926349725287199,0.879125540329139
N,0.390279823269514,0.893361485719475,0.879125540329139
N,0.3906480117820324,0.8934522998683195,0.879125540329139
N,0.3908321060382916,0.8937474458520638,0.879125540329139
N,0.39120029455081,0.8939971847613858,0.879125540329139
N,0.3913843888070692,0.8940879989102302,0.879125540329139
N,0.39193667157584683,0.8942469236707079,0.879125540329139
N,0.39212076583210603,0.8948599191754075,0.879125540329139
N,0.39248895434462444,0.8949507333242519,0.879125540329139
N,0.39267304860088365,0.8954048040684739,0.879125540329139
N,0.39304123711340205,0.8955864323661626,0.879125540329139
N,0.39322533136966126,0.896131317259229,0.879125540329139
N,0.39359351988217967,0.8962675384824955,0.879125540329139
N,0.39377761413843887,0.8966989056895064,0.879125540329139
N,0.3941458026509573,0.8967670163011398,0.879125540329139
N,0.3943298969072165,0.8974254188802615,0.879125540329139
N,0.3946980854197349,0.8974708259546837,0.879125540329139
N,0.3948821796759941,0.8979703037733279,0.879125540329139
N,0.3954344624447717,0.898242746219861,0.879125540329139
N,0.3956185567010309,0.8986741134268719,0.879125540329139
N,0.3961708394698085,0.8987422240385052,0.879125540329139
N,0.39653902798232693,0.8988784452617717,0.879125540329139
N,0.39690721649484534,0.898923852336194,0.879125540329139
N,0.39709131075110454,0.8992417018571494,0.879125540329139
N,0.39745949926362295,0.8993098124687826,0.879125540329139
N,0.39764359351988215,0.8995595513781047,0.879125540329139
N,0.39819587628865977,0.9000363256595377,0.879125540329139
N,0.39856406480117823,0.9003541751804931,0.879125540329139
N,0.39893225331369664,0.9003995822549153,0.879125540329139
N,0.39911634756995584,0.9008990600735595,0.879125540329139
N,0.39948453608247425,0.9009671706851927,0.879125540329139
N,0.39966863033873345,0.9012169095945148,0.879125540329139
N,0.40003681885125186,0.901262316668937,0.879125540329139
N,0.40022091310751107,0.9023066793806475,0.879125540329139
N,0.4005891016200295,0.9023520864550697,0.879125540329139
N,0.4007731958762887,0.9024656041411252,0.879125540329139
N,0.4011413843888071,0.9028969713481361,0.879125540329139
N,0.4013254786450663,0.9032148208690914,0.879125540329139
N,0.4016936671575847,0.9034191527039913,0.879125540329139
N,0.4020618556701031,0.9044862189529128,0.879125540329139
N,0.4024300441826215,0.9049175861599237,0.879125540329139
N,0.4026141384388807,0.9052808427553013,0.879125540329139
N,0.4027982326951399,0.9054170639785679,0.879125540329139
N,0.40298232695139913,0.9057803205739454,0.879125540329139
N,0.40335051546391754,0.9060300594832675,0.879125540329139
N,0.40353460972017674,0.9066657585251783,0.879125540329139
N,0.40390279823269515,0.9067111655996004,0.879125540329139
N,0.40408689248895435,0.9073922717159334,0.879125540329139
N,0.40445508100147276,0.9075966035508333,0.879125540329139
N,0.40463917525773196,0.9080960813694774,0.879125540329139
N,0.4051914580265096,0.9081414884438995,0.879125540329139
N,0.4053755522827688,0.9087317804113881,0.879125540329139
N,0.4057437407952872,0.9088452980974436,0.879125540329139
N,0.4059278350515464,0.9092539617672434,0.879125540329139
N,0.4062960235640648,0.909412886527721,0.879125540329139
N,0.406480117820324,0.9095037006765654,0.879125540329139
N,0.4068483063328424,0.9096626254370431,0.879125540329139
N,0.4070324005891016,0.9098896608091541,0.879125540329139
N,0.40758468335787923,0.910093992644054,0.879125540329139
N,0.40776877761413843,0.9102756209417427,0.879125540329139
N,0.40813696612665684,0.9103210280161649,0.879125540329139
N,0.40832106038291605,0.9105253598510648,0.879125540329139
N,0.40868924889543445,0.9111610588929755,0.879125540329139
N,0.40887334315169366,0.9116151296371975,0.879125540329139
N,0.40924153166421207,0.9117059437860419,0.879125540329139
N,0.40942562592047127,0.9119329791581529,0.879125540329139
N,0.4097938144329897,0.911978386232575,0.879125540329139
N,0.4099779086892489,0.9121600145302639,0.879125540329139
N,0.4103460972017673,0.912205421604686,0.879125540329139
N,0.4105301914580265,0.9124551605140081,0.879125540329139
N,0.4108983799705449,0.9124778640512192,0.879125540329139
N,0.4110824742268041,0.9130000454070745,0.879125540329139
N,0.4114506627393225,0.9131135630931299,0.879125540329139
N,0.4116347569955817,0.9134541161512963,0.879125540329139
N,0.4120029455081001,0.9134768196885075,0.879125540329139
N,0.41218703976435933,0.9135676338373518,0.879125540329139
N,0.41273932253313694,0.9136811515234073,0.879125540329139
N,0.41292341678939615,0.9144076647141625,0.879125540329139
N,0.41347569955817376,0.9144303682513736,0.879125540329139
N,0.41365979381443296,0.915679062797984,0.879125540329139
N,0.41402798232695137,0.9157698769468283,0.879125540329139
N,0.41421207658321063,0.9164509830631612,0.879125540329139
N,0.41494845360824745,0.9166553148980611,0.879125540329139
N,0.41513254786450665,0.9172910139399718,0.879125540329139
N,0.41550073637702506,0.9173591245516052,0.879125540329139
N,0.41568483063328426,0.9178131952958271,0.879125540329139
N,0.4162371134020619,0.9179267129818826,0.879125540329139
N,0.4164212076583211,0.9182445625028379,0.879125540329139
N,0.4167893961708395,0.9189483721563819,0.879125540329139
N,0.4171575846833579,0.9202651773146256,0.879125540329139
N,0.4175257731958763,0.9202878808518368,0.879125540329139
N,0.4177098674521355,0.9205603232983699,0.879125540329139
N,0.4180780559646539,0.9206738409844254,0.879125540329139
N,0.4182621502209131,0.9212641329519139,0.879125540329139
N,0.41863033873343153,0.921286836489125,0.879125540329139
N,0.41881443298969073,0.9215592789356581,0.879125540329139
N,0.41918262150220914,0.9221041638287245,0.879125540329139
N,0.41936671575846834,0.9225355310357354,0.879125540329139
N,0.42010309278350516,0.9225809381101575,0.879125540329139
N,0.42028718703976436,0.9228079734822685,0.879125540329139
N,0.4206553755522828,0.9228987876311129,0.879125540329139
N,0.420839469808542,0.9232620442264905,0.879125540329139
N,0.4212076583210604,0.923375561912546,0.879125540329139
N,0.4213917525773196,0.923625300821868,0.879125540329139
N,0.421759941089838,0.9237388185079235,0.879125540329139
N,0.4219440353460972,0.9240112609544567,0.879125540329139
N,0.4223122238586156,0.924306406938201,0.879125540329139
N,0.4224963181148748,0.924533442310312,0.879125540329139
N,0.4228645066273932,0.9247150706080007,0.879125540329139
N,0.4230486008836524,0.9248966989056895,0.879125540329139
N,0.42341678939617083,0.9251464378150116,0.879125540329139
N,0.42360088365243004,0.925691322708078,0.879125540329139
N,0.42396907216494845,0.9258275439313445,0.879125540329139
N,0.42415316642120765,0.9260091722290332,0.879125540329139
N,0.42452135493372606,0.9261453934522998,0.879125540329139
N,0.42470544918998526,0.9264178358988331,0.879125540329139
N,0.42507363770250367,0.9265313535848885,0.879125540329139
N,0.4252577319587629,0.9268492031058438,0.879125540329139
N,0.4256259204712813,0.9278481587431322,0.879125540329139
N,0.4258100147275405,0.9279616764291877,0.879125540329139
N,0.4261782032400589,0.9281433047268765,0.879125540329139
N,0.4263622974963181,0.928506561322254,0.879125540329139
N,0.4267304860088365,0.928733596694365,0.879125540329139
N,0.4269145802650957,0.9289379285292648,0.879125540329139
N,0.4272827687776141,0.9299595877037643,0.879125540329139
N,0.4274668630338733,0.9314580211596967,0.879125540329139
N,0.42783505154639173,0.9317985742178632,0.879125540329139
N,0.42801914580265094,0.9329110475412069,0.879125540329139
N,0.42838733431516934,0.9331153793761068,0.879125540329139
N,0.42875552282768775,0.9334332288970622,0.879125540329139
N,0.42912371134020616,0.9338872996412841,0.879125540329139
N,0.42930780559646536,0.9341143350133951,0.879125540329139
N,0.42967599410898377,0.9341824456250284,0.879125540329139
N,0.42986008836524303,0.9348635517413613,0.879125540329139
N,0.43022827687776144,0.9352041047995278,0.879125540329139
N,0.43059646539027985,0.9354084366344276,0.879125540329139
N,0.43133284241531666,0.9375652726694819,0.879125540329139
N,0.43151693667157587,0.9381328610997594,0.879125540329139
N,0.4318851251840943,0.9382009717113926,0.879125540329139
N,0.4320692194403535,0.9383144893974481,0.879125540329139
N,0.4326215022091311,0.9384507106207147,0.879125540329139
N,0.4328055964653903,0.9386550424556146,0.879125540329139
N,0.4331737849779087,0.9386777459928257,0.879125540329139
N,0.4333578792341679,0.9389955955137811,0.879125540329139
N,0.4337260677466863,0.9391545202742587,0.879125540329139
N,0.4339101620029455,0.9395177768696363,0.879125540329139
N,0.43427835051546393,0.9395631839440585,0.879125540329139
N,0.43446244477172313,0.9397448122417472,0.879125540329139
N,0.43501472754050075,0.9401080688371248,0.879125540329139
N,0.43538291605301915,0.9402215865231803,0.879125540329139
N,0.43575110456553756,0.9404259183580802,0.879125540329139
N,0.43593519882179677,0.9406756572674022,0.879125540329139
N,0.4363033873343152,0.9409480997139354,0.879125540329139
N,0.4366715758468336,0.9414702810697907,0.879125540329139
N,0.437039764359352,0.9415156881442128,0.879125540329139
N,0.4374079528718704,0.9421286836489124,0.879125540329139
N,0.4377761413843888,0.9421967942605458,0.879125540329139
N,0.437960235640648,0.9423557190210234,0.879125540329139
N,0.4383284241531664,0.9424919402442901,0.879125540329139
N,0.4385125184094256,0.9425827543931344,0.879125540329139
N,0.43888070692194403,0.9426735685419788,0.879125540329139
N,0.43906480117820323,0.9430595286745675,0.879125540329139
N,0.43943298969072164,0.943422785269945,0.879125540329139
N,0.43961708394698085,0.9438087454025337,0.879125540329139
N,0.43998527245949925,0.9439222630885892,0.879125540329139
N,0.44016936671575846,0.9452163647096218,0.879125540329139
N,0.44053755522827687,0.9454888071561549,0.879125540329139
N,0.4409057437407953,0.9456023248422104,0.879125540329139
N,0.4412739322533137,0.9456250283794215,0.879125540329139
N,0.4416421207658321,0.9458520637515325,0.879125540329139
N,0.4420103092783505,0.94621532034691,0.879125540329139
N,0.4421944035346097,0.9467147981655541,0.879125540329139
N,0.4425625920471281,0.9467829087771875,0.879125540329139
N,0.4427466863033873,0.946896426463243,0.879125540329139
N,0.44348306332842413,0.9473050901330428,0.879125540329139
N,0.44366715758468334,0.9475321255051538,0.879125540329139
N,0.44403534609720174,0.9476229396539981,0.879125540329139
N,0.44421944035346095,0.9478953821005313,0.879125540329139
N,0.44495581737849776,0.9479407891749535,0.879125540329139
N,0.44569219440353464,0.9482813422331199,0.879125540329139
N,0.44624447717231225,0.9485537846796531,0.879125540329139
N,0.44642857142857145,0.949007855423875,0.879125540329139
N,0.44679675994108986,0.9490305589610861,0.879125540329139
N,0.44698085419734906,0.9491667801843527,0.879125540329139
N,0.4473490427098675,0.9492802978704082,0.879125540329139
N,0.4475331369661267,0.9493938155564637,0.879125540329139
N,0.4479013254786451,0.9494392226308859,0.879125540329139
N,0.4480854197349043,0.9500295145983745,0.879125540329139
N,0.4486377025036819,0.9504154747309631,0.879125540329139
N,0.4488217967599411,0.9509149525496072,0.879125540329139
N,0.4491899852724595,0.9510511737728738,0.879125540329139
N,0.4493740795287187,0.9513690232938292,0.879125540329139
N,0.4497422680412371,0.9514144303682514,0.879125540329139
N,0.44992636229749633,0.951777686963629,0.879125540329139
N,0.45029455081001474,0.9522090541706398,0.879125540329139
N,0.45047864506627394,0.9525042001543841,0.879125540329139
N,0.45084683357879235,0.9525496072288062,0.879125540329139
N,0.45103092783505155,0.9531398991962948,0.879125540329139
N,0.45158321060382917,0.9535485628660946,0.879125540329139
N,0.45176730486008837,0.9539118194614721,0.879125540329139
N,0.4521354933726068,0.9542977795940607,0.879125540329139
N,0.452319587628866,0.954819960949916,0.879125540329139
N,0.4526877761413844,0.9550924033964492,0.879125540329139
N,0.4528718703976436,0.9552286246197158,0.879125540329139
N,0.453240058910162,0.9552967352313491,0.879125540329139
N,0.4534241531664212,0.9555464741406711,0.879125540329139
N,0.4537923416789396,0.9555918812150933,0.879125540329139
N,0.4539764359351988,0.9558870271988376,0.879125540329139
N,0.4543446244477172,0.9565000227035372,0.879125540329139
N,0.45452871870397643,0.9567497616128593,0.879125540329139
N,0.45489690721649484,0.9568178722244925,0.879125540329139
N,0.45526509572901325,0.9570903146710258,0.879125540329139
N,0.45563328424153166,0.957158425282659,0.879125540329139
N,0.45581737849779086,0.9572946465059257,0.879125540329139
N,0.45618556701030927,0.9573173500431367,0.879125540329139
N,0.45636966126656847,0.9574308677291922,0.879125540329139
N,0.4571060382916053,0.9575670889524588,0.879125540329139
N,0.4572901325478645,0.9583844162920583,0.879125540329139
N,0.4576583210603829,0.9584071198292694,0.879125540329139
N,0.4578424153166421,0.9586114516641693,0.879125540329139
N,0.4582106038291605,0.9586568587385915,0.879125540329139
N,0.4583946980854197,0.9588157834990692,0.879125540329139
N,0.4587628865979381,0.9588838941107024,0.879125540329139
N,0.45894698085419733,0.9590882259456023,0.879125540329139
N,0.45931516936671574,0.9593379648549244,0.879125540329139
N,0.45949926362297494,0.959474186078191,0.879125540329139
N,0.46005154639175255,0.9595195931526131,0.879125540329139
N,0.46023564064801176,0.959701221450302,0.879125540329139
N,0.46060382916053016,0.9599055532852019,0.879125540329139
N,0.46078792341678937,0.9602234028061571,0.879125540329139
N,0.46115611192930783,0.9603142169550016,0.879125540329139
N,0.46134020618556704,0.960654770013168,0.879125540329139
N,0.46207658321060385,0.9609953230713345,0.879125540329139
N,0.46226067746686306,0.961562911501612,0.879125540329139
N,0.46281296023564067,0.9618580574853562,0.879125540329139
N,0.4629970544918999,0.9619715751714117,0.879125540329139
N,0.4633652430044183,0.9621532034691005,0.879125540329139
N,0.4635493372606775,0.9628570131226445,0.879125540329139
N,0.4639175257731959,0.9628797166598556,0.879125540329139
N,0.4641016200294551,0.9630613449575444,0.879125540329139
N,0.4646539027982327,0.963197566180811,0.879125540329139
N,0.4648379970544919,0.963447305090133,0.879125540329139
N,0.4652061855670103,0.9635154157017664,0.879125540329139
N,0.4653902798232695,0.9640375970576216,0.879125540329139
N,0.46575846833578793,0.964128411206466,0.879125540329139
N,0.46594256259204714,0.9643100395041547,0.879125540329139
N,0.46631075110456555,0.9643327430413658,0.879125540329139
N,0.46649484536082475,0.9647641102483767,0.879125540329139
N,0.46704712812960236,0.9649003314716433,0.879125540329139
N,0.46723122238586157,0.9654452163647096,0.879125540329139
N,0.4677835051546392,0.965513326976343,0.879125540329139
N,0.4679675994108984,0.9656949552740317,0.879125540329139
N,0.4683357879234168,0.9657403623484538,0.879125540329139
N,0.4687039764359352,0.9658538800345093,0.879125540329139
N,0.4690721649484536,0.9663306543159424,0.879125540329139
N,0.4692562592047128,0.9665803932252645,0.879125540329139
N,0.4699926362297496,0.9666258002996867,0.879125540329139
N,0.47017673048600883,0.9673069064160196,0.879125540329139
N,0.47054491899852724,0.9673977205648641,0.879125540329139
N,0.47072901325478644,0.9676701630113972,0.879125540329139
N,0.47146539027982326,0.9677609771602416,0.879125540329139
N,0.47183357879234167,0.9678744948462971,0.879125540329139
N,0.4723858615611193,0.9678971983835082,0.879125540329139
N,0.4725699558173785,0.9680561231439858,0.879125540329139
N,0.4729381443298969,0.9681015302184081,0.879125540329139
N,0.4733063328424153,0.9685328974254189,0.879125540329139
N,0.4736745213549337,0.9685783044998411,0.879125540329139
N,0.4738586156111929,0.9690096717068519,0.879125540329139
N,0.4742268041237113,0.9697588884348182,0.879125540329139
N,0.47459499263622973,0.9698269990464514,0.879125540329139
N,0.47496318114874814,0.9698497025836625,0.879125540329139
N,0.47514727540500734,0.9698951096580847,0.879125540329139
N,0.47569955817378495,0.969963220269718,0.879125540329139
N,0.47588365243004416,0.9700767379557735,0.879125540329139
N,0.47643593519882177,0.9700994414929847,0.879125540329139
N,0.47680412371134023,0.9704172910139399,0.879125540329139
N,0.47735640648011785,0.970439994551151,0.879125540329139
N,0.47772459499263625,0.9708032511465287,0.879125540329139
N,0.47809278350515466,0.9708713617581619,0.879125540329139
N,0.47827687776141387,0.9711892112791173,0.879125540329139
N,0.4786450662739323,0.9712119148163284,0.879125540329139
N,0.4788291605301915,0.9713935431140172,0.879125540329139
N,0.4791973490427099,0.9714389501884394,0.879125540329139
N,0.4793814432989691,0.9715751714117059,0.879125540329139
N,0.4799337260677467,0.9716886890977614,0.879125540329139
N,0.4801178203240059,0.972051945693139,0.879125540329139
N,0.4806701030927835,0.9720746492303501,0.879125540329139
N,0.4808541973490427,0.9722108704536166,0.879125540329139
N,0.48122238586156113,0.9723924987513054,0.879125540329139
N,0.48140648011782033,0.9726422376606275,0.879125540329139
N,0.48195876288659795,0.9727330518094719,0.879125540329139
N,0.48214285714285715,0.9731644190164828,0.879125540329139
N,0.48251104565537556,0.973232529628116,0.879125540329139
N,0.48269513991163476,0.9733687508513826,0.879125540329139
N,0.48306332842415317,0.9734141579258049,0.879125540329139
N,0.4834315169366716,0.9738228215956046,0.879125540329139
N,0.4839837997054492,0.9740044498932934,0.879125540329139
N,0.4845360824742268,0.9744358171003042,0.879125540329139
N,0.4849042709867452,0.9745720383235709,0.879125540329139
N,0.4850883652430044,0.974617445397993,0.879125540329139
N,0.4854565537555228,0.9746628524724152,0.879125540329139
N,0.48564064801178203,0.9747309630840485,0.879125540329139
N,0.48600883652430044,0.9748217772328929,0.879125540329139
N,0.48619293078055964,0.9749579984561595,0.879125540329139
N,0.48656111929307805,0.9749807019933706,0.879125540329139
N,0.48692930780559646,0.9752304409026926,0.879125540329139
N,0.4878497790868925,0.975321255051537,0.879125540329139
N,0.4880338733431517,0.9753893656631704,0.879125540329139
N,0.4885861561119293,0.9754120692003814,0.879125540329139
N,0.4889543446244477,0.9754801798120147,0.879125540329139
N,0.4898748159057437,0.9755028833492259,0.879125540329139
N,0.4900589101620029,0.9756618081097035,0.879125540329139
N,0.49042709867452133,0.9758434364073922,0.879125540329139
N,0.49061119293078054,0.9758888434818145,0.879125540329139
N,0.49116347569955815,0.9763429142260364,0.879125540329139
N,0.49153166421207656,0.9763883213004586,0.879125540329139
N,0.49189985272459497,0.9766380602097807,0.879125540329139
N,0.49226804123711343,0.9767288743586251,0.879125540329139
N,0.49263622974963184,0.9768423920446806,0.879125540329139
N,0.49282032400589104,0.977182945102847,0.879125540329139
N,0.49355670103092786,0.9772283521772692,0.879125540329139
N,0.49392488954344627,0.9773191663261136,0.879125540329139
N,0.4942930780559647,0.9773872769377469,0.879125540329139
N,0.4946612665684831,0.9775007946238023,0.879125540329139
N,0.4950294550810015,0.9776597193842801,0.879125540329139
N,0.4952135493372607,0.9777505335331245,0.879125540329139
N,0.4959499263622975,0.9777959406075467,0.879125540329139
N,0.4963181148748159,0.9779094582936021,0.879125540329139
N,0.49723858615611194,0.9780229759796576,0.879125540329139
N,0.49779086892488955,0.9781819007401353,0.879125540329139
N,0.49815905743740796,0.9782500113517686,0.879125540329139
N,0.49871134020618557,0.9784997502610907,0.879125540329139
N,0.499079528718704,0.9785224537983018,0.879125540329139
N,0.4992636229749632,0.978567860872724,0.879125540329139
N,0.4996318114874816,0.9785905644099351,0.879125540329139
N,0.5,0.9786586750215683,0.879125540329139
N,0.5003681885125184,0.9788403033192571,0.879125540329139
N,0.5005522827687776,0.9789765245425237,0.879125540329139
N,0.500920471281296,0.9789992280797348,0.879125540329139
N,0.5012886597938144,0.9791808563774236,0.879125540329139
N,0.5016568483063328,0.9793624846751123,0.879125540329139
N,0.5020250368188512,0.9794532988239568,0.879125540329139
N,0.5029455081001473,0.9795441129728012,0.879125540329139
N,0.5031296023564065,0.9796803341960677,0.879125540329139
N,0.5034977908689249,0.9797030377332788,0.879125540329139
N,0.5036818851251841,0.9797484448077011,0.879125540329139
N,0.5042341678939617,0.9798846660309676,0.879125540329139
N,0.5044182621502209,0.9799754801798121,0.879125540329139
N,0.5053387334315169,0.9799981837170231,0.879125540329139
N,0.5055228276877761,0.9801798120147119,0.879125540329139
N,0.5058910162002945,0.9802479226263452,0.879125540329139
N,0.5062592047128129,0.9804749579984562,0.879125540329139
N,0.5066273932253313,0.9804976615356673,0.879125540329139
N,0.5069955817378498,0.9806565862961449,0.879125540329139
N,0.5075478645066274,0.9806792898333561,0.879125540329139
N,0.5077319587628866,0.9808836216682559,0.879125540329139
N,0.5086524300441826,0.9809063252054671,0.879125540329139
N,0.509020618556701,0.9809971393543114,0.879125540329139
N,0.5093888070692194,0.9810198428915226,0.879125540329139
N,0.509941089837997,0.9810652499659447,0.879125540329139
N,0.5103092783505154,0.9810879535031558,0.879125540329139
N,0.5110456553755522,0.9811333605775779,0.879125540329139
N,0.5114138438880707,0.9811560641147891,0.879125540329139
N,0.5117820324005891,0.9813149888752668,0.879125540329139
N,0.5123343151693667,0.9815420242473777,0.879125540329139
N,0.5127025036818851,0.9816555419334332,0.879125540329139
N,0.5132547864506627,0.9816782454706443,0.879125540329139
N,0.5134388807069219,0.9817463560822777,0.879125540329139
N,0.5139911634756995,0.9817690596194887,0.879125540329139
N,0.5143593519882179,0.9819052808427553,0.879125540329139
N,0.5147275405007363,0.9819279843799664,0.879125540329139
N,0.5149116347569955,0.9820642056032329,0.879125540329139
N,0.5156480117820325,0.9821777232892884,0.879125540329139
N,0.5158321060382917,0.9823366480497662,0.879125540329139
N,0.5162002945508101,0.9823593515869773,0.879125540329139
N,0.5163843888070693,0.9824728692730328,0.879125540329139
N,0.5169366715758469,0.9825182763474549,0.879125540329139
N,0.5171207658321061,0.9827453117195659,0.879125540329139
N,0.5174889543446245,0.982790718793988,0.879125540329139
N,0.5176730486008837,0.9829042364800435,0.879125540329139
N,0.5180412371134021,0.9829269400172547,0.879125540329139
N,0.5189617083946981,0.9830404577033102,0.879125540329139
N,0.5193298969072165,0.9830858647777324,0.879125540329139
N,0.519698085419735,0.9831539753893657,0.879125540329139
N,0.5204344624447718,0.9831766789265768,0.879125540329139
N,0.520618556701031,0.9833129001498433,0.879125540329139
N,0.5213549337260678,0.9834037142986878,0.879125540329139
N,0.521539027982327,0.9834945284475322,0.879125540329139
N,0.5220913107511046,0.9835853425963765,0.879125540329139
N,0.5222754050073638,0.9836534532080098,0.879125540329139
N,0.5226435935198822,0.9836761567452209,0.879125540329139
N,0.5230117820324006,0.9837896744312764,0.879125540329139
N,0.5239322533136966,0.9838123779684875,0.879125540329139
N,0.5241163475699558,0.9838577850429097,0.879125540329139
N,0.5250368188512519,0.9839031921173319,0.879125540329139
N,0.5252209131075111,0.9839713027289652,0.879125540329139
N,0.5255891016200295,0.9840848204150207,0.879125540329139
N,0.5257731958762887,0.984175634563865,0.879125540329139
N,0.5265095729013255,0.9842437451754984,0.879125540329139
N,0.5272459499263623,0.9843799663987649,0.879125540329139
N,0.5283505154639175,0.984402669935976,0.879125540329139
N,0.5292709867452136,0.9845615946964537,0.879125540329139
N,0.5300073637702504,0.9845842982336648,0.879125540329139
N,0.5303755522827688,0.9846524088452981,0.879125540329139
N,0.5309278350515464,0.9846978159197203,0.879125540329139
N,0.5311119293078056,0.9848340371429869,0.879125540329139
N,0.5316642120765832,0.984856740680198,0.879125540329139
N,0.53240058910162,0.9849475548290424,0.879125540329139
N,0.533321060382916,0.9849929619034645,0.879125540329139
N,0.5338733431516937,0.9850837760523089,0.879125540329139
N,0.5346097201767305,0.9851745902011534,0.879125540329139
N,0.5349779086892489,0.9852427008127866,0.879125540329139
N,0.5355301914580265,0.9853789220360533,0.879125540329139
N,0.5364506627393225,0.9854924397221088,0.879125540329139
N,0.5368188512518409,0.9855151432593198,0.879125540329139
N,0.5370029455081001,0.985560550333742,0.879125540329139
N,0.5373711340206185,0.9855832538709531,0.879125540329139
N,0.5381075110456554,0.9856513644825864,0.879125540329139
N,0.538659793814433,0.9856740680197975,0.879125540329139
N,0.5388438880706922,0.9857194750942196,0.879125540329139
N,0.5392120765832106,0.9857421786314308,0.879125540329139
N,0.539580265095729,0.9859465104663306,0.879125540329139
N,0.5416053019145802,0.9859692140035418,0.879125540329139
N,0.5417893961708394,0.9860146210779639,0.879125540329139
N,0.5421575846833578,0.986037324615175,0.879125540329139
N,0.542341678939617,0.9861962493756528,0.879125540329139
N,0.5427098674521355,0.9862189529128639,0.879125540329139
N,0.5428939617083947,0.9862870635244971,0.879125540329139
N,0.5439985272459499,0.9863097670617083,0.879125540329139
N,0.5441826215022091,0.9864459882849748,0.879125540329139
N,0.5445508100147275,0.9864686918221859,0.879125540329139
N,0.5447349042709867,0.9865140988966081,0.879125540329139
N,0.5454712812960235,0.9865368024338191,0.879125540329139
N,0.5467599410898379,0.9865822095082414,0.879125540329139
N,0.5471281296023565,0.9866049130454525,0.879125540329139
N,0.5476804123711341,0.9866503201198746,0.879125540329139
N,0.5482326951399117,0.986718430731508,0.879125540329139
N,0.5484167893961709,0.9868319484175635,0.879125540329139
N,0.5489690721649485,0.9868546519547745,0.879125540329139
N,0.5500736377025037,0.9869227625664079,0.879125540329139
N,0.5508100147275405,0.986945466103619,0.879125540329139
N,0.5509941089837997,0.9870589837896744,0.879125540329139
N,0.5515463917525774,0.9870816873268855,0.879125540329139
N,0.5517304860088366,0.9871725014757299,0.879125540329139
N,0.5526509572901326,0.987195205012941,0.879125540329139
N,0.5535714285714286,0.9872406120873632,0.879125540329139
N,0.554860088365243,0.9873087226989965,0.879125540329139
N,0.5552282768777614,0.9874449439222631,0.879125540329139
N,0.5555964653902798,0.9875130545338964,0.879125540329139
N,0.5563328424153167,0.9876265722199519,0.879125540329139
N,0.5576215022091311,0.9877400899060074,0.879125540329139
N,0.5581737849779087,0.9878082005176406,0.879125540329139
N,0.5589101620029455,0.9878309040548517,0.879125540329139
N,0.56019882179676,0.9879671252781184,0.879125540329139
N,0.561119293078056,0.9880125323525405,0.879125540329139
N,0.5618556701030928,0.9880579394269627,0.879125540329139
N,0.5627761413843888,0.9880806429641739,0.879125540329139
N,0.5631443298969072,0.9882168641874404,0.879125540329139
N,0.5644329896907216,0.9882395677246515,0.879125540329139
N,0.56480117820324,0.988353085410707,0.879125540329139
N,0.5657216494845361,0.9883757889479181,0.879125540329139
N,0.5666421207658321,0.9884211960223402,0.879125540329139
N,0.5673784977908689,0.9884438995595514,0.879125540329139
N,0.5675625920471281,0.9884893066339736,0.879125540329139
N,0.5686671575846833,0.9885347137083957,0.879125540329139
N,0.5688512518409425,0.9886028243200291,0.879125540329139
N,0.5694035346097202,0.9887163420060846,0.879125540329139
N,0.5695876288659794,0.988807156154929,0.879125540329139
N,0.5699558173784978,0.98882985969214,0.879125540329139
N,0.5706921944035346,0.9888752667665622,0.879125540329139
N,0.5717967599410898,0.9888979703037734,0.879125540329139
N,0.571980854197349,0.9890114879898289,0.879125540329139
N,0.572901325478645,0.9890795986014621,0.879125540329139
N,0.5736377025036818,0.9892612268991509,0.879125540329139
N,0.5747422680412371,0.989283930436362,0.879125540329139
N,0.5749263622974963,0.9893974481224175,0.879125540329139
N,0.5765832106038291,0.9894428551968397,0.879125540329139
N,0.5767673048600883,0.9895336693456841,0.879125540329139
N,0.5787923416789397,0.9895790764201062,0.879125540329139
N,0.5791605301914581,0.9896244834945285,0.879125540329139
N,0.5798969072164949,0.9896471870317396,0.879125540329139
N,0.5800810014727541,0.9897152976433728,0.879125540329139
N,0.5815537555228277,0.989738001180584,0.879125540329139
N,0.5819219440353461,0.9898969259410616,0.879125540329139
N,0.5833946980854198,0.9899423330154838,0.879125540329139
N,0.5841310751104566,0.989987740089906,0.879125540329139
N,0.5848674521354934,0.9900104436271171,0.879125540329139
N,0.5852356406480118,0.9901012577759615,0.879125540329139
N,0.5872606774668631,0.9901920719248059,0.879125540329139
N,0.5874447717231223,0.9902601825364392,0.879125540329139
N,0.5881811487481591,0.9902828860736502,0.879125540329139
N,0.5887334315169367,0.9903737002224947,0.879125540329139
N,0.5896539027982327,0.9903964037597057,0.879125540329139
N,0.5903902798232695,0.990441810834128,0.879125540329139
N,0.5931516936671576,0.9904872179085501,0.879125540329139
N,0.593519882179676,0.9905326249829723,0.879125540329139
N,0.594440353460972,0.9905553285201835,0.879125540329139
N,0.5946244477172312,0.9906461426690278,0.879125540329139
N,0.5955449189985272,0.9906915497434501,0.879125540329139
N,0.5959131075110456,0.9907823638922945,0.879125540329139
N,0.5973858615611193,0.9908050674295055,0.879125540329139
N,0.5977540500736377,0.990918585115561,0.879125540329139
N,0.5990427098674521,0.9909412886527721,0.879125540329139
N,0.5992268041237113,0.9910093992644053,0.879125540329139
N,0.6003313696612665,0.9910548063388276,0.879125540329139
N,0.6005154639175257,0.9911229169504608,0.879125540329139
N,0.6021723122238586,0.991145620487672,0.879125540329139
N,0.6023564064801178,0.9912364346365163,0.879125540329139
N,0.605301914580265,0.9912591381737275,0.879125540329139
N,0.6054860088365243,0.9913045452481497,0.879125540329139
N,0.6064064801178203,0.9913272487853607,0.879125540329139
N,0.6082474226804123,0.991372655859783,0.879125540329139
N,0.6093519882179675,0.9913953593969941,0.879125540329139
N,0.6099042709867453,0.9915315806202606,0.879125540329139
N,0.6104565537555229,0.9915542841574717,0.879125540329139
N,0.6110088365243005,0.991599691231894,0.879125540329139
N,0.6124815905743741,0.9916450983063161,0.879125540329139
N,0.6132179675994109,0.9917586159923716,0.879125540329139
N,0.6146907216494846,0.9917813195295827,0.879125540329139
N,0.615058910162003,0.991826726604005,0.879125540329139
N,0.6154270986745214,0.991849430141216,0.879125540329139
N,0.6157952871870398,0.9918948372156382,0.879125540329139
N,0.616899852724595,0.9919175407528493,0.879125540329139
N,0.6176362297496318,0.9919629478272715,0.879125540329139
N,0.6198453608247423,0.9919856513644826,0.879125540329139
N,0.6203976435935199,0.9920310584389048,0.879125540329139
N,0.6207658321060383,0.9920537619761158,0.879125540329139
N,0.6209499263622975,0.9921899831993825,0.879125540329139
N,0.6246318114874816,0.9922353902738047,0.879125540329139
N,0.6251840942562592,0.9922807973482268,0.879125540329139
N,0.6255522827687776,0.992303500885438,0.879125540329139
N,0.6270250368188512,0.9923489079598602,0.879125540329139
N,0.6279455081001473,0.9923716114970712,0.879125540329139
N,0.6281296023564065,0.9924170185714934,0.879125540329139
N,0.6284977908689249,0.9924397221087046,0.879125540329139
N,0.6290500736377025,0.9924851291831267,0.879125540329139
N,0.6301546391752577,0.992530536257549,0.879125540329139
N,0.6303387334315169,0.9925986468691822,0.879125540329139
N,0.6353092783505154,0.9926213504063933,0.879125540329139
N,0.6354933726067746,0.9926667574808156,0.879125540329139
N,0.6408321060382917,0.9926894610180266,0.879125540329139
N,0.6417525773195877,0.9927348680924488,0.879125540329139
N,0.6423048600883653,0.9927575716296599,0.879125540329139
N,0.6426730486008837,0.9928256822412932,0.879125540329139
N,0.644698085419735,0.9928710893157154,0.879125540329139
N,0.6448821796759941,0.9929391999273487,0.879125540329139
N,0.6459867452135494,0.9929619034645598,0.879125540329139
N,0.647459499263623,0.9930300140761931,0.879125540329139
N,0.6487481590574374,0.9930527176134042,0.879125540329139
N,0.6494845360824743,0.9930981246878263,0.879125540329139
N,0.6513254786450663,0.9931208282250374,0.879125540329139
N,0.6527982326951399,0.9931662352994597,0.879125540329139
N,0.654639175257732,0.9931889388366707,0.879125540329139
N,0.6553755522827688,0.9932343459110929,0.879125540329139
N,0.65740058910162,0.9932570494483041,0.879125540329139
N,0.658321060382916,0.9933478635971484,0.879125540329139
N,0.6592415316642121,0.9933705671343596,0.879125540329139
N,0.6596097201767305,0.9934159742087817,0.879125540329139
N,0.6612665684830633,0.9934386777459928,0.879125540329139
N,0.6620029455081001,0.9935067883576261,0.879125540329139
N,0.6653166421207658,0.9935294918948372,0.879125540329139
N,0.6662371134020618,0.9935748989692594,0.879125540329139
N,0.6666053019145802,0.9935976025064706,0.879125540329139
N,0.6677098674521355,0.9936430095808927,0.879125540329139
N,0.6682621502209131,0.9936657131181038,0.879125540329139
N,0.6686303387334315,0.9937111201925259,0.879125540329139
N,0.6723122238586157,0.9937338237297371,0.879125540329139
N,0.6724963181148749,0.9937792308041593,0.879125540329139
N,0.6728645066273933,0.9938019343413704,0.879125540329139
N,0.6754418262150221,0.9938473414157926,0.879125540329139
N,0.6758100147275405,0.9938700449530037,0.879125540329139
N,0.6759941089837997,0.9939154520274259,0.879125540329139
N,0.6787555228276878,0.9939381555646369,0.879125540329139
N,0.6846465390279823,0.9940062661762703,0.879125540329139
N,0.6866715758468336,0.9940516732506924,0.879125540329139
N,0.6868556701030928,0.9940970803251147,0.879125540329139
N,0.6885125184094256,0.9941197838623258,0.879125540329139
N,0.6886966126656848,0.9941651909367479,0.879125540329139
N,0.68980117820324,0.994187894473959,0.879125540329139
N,0.6907216494845361,0.9942560050855923,0.879125540329139
N,0.6914580265095729,0.9942787086228034,0.879125540329139
N,0.6932989690721649,0.9943241156972257,0.879125540329139
N,0.696060382916053,0.9943468192344367,0.879125540329139
N,0.6964285714285714,0.99441492984607,0.879125540329139
N,0.6973490427098674,0.9944376333832811,0.879125540329139
N,0.6980854197349042,0.9945738546065477,0.879125540329139
N,0.6991899852724595,0.9945965581437588,0.879125540329139
N,0.6997422680412371,0.994641965218181,0.879125540329139
N,0.7015832106038291,0.9946646687553921,0.879125540329139
N,0.7043446244477173,0.9947100758298143,0.879125540329139
N,0.7054491899852725,0.9947327793670254,0.879125540329139
N,0.711340206185567,0.9947781864414476,0.879125540329139
N,0.7142857142857143,0.9948235935158698,0.879125540329139
N,0.7157584683357879,0.9948690005902919,0.879125540329139
N,0.7190721649484536,0.994891704127503,0.879125540329139
N,0.7199926362297496,0.9949825182763474,0.879125540329139
N,0.7209131075110456,0.9950052218135585,0.879125540329139
N,0.7210972017673049,0.9950506288879808,0.879125540329139
N,0.7218335787923417,0.995118739499614,0.879125540329139
N,0.7222017673048601,0.9951868501112473,0.879125540329139
N,0.7244108983799705,0.9952095536484584,0.879125540329139
N,0.7245949926362297,0.9952776642600917,0.879125540329139
N,0.7271723122238586,0.9953230713345139,0.879125540329139
N,0.7279086892488954,0.9953911819461472,0.879125540329139
N,0.7290132547864506,0.9954138854833583,0.879125540329139
N,0.7308541973490427,0.9954592925577805,0.879125540329139
N,0.7328792341678939,0.9955046996322027,0.879125540329139
N,0.7332474226804123,0.9955501067066249,0.879125540329139
N,0.7356406480117821,0.995572810243836,0.879125540329139
N,0.7371134020618557,0.9956409208554693,0.879125540329139
N,0.7382179675994109,0.9956636243926804,0.879125540329139
N,0.7396907216494846,0.9957317350043137,0.879125540329139
N,0.7404270986745214,0.9957544385415248,0.879125540329139
N,0.7420839469808542,0.9958452526903692,0.879125540329139
N,0.7442930780559647,0.9958679562275803,0.879125540329139
N,0.7448453608247423,0.9959360668392135,0.879125540329139
N,0.7466863033873343,0.9959587703764247,0.879125540329139
N,0.7479749631811488,0.9960041774508468,0.879125540329139
N,0.7485272459499264,0.9960268809880579,0.879125540329139
N,0.749079528718704,0.9960722880624802,0.879125540329139
N,0.7516568483063328,0.9960949915996913,0.879125540329139
N,0.7520250368188512,0.9961631022113245,0.879125540329139
N,0.7546023564064801,0.9961858057485357,0.879125540329139
N,0.7569955817378498,0.9962312128229578,0.879125540329139
N,0.7579160530191458,0.9962539163601689,0.879125540329139
N,0.758100147275405,0.9962993234345912,0.879125540329139
N,0.7603092783505154,0.9963220269718022,0.879125540329139
N,0.7604933726067746,0.9963674340462244,0.879125540329139
N,0.7625184094256259,0.9964355446578577,0.879125540329139
N,0.7634388807069219,0.996503655269491,0.879125540329139
N,0.7641752577319587,0.996526358806702,0.879125540329139
N,0.7663843888070693,0.9965944694183354,0.879125540329139
N,0.7671207658321061,0.9966171729555465,0.879125540329139
N,0.7674889543446245,0.9966625800299687,0.879125540329139
N,0.7702503681885126,0.9966852835671798,0.879125540329139
N,0.7730117820324006,0.9967988012532353,0.879125540329139
N,0.7744845360824743,0.9968215047904464,0.879125540329139
N,0.7754050073637703,0.9968896154020797,0.879125540329139
N,0.7765095729013255,0.9969123189392908,0.879125540329139
N,0.7779823269513991,0.9969577260137129,0.879125540329139
N,0.7783505154639175,0.9970031330881352,0.879125540329139
N,0.7818483063328424,0.9970485401625573,0.879125540329139
N,0.7829528718703976,0.9970712436997684,0.879125540329139
N,0.7840574374079529,0.9971393543114018,0.879125540329139
N,0.7851620029455081,0.9971620578486128,0.879125540329139
N,0.7853460972017673,0.9972301684602461,0.879125540329139
N,0.7881075110456554,0.9972528719974572,0.879125540329139
N,0.7882916053019146,0.9972982790718794,0.879125540329139
N,0.789580265095729,0.9973209826090905,0.879125540329139
N,0.7897643593519882,0.9973663896835127,0.879125540329139
N,0.7906848306332842,0.9974117967579349,0.879125540329139
N,0.792341678939617,0.997457203832357,0.879125540329139
N,0.7943667157584683,0.9974799073695682,0.879125540329139
N,0.7945508100147275,0.9975707215184125,0.879125540329139
N,0.7971281296023565,0.9976161285928348,0.879125540329139
N,0.7982326951399117,0.9976615356672569,0.879125540329139
N,0.7987849779086893,0.997684239204468,0.879125540329139
N,0.7995213549337261,0.9977523498161014,0.879125540329139
N,0.8035714285714286,0.9977750533533124,0.879125540329139
N,0.803939617083947,0.9978204604277346,0.879125540329139
N,0.8096465390279823,0.9978431639649458,0.879125540329139
N,0.8100147275405007,0.9978885710393679,0.879125540329139
N,0.8122238586156112,0.997911274576579,0.879125540329139
N,0.8127761413843888,0.9979566816510013,0.879125540329139
N,0.8153534609720177,0.9979793851882123,0.879125540329139
N,0.8184830633284241,0.9980247922626345,0.879125540329139
N,0.8195876288659794,0.9980474957998456,0.879125540329139
N,0.8208762886597938,0.9981156064114789,0.879125540329139
N,0.8216126656848306,0.99813830994869,0.879125540329139
N,0.8232695139911634,0.9981837170231121,0.879125540329139
N,0.8251104565537555,0.9982064205603233,0.879125540329139
N,0.8260309278350515,0.9982518276347455,0.879125540329139
N,0.832658321060383,0.9982745311719566,0.879125540329139
N,0.8350515463917526,0.9983199382463788,0.879125540329139
N,0.8396539027982327,0.9983426417835899,0.879125540329139
N,0.8398379970544919,0.9983880488580121,0.879125540329139
N,0.8497790868924889,0.9984107523952231,0.879125540329139
N,0.8501472754050073,0.9984788630068565,0.879125540329139
N,0.8547496318114874,0.9985242700812786,0.879125540329139
N,0.855301914580265,0.9985696771557009,0.879125540329139
N,0.8564064801178203,0.998592380692912,0.879125540329139
N,0.8569587628865979,0.9986377877673341,0.879125540329139
N,0.8591678939617083,0.9986604913045453,0.879125540329139
N,0.8610088365243005,0.9987058983789674,0.879125540329139
N,0.8687407952871871,0.9987286019161785,0.879125540329139
N,0.8696612665684831,0.9987740089906008,0.879125540329139
N,0.8702135493372607,0.9987967125278119,0.879125540329139
N,0.8729749631811488,0.998842119602234,0.879125540329139
N,0.8777614138438881,0.9988648231394451,0.879125540329139
N,0.8814432989690721,0.9989329337510784,0.879125540329139
N,0.884020618556701,0.9989556372882895,0.879125540329139
N,0.8867820324005891,0.9990010443627118,0.879125540329139
N,0.8878865979381443,0.9990237478999228,0.879125540329139
N,0.8884388807069219,0.9991145620487673,0.879125540329139
N,0.8954344624447718,0.9991372655859783,0.879125540329139
N,0.896539027982327,0.9991826726604005,0.879125540329139
N,0.9004050073637703,0.9992053761976116,0.879125540329139
N,0.9016936671575847,0.9992507832720338,0.879125540329139
N,0.9031664212076583,0.999296190346456,0.879125540329139
N,0.9033505154639175,0.9993643009580893,0.879125540329139
N,0.9081369661266568,0.9993870044953004,0.879125540329139
N,0.908321060382916,0.9994324115697225,0.879125540329139
N,0.9088733431516937,0.9994551151069336,0.879125540329139
N,0.9097938144329897,0.9995005221813559,0.879125540329139
N,0.9180780559646539,0.999523225718567,0.879125540329139
N,0.9204712812960235,0.9995686327929891,0.879125540329139
N,0.9254418262150221,0.9995913363302003,0.879125540329139
N,0.9276509572901326,0.9996367434046224,0.879125540329139
N,0.9315169366715759,0.9996594469418335,0.879125540329139
N,0.9318851251840943,0.9997048540162558,0.879125540329139
N,0.9385125184094256,0.9997275575534669,0.879125540329139
N,0.9447717231222386,0.999772964627889,0.879125540329139
N,0.9712812960235641,0.9997956681651001,0.879125540329139
N,0.9729381443298969,0.9998410752395224,0.879125540329139
N,0.9815905743740795,0.9998637787767334,0.879125540329139
N,0.9826951399116347,0.9999091858511556,0.879125540329139
N,0.989138438880707,0.9999318893883667,0.879125540329139
N,0.9953976435935199,0.9999772964627889,0.879125540329139
N,1.0,1.0,0.879125540329139
S,0.0,0.0,0.9313293099762557
S,2.0987239758227e-05,0.0,0.9313293099762557
S,0.000167897918065816,0.0,0.9313293099762557
S,0.000167897918065816,0.000546448087431694,0.9313293099762557
S,0.00031480859637340495,0.000546448087431694,0.9313293099762557
S,0.00031480859637340495,0.001092896174863388,0.9313293099762557
S,0.000335795836131632,0.001092896174863388,0.9313293099762557
S,0.000335795836131632,0.001639344262295082,0.9313293099762557
S,0.00039875755540631297,0.001639344262295082,0.9313293099762557
S,0.00039875755540631297,0.002185792349726776,0.9313293099762557
S,0.0006925789120214909,0.002185792349726776,0.9313293099762557
S,0.0006925789120214909,0.00273224043715847,0.9313293099762557
S,0.0007135661517797179,0.00273224043715847,0.9313293099762557
S,0.0007135661517797179,0.003825136612021858,0.9313293099762557
S,0.0007555406312961719,0.003825136612021858,0.9313293099762557
S,0.0007555406312961719,0.004371584699453552,0.9313293099762557
S,0.0010073875083948958,0.004371584699453552,0.9313293099762557
S,0.0010073875083948958,0.004918032786885246,0.9313293099762557
S,0.0013851578240429818,0.004918032786885246,0.9313293099762557
S,0.0013851578240429818,0.00546448087431694,0.9313293099762557
S,0.0015530557421087978,0.00546448087431694,0.9313293099762557
S,0.0015530557421087978,0.006010928961748634,0.9313293099762557
S,0.0015950302216252519,0.006010928961748634,0.9313293099762557
S,0.0015950302216252519,0.006557377049180328,0.9313293099762557
S,0.0016370047011417057,0.006557377049180328,0.9313293099762557
S,0.0016370047011417057,0.007650273224043716,0.9313293099762557
S,0.0017839153794492948,0.007650273224043716,0.9313293099762557
S,0.0017839153794492948,0.00819672131147541,0.9313293099762557
S,0.0018258898589657488,0.00819672131147541,0.9313293099762557
S,0.0018258898589657488,0.008743169398907104,0.9313293099762557
S,0.002140698455339154,0.008743169398907104,0.9313293099762557
S,0.002140698455339154,0.009289617486338797,0.9313293099762557
S,0.0021616856950973807,0.009289617486338797,0.9313293099762557
S,0.0021616856950973807,0.009836065573770493,0.9313293099762557
S,0.002245634654130289,0.009836065573770493,0.9313293099762557
S,0.002245634654130289,0.010382513661202186,0.9313293099762557
S,0.0023505708529214238,0.010382513661202186,0.9313293099762557
S,0.0023505708529214238,0.01092896174863388,0.9313293099762557
S,0.0025184687709872396,0.01092896174863388,0.9313293099762557
S,0.0025184687709872396,0.011475409836065573,0.9313293099762557
S,0.002581430490261921,0.011475409836065573,0.9313293099762557
S,0.002581430490261921,0.012021857923497269,0.9313293099762557
S,0.0026024177300201477,0.012021857923497269,0.9313293099762557
S,0.0026024177300201477,0.012568306010928962,0.9313293099762557
S,0.0026234049697783745,0.012568306010928962,0.9313293099762557
S,0.0026234049697783745,0.013114754098360656,0.9313293099762557
S,0.002644392209536602,0.013114754098360656,0.9313293099762557
S,0.002644392209536602,0.014207650273224045,0.9313293099762557
S,0.0030011752854264607,0.014207650273224045,0.9313293099762557
S,0.0030011752854264607,0.014754098360655738,0.9313293099762557
S,0.0031061114842175956,0.014754098360655738,0.9313293099762557
S,0.0031061114842175956,0.015846994535519125,0.9313293099762557
S,0.0031690732034922765,0.015846994535519125,0.9313293099762557
S,0.0031690732034922765,0.016939890710382512,0.9313293099762557
S,0.0033159838817998655,0.016939890710382512,0.9313293099762557
S,0.0033159838817998655,0.018032786885245903,0.9313293099762557
S,0.003630792478173271,0.018032786885245903,0.9313293099762557
S,0.003630792478173271,0.01912568306010929,0.9313293099762557
S,0.0036727669576897244,0.01912568306010929,0.9313293099762557
S,0.0036727669576897244,0.019672131147540985,0.9313293099762557
S,0.0038406648757555407,0.019672131147540985,0.9313293099762557
S,0.0038406648757555407,0.020218579234972677,0.9313293099762557
S,0.0038616521155137675,0.020218579234972677,0.9313293099762557
S,0.0038616521155137675,0.021311475409836064,0.9313293099762557
S,0.0039036265950302216,0.021311475409836064,0.9313293099762557
S,0.0039036265950302216,0.022404371584699455,0.9313293099762557
S,0.00398757555406313,0.022404371584699455,0.9313293099762557
S,0.00398757555406313,0.022950819672131147,0.9313293099762557
S,0.004071524513096038,0.022950819672131147,0.9313293099762557
S,0.004071524513096038,0.023497267759562842,0.9313293099762557
S,0.004134486232370719,0.023497267759562842,0.9313293099762557
S,0.004134486232370719,0.024043715846994537,0.9313293099762557
S,0.00447028206850235,0.024043715846994537,0.9313293099762557
S,0.00447028206850235,0.02459016393442623,0.9313293099762557
S,0.0045542310275352585,0.02459016393442623,0.9313293099762557
S,0.0045542310275352585,0.025683060109289616,0.9313293099762557
S,0.004617192746809939,0.025683060109289616,0.9313293099762557
S,0.004617192746809939,0.026775956284153007,0.9313293099762557
S,0.004743116185359301,0.026775956284153007,0.9313293099762557
S,0.004743116185359301,0.0273224043715847,0.9313293099762557
S,0.004785090664875756,0.0273224043715847,0.9313293099762557
S,0.004785090664875756,0.027868852459016394,0.9313293099762557
S,0.004806077904633983,0.027868852459016394,0.9313293099762557
S,0.004806077904633983,0.02896174863387978,0.9313293099762557
S,0.004827065144392209,0.02896174863387978,0.9313293099762557
S,0.004827065144392209,0.029508196721311476,0.9313293099762557
S,0.004911014103425117,0.029508196721311476,0.9313293099762557
S,0.004911014103425117,0.030054644808743168,0.9313293099762557
S,0.004932001343183345,0.030054644808743168,0.9313293099762557
S,0.004932001343183345,0.030601092896174863,0.9313293099762557
S,0.005078912021490934,0.030601092896174863,0.9313293099762557
S,0.005078912021490934,0.03114754098360656,0.9313293099762557
S,0.005141873740765615,0.03114754098360656,0.9313293099762557
S,0.005141873740765615,0.03169398907103825,0.9313293099762557
S,0.0052048354600402955,0.03169398907103825,0.9313293099762557
S,0.0052048354600402955,0.03224043715846994,0.9313293099762557
S,0.005267797179314976,0.03224043715846994,0.9313293099762557
S,0.005267797179314976,0.03278688524590164,0.9313293099762557
S,0.005393720617864338,0.03278688524590164,0.9313293099762557
S,0.005393720617864338,0.03333333333333333,0.9313293099762557
S,0.005414707857622565,0.03333333333333333,0.9313293099762557
S,0.005414707857622565,0.033879781420765025,0.9313293099762557
S,0.005435695097380793,0.033879781420765025,0.9313293099762557
S,0.005435695097380793,0.03442622950819672,0.9313293099762557
S,0.00545668233713902,0.03442622950819672,0.9313293099762557
S,0.00545668233713902,0.034972677595628415,0.9313293099762557
S,0.0054986568166554735,0.034972677595628415,0.9313293099762557
S,0.0054986568166554735,0.03551912568306011,0.9313293099762557
S,0.005519644056413701,0.03551912568306011,0.9313293099762557
S,0.005519644056413701,0.0366120218579235,0.9313293099762557
S,0.005540631296171927,0.0366120218579235,0.9313293099762557
S,0.005540631296171927,0.03715846994535519,0.9313293099762557
S,0.005561618535930154,0.03715846994535519,0.9313293099762557
S,0.005561618535930154,0.03770491803278689,0.9313293099762557
S,0.00587642713230356,0.03770491803278689,0.9313293099762557
S,0.00587642713230356,0.03825136612021858,0.9313293099762557
S,0.005918401611820013,0.03825136612021858,0.9313293099762557
S,0.005918401611820013,0.03879781420765027,0.9313293099762557
S,0.005981363331094694,0.03879781420765027,0.9313293099762557
S,0.005981363331094694,0.03934426229508197,0.9313293099762557
S,0.006107286769644057,0.03934426229508197,0.9313293099762557
S,0.006107286769644057,0.03989071038251366,0.9313293099762557
S,0.00614926124916051,0.03989071038251366,0.9313293099762557
S,0.00614926124916051,0.040983606557377046,0.9313293099762557
S,0.006170248488918738,0.040983606557377046,0.9313293099762557
S,0.006170248488918738,0.041530054644808745,0.9313293099762557
S,0.006191235728676964,0.041530054644808745,0.9313293099762557
S,0.006191235728676964,0.04207650273224044,0.9313293099762557
S,0.006254197447951646,0.04207650273224044,0.9313293099762557
S,0.006254197447951646,0.04262295081967213,0.9313293099762557
S,0.006401108126259235,0.04262295081967213,0.9313293099762557
S,0.006401108126259235,0.04316939890710383,0.9313293099762557
S,0.006506044325050369,0.04316939890710383,0.9313293099762557
S,0.006506044325050369,0.04371584699453552,0.9313293099762557
S,0.00656900604432505,0.04371584699453552,0.9313293099762557
S,0.00656900604432505,0.04426229508196721,0.9313293099762557
S,0.0065899932840832775,0.04426229508196721,0.9313293099762557
S,0.0065899932840832775,0.04480874316939891,0.9313293099762557
S,0.006652955003357958,0.04480874316939891,0.9313293099762557
S,0.006652955003357958,0.04590163934426229,0.9313293099762557
S,0.006715916722632639,0.04590163934426229,0.9313293099762557
S,0.006715916722632639,0.04644808743169399,0.9313293099762557
S,0.006862827400940228,0.04644808743169399,0.9313293099762557
S,0.006862827400940228,0.048087431693989074,0.9313293099762557
S,0.0068838146406984555,0.048087431693989074,0.9313293099762557
S,0.0068838146406984555,0.04918032786885246,0.9313293099762557
S,0.006925789120214909,0.04918032786885246,0.9313293099762557
S,0.006925789120214909,0.04972677595628415,0.9313293099762557
S,0.006967763599731364,0.04972677595628415,0.9313293099762557
S,0.006967763599731364,0.05027322404371585,0.9313293099762557
S,0.007009738079247817,0.05027322404371585,0.9313293099762557
S,0.007009738079247817,0.05081967213114754,0.9313293099762557
S,0.007135661517797179,0.05081967213114754,0.9313293099762557
S,0.007135661517797179,0.05136612021857923,0.9313293099762557
S,0.007387508394895903,0.05136612021857923,0.9313293099762557
S,0.007387508394895903,0.05245901639344262,0.9313293099762557
S,0.007534419073203492,0.05245901639344262,0.9313293099762557
S,0.007534419073203492,0.053005464480874315,0.9313293099762557
S,0.007576393552719946,0.053005464480874315,0.9313293099762557
S,0.007576393552719946,0.054098360655737705,0.9313293099762557
S,0.007639355271994627,0.054098360655737705,0.9313293099762557
S,0.007639355271994627,0.0546448087431694,0.9313293099762557
S,0.007681329751511081,0.0546448087431694,0.9313293099762557
S,0.007681329751511081,0.055191256830601096,0.9313293099762557
S,0.007723304231027535,0.055191256830601096,0.9313293099762557
S,0.007723304231027535,0.05628415300546448,0.9313293099762557
S,0.007744291470785762,0.05628415300546448,0.9313293099762557
S,0.007744291470785762,0.05683060109289618,0.9313293099762557
S,0.0077652787105439896,0.05683060109289618,0.9313293099762557
S,0.0077652787105439896,0.05901639344262295,0.9313293099762557
S,0.007870214909335125,0.05901639344262295,0.9313293099762557
S,0.007870214909335125,0.060655737704918035,0.9313293099762557
S,0.00797515110812626,0.060655737704918035,0.9313293099762557
S,0.00797515110812626,0.06120218579234973,0.9313293099762557
S,0.008017125587642714,0.06120218579234973,0.9313293099762557
S,0.008017125587642714,0.06174863387978142,0.9313293099762557
S,0.008059100067159167,0.06174863387978142,0.9313293099762557
S,0.008059100067159167,0.06229508196721312,0.9313293099762557
S,0.008101074546675621,0.06229508196721312,0.9313293099762557
S,0.008101074546675621,0.06284153005464481,0.9313293099762557
S,0.008143049026192076,0.06284153005464481,0.9313293099762557
S,0.008143049026192076,0.06448087431693988,0.9313293099762557
S,0.008206010745466756,0.06448087431693988,0.9313293099762557
S,0.008206010745466756,0.06502732240437159,0.9313293099762557
S,0.008289959704499665,0.06502732240437159,0.9313293099762557
S,0.008289959704499665,0.06557377049180328,0.9313293099762557
S,0.008331934184016117,0.06557377049180328,0.9313293099762557
S,0.008331934184016117,0.06612021857923497,0.9313293099762557
S,0.008373908663532572,0.06612021857923497,0.9313293099762557
S,0.008373908663532572,0.06775956284153005,0.9313293099762557
S,0.008583781061114843,0.06775956284153005,0.9313293099762557
S,0.008583781061114843,0.06830601092896176,0.9313293099762557
S,0.008730691739422432,0.06830601092896176,0.9313293099762557
S,0.008730691739422432,0.06939890710382514,0.9313293099762557
S,0.008751678979180659,0.06939890710382514,0.9313293099762557
S,0.008751678979180659,0.07049180327868852,0.9313293099762557
S,0.0089405641370047,0.07049180327868852,0.9313293099762557
S,0.0089405641370047,0.07103825136612021,0.9313293099762557
S,0.008961551376762928,0.07103825136612021,0.9313293099762557
S,0.008961551376762928,0.0715846994535519,0.9313293099762557
S,0.009003525856279383,0.0715846994535519,0.9313293099762557
S,0.009003525856279383,0.0726775956284153,0.9313293099762557
S,0.009108462055070517,0.0726775956284153,0.9313293099762557
S,0.009108462055070517,0.073224043715847,0.9313293099762557
S,0.009171423774345199,0.073224043715847,0.9313293099762557
S,0.009171423774345199,0.07377049180327869,0.9313293099762557
S,0.009213398253861652,0.07377049180327869,0.9313293099762557
S,0.009213398253861652,0.07486338797814207,0.9313293099762557
S,0.009381296171927468,0.07486338797814207,0.9313293099762557
S,0.009381296171927468,0.07595628415300547,0.9313293099762557
S,0.009465245130960377,0.07595628415300547,0.9313293099762557
S,0.009465245130960377,0.07650273224043716,0.9313293099762557
S,0.00950721961047683,0.07650273224043716,0.9313293099762557
S,0.00950721961047683,0.07704918032786885,0.9313293099762557
S,0.009549194089993284,0.07704918032786885,0.9313293099762557
S,0.009549194089993284,0.07814207650273224,0.9313293099762557
S,0.009570181329751511,0.07814207650273224,0.9313293099762557
S,0.009570181329751511,0.07923497267759563,0.9313293099762557
S,0.009612155809267966,0.07923497267759563,0.9313293099762557
S,0.009612155809267966,0.07978142076502732,0.9313293099762557
S,0.009822028206850235,0.07978142076502732,0.9313293099762557
S,0.009822028206850235,0.08032786885245902,0.9313293099762557
S,0.009843015446608462,0.08032786885245902,0.9313293099762557
S,0.009843015446608462,0.0825136612021858,0.9313293099762557
S,0.00986400268636669,0.0825136612021858,0.9313293099762557
S,0.00986400268636669,0.08360655737704918,0.9313293099762557
S,0.009905977165883144,0.08360655737704918,0.9313293099762557
S,0.009905977165883144,0.08415300546448087,0.9313293099762557
S,0.010073875083948958,0.08415300546448087,0.9313293099762557
S,0.010073875083948958,0.08469945355191257,0.9313293099762557
S,0.010094862323707186,0.08469945355191257,0.9313293099762557
S,0.010094862323707186,0.08524590163934426,0.9313293099762557
S,0.010157824042981867,0.08524590163934426,0.9313293099762557
S,0.010157824042981867,0.08633879781420765,0.9313293099762557
S,0.010325721961047684,0.08633879781420765,0.9313293099762557
S,0.010325721961047684,0.08688524590163935,0.9313293099762557
S,0.010367696440564136,0.08688524590163935,0.9313293099762557
S,0.010367696440564136,0.08743169398907104,0.9313293099762557
S,0.010388683680322364,0.08743169398907104,0.9313293099762557
S,0.010388683680322364,0.08797814207650273,0.9313293099762557
S,0.010430658159838818,0.08797814207650273,0.9313293099762557
S,0.010430658159838818,0.08852459016393442,0.9313293099762557
S,0.010451645399597045,0.08852459016393442,0.9313293099762557
S,0.010451645399597045,0.08961748633879782,0.9313293099762557
S,0.010493619879113498,0.08961748633879782,0.9313293099762557
S,0.010493619879113498,0.09016393442622951,0.9313293099762557
S,0.01055658159838818,0.09016393442622951,0.9313293099762557
S,0.01055658159838818,0.0912568306010929,0.9313293099762557
S,0.010577568838146407,0.0912568306010929,0.9313293099762557
S,0.010577568838146407,0.09234972677595628,0.9313293099762557
S,0.010661517797179314,0.09234972677595628,0.9313293099762557
S,0.010661517797179314,0.09289617486338798,0.9313293099762557
S,0.010703492276695769,0.09289617486338798,0.9313293099762557
S,0.010703492276695769,0.09344262295081968,0.9313293099762557
S,0.010724479516453996,0.09344262295081968,0.9313293099762557
S,0.010724479516453996,0.09398907103825137,0.9313293099762557
S,0.010745466756212223,0.09398907103825137,0.9313293099762557
S,0.010745466756212223,0.09453551912568306,0.9313293099762557
S,0.010850402955003358,0.09453551912568306,0.9313293099762557
S,0.010850402955003358,0.09508196721311475,0.9313293099762557
S,0.010997313633310947,0.09508196721311475,0.9313293099762557
S,0.010997313633310947,0.09562841530054644,0.9313293099762557
S,0.011060275352585629,0.09562841530054644,0.9313293099762557
S,0.011060275352585629,0.09617486338797815,0.9313293099762557
S,0.011102249832102081,0.09617486338797815,0.9313293099762557
S,0.011102249832102081,0.09726775956284153,0.9313293099762557
S,0.011165211551376763,0.09726775956284153,0.9313293099762557
S,0.011165211551376763,0.09781420765027322,0.9313293099762557
S,0.01124916051040967,0.09781420765027322,0.9313293099762557
S,0.01124916051040967,0.09836065573770492,0.9313293099762557
S,0.011270147750167898,0.09836065573770492,0.9313293099762557
S,0.011270147750167898,0.09890710382513661,0.9313293099762557
S,0.011459032907991941,0.09890710382513661,0.9313293099762557
S,0.011459032907991941,0.0994535519125683,0.9313293099762557
S,0.011563969106783076,0.0994535519125683,0.9313293099762557
S,0.011563969106783076,0.1005464480874317,0.9313293099762557
S,0.01160594358629953,0.1005464480874317,0.9313293099762557
S,0.01160594358629953,0.10109289617486339,0.9313293099762557
S,0.011647918065815983,0.10109289617486339,0.9313293099762557
S,0.011647918065815983,0.10163934426229508,0.9313293099762557
S,0.011710879785090665,0.10163934426229508,0.9313293099762557
S,0.011710879785090665,0.10218579234972677,0.9313293099762557
S,0.011731867024848892,0.10218579234972677,0.9313293099762557
S,0.011731867024848892,0.10273224043715846,0.9313293099762557
S,0.01175285426460712,0.10273224043715846,0.9313293099762557
S,0.01175285426460712,0.10327868852459017,0.9313293099762557
S,0.011773841504365347,0.10327868852459017,0.9313293099762557
S,0.011773841504365347,0.10382513661202186,0.9313293099762557
S,0.011857790463398254,0.10382513661202186,0.9313293099762557
S,0.011857790463398254,0.10546448087431694,0.9313293099762557
S,0.011878777703156481,0.10546448087431694,0.9313293099762557
S,0.011878777703156481,0.10710382513661203,0.9313293099762557
S,0.01202568838146407,0.10710382513661203,0.9313293099762557
S,0.01202568838146407,0.10819672131147541,0.9313293099762557
S,0.012046675621222297,0.10819672131147541,0.9313293099762557
S,0.012046675621222297,0.1087431693989071,0.9313293099762557
S,0.012067662860980525,0.1087431693989071,0.9313293099762557
S,0.012067662860980525,0.11038251366120219,0.9313293099762557
S,0.01208865010073875,0.11038251366120219,0.9313293099762557
S,0.01208865010073875,0.11092896174863388,0.9313293099762557
S,0.012109637340496977,0.11092896174863388,0.9313293099762557
S,0.012109637340496977,0.11256830601092896,0.9313293099762557
S,0.012214573539288114,0.11256830601092896,0.9313293099762557
S,0.012214573539288114,0.11366120218579236,0.9313293099762557
S,0.012361484217595703,0.11366120218579236,0.9313293099762557
S,0.012361484217595703,0.11475409836065574,0.9313293099762557
S,0.012382471457353928,0.11475409836065574,0.9313293099762557
S,0.012382471457353928,0.11639344262295082,0.9313293099762557
S,0.012487407656145064,0.11639344262295082,0.9313293099762557
S,0.012487407656145064,0.1185792349726776,0.9313293099762557
S,0.012508394895903292,0.1185792349726776,0.9313293099762557
S,0.012508394895903292,0.11967213114754098,0.9313293099762557
S,0.012529382135661517,0.11967213114754098,0.9313293099762557
S,0.012529382135661517,0.12021857923497267,0.9313293099762557
S,0.012592343854936199,0.12021857923497267,0.9313293099762557
S,0.012592343854936199,0.12076502732240438,0.9313293099762557
S,0.012613331094694426,0.12076502732240438,0.9313293099762557
S,0.012613331094694426,0.12295081967213115,0.9313293099762557
S,0.012634318334452653,0.12295081967213115,0.9313293099762557
S,0.012634318334452653,0.12349726775956284,0.9313293099762557
S,0.01265530557421088,0.12349726775956284,0.9313293099762557
S,0.01265530557421088,0.12404371584699453,0.9313293099762557
S,0.01271826729348556,0.12404371584699453,0.9313293099762557
S,0.01271826729348556,0.1251366120218579,0.9313293099762557
S,0.012739254533243788,0.1251366120218579,0.9313293099762557
S,0.012739254533243788,0.126775956284153,0.9313293099762557
S,0.012781229012760242,0.126775956284153,0.9313293099762557
S,0.012781229012760242,0.1273224043715847,0.9313293099762557
S,0.012823203492276695,0.1273224043715847,0.9313293099762557
S,0.012823203492276695,0.1284153005464481,0.9313293099762557
S,0.01286517797179315,0.1284153005464481,0.9313293099762557
S,0.01286517797179315,0.13005464480874318,0.9313293099762557
S,0.012886165211551377,0.13005464480874318,0.9313293099762557
S,0.012886165211551377,0.13114754098360656,0.9313293099762557
S,0.012949126930826057,0.13114754098360656,0.9313293099762557
S,0.012949126930826057,0.13278688524590163,0.9313293099762557
S,0.012970114170584284,0.13278688524590163,0.9313293099762557
S,0.012970114170584284,0.13333333333333333,0.9313293099762557
S,0.012991101410342511,0.13333333333333333,0.9313293099762557
S,0.012991101410342511,0.13497267759562842,0.9313293099762557
S,0.013054063129617193,0.13497267759562842,0.9313293099762557
S,0.013054063129617193,0.1360655737704918,0.9313293099762557
S,0.01307505036937542,0.1360655737704918,0.9313293099762557
S,0.01307505036937542,0.1366120218579235,0.9313293099762557
S,0.013096037609133646,0.1366120218579235,0.9313293099762557
S,0.013096037609133646,0.1377049180327869,0.9313293099762557
S,0.013117024848891873,0.1377049180327869,0.9313293099762557
S,0.013117024848891873,0.13879781420765028,0.9313293099762557
S,0.013200973807924782,0.13879781420765028,0.9313293099762557
S,0.013200973807924782,0.14207650273224043,0.9313293099762557
S,0.013263935527199462,0.14207650273224043,0.9313293099762557
S,0.013263935527199462,0.14262295081967213,0.9313293099762557
S,0.013305910006715917,0.14262295081967213,0.9313293099762557
S,0.013305910006715917,0.1431693989071038,0.9313293099762557
S,0.013389858965748824,0.1431693989071038,0.9313293099762557
S,0.013389858965748824,0.14371584699453552,0.9313293099762557
S,0.01349479516453996,0.14371584699453552,0.9313293099762557
S,0.01349479516453996,0.14426229508196722,0.9313293099762557
S,0.013515782404298187,0.14426229508196722,0.9313293099762557
S,0.013515782404298187,0.1448087431693989,0.9313293099762557
S,0.013536769644056413,0.1448087431693989,0.9313293099762557
S,0.013536769644056413,0.1453551912568306,0.9313293099762557
S,0.01355775688381464,0.1453551912568306,0.9313293099762557
S,0.01355775688381464,0.14590163934426228,0.9313293099762557
S,0.013599731363331095,0.14590163934426228,0.9313293099762557
S,0.013599731363331095,0.146448087431694,0.9313293099762557
S,0.013662693082605776,0.146448087431694,0.9313293099762557
S,0.013662693082605776,0.14808743169398908,0.9313293099762557
S,0.013683680322364002,0.14808743169398908,0.9313293099762557
S,0.013683680322364002,0.15027322404371585,0.9313293099762557
S,0.01370466756212223,0.15027322404371585,0.9313293099762557
S,0.01370466756212223,0.15191256830601094,0.9313293099762557
S,0.013725654801880456,0.15191256830601094,0.9313293099762557
S,0.013725654801880456,0.15245901639344261,0.9313293099762557
S,0.013746642041638684,0.15245901639344261,0.9313293099762557
S,0.013746642041638684,0.15300546448087432,0.9313293099762557
S,0.013767629281396911,0.15300546448087432,0.9313293099762557
S,0.013767629281396911,0.153551912568306,0.9313293099762557
S,0.013788616521155138,0.153551912568306,0.9313293099762557
S,0.013788616521155138,0.1546448087431694,0.9313293099762557
S,0.013809603760913365,0.1546448087431694,0.9313293099762557
S,0.013809603760913365,0.1557377049180328,0.9313293099762557
S,0.013872565480188045,0.1557377049180328,0.9313293099762557
S,0.013872565480188045,0.15683060109289618,0.9313293099762557
S,0.0139145399597045,0.15683060109289618,0.9313293099762557
S,0.0139145399597045,0.15846994535519127,0.9313293099762557
S,0.01397750167897918,0.15846994535519127,0.9313293099762557
S,0.01397750167897918,0.15901639344262294,0.9313293099762557
S,0.014019476158495634,0.15901639344262294,0.9313293099762557
S,0.014019476158495634,0.15956284153005465,0.9313293099762557
S,0.014040463398253862,0.15956284153005465,0.9313293099762557
S,0.014040463398253862,0.16010928961748633,0.9313293099762557
S,0.01418737407656145,0.16010928961748633,0.9313293099762557
S,0.01418737407656145,0.16174863387978142,0.9313293099762557
S,0.014208361316319678,0.16174863387978142,0.9313293099762557
S,0.014208361316319678,0.16229508196721312,0.9313293099762557
S,0.014229348556077905,0.16229508196721312,0.9313293099762557
S,0.014229348556077905,0.1633879781420765,0.9313293099762557
S,0.014292310275352585,0.1633879781420765,0.9313293099762557
S,0.014292310275352585,0.1650273224043716,0.9313293099762557
S,0.01433428475486904,0.1650273224043716,0.9313293099762557
S,0.01433428475486904,0.16557377049180327,0.9313293099762557
S,0.014502182672934856,0.16557377049180327,0.9313293099762557
S,0.014502182672934856,0.16721311475409836,0.9313293099762557
S,0.01460711887172599,0.16721311475409836,0.9313293099762557
S,0.01460711887172599,0.16830601092896175,0.9313293099762557
S,0.014649093351242445,0.16830601092896175,0.9313293099762557
S,0.014649093351242445,0.16885245901639345,0.9313293099762557
S,0.014670080591000672,0.16885245901639345,0.9313293099762557
S,0.014670080591000672,0.16994535519125684,0.9313293099762557
S,0.014691067830758898,0.16994535519125684,0.9313293099762557
S,0.014691067830758898,0.17049180327868851,0.9313293099762557
S,0.014712055070517125,0.17049180327868851,0.9313293099762557
S,0.014712055070517125,0.1721311475409836,0.9313293099762557
S,0.014733042310275352,0.1721311475409836,0.9313293099762557
S,0.014733042310275352,0.1726775956284153,0.9313293099762557
S,0.014775016789791807,0.1726775956284153,0.9313293099762557
S,0.014775016789791807,0.1737704918032787,0.9313293099762557
S,0.014816991269308261,0.1737704918032787,0.9313293099762557
S,0.014816991269308261,0.17540983606557378,0.9313293099762557
S,0.014900940228341169,0.17540983606557378,0.9313293099762557
S,0.014900940228341169,0.17595628415300546,0.9313293099762557
S,0.014942914707857623,0.17595628415300546,0.9313293099762557
S,0.014942914707857623,0.17759562841530055,0.9313293099762557
S,0.014984889187374076,0.17759562841530055,0.9313293099762557
S,0.014984889187374076,0.17814207650273223,0.9313293099762557
S,0.015005876427132303,0.17814207650273223,0.9313293099762557
S,0.015005876427132303,0.17868852459016393,0.9313293099762557
S,0.01502686366689053,0.17868852459016393,0.9313293099762557
S,0.01502686366689053,0.17923497267759564,0.9313293099762557
S,0.015089825386165212,0.17923497267759564,0.9313293099762557
S,0.015089825386165212,0.1814207650273224,0.9313293099762557
S,0.015131799865681665,0.1814207650273224,0.9313293099762557
S,0.015131799865681665,0.1825136612021858,0.9313293099762557
S,0.015215748824714574,0.1825136612021858,0.9313293099762557
S,0.015215748824714574,0.1830601092896175,0.9313293099762557
S,0.015236736064472801,0.1830601092896175,0.9313293099762557
S,0.015236736064472801,0.18360655737704917,0.9313293099762557
S,0.015257723304231028,0.18360655737704917,0.9313293099762557
S,0.015257723304231028,0.18415300546448088,0.9313293099762557
S,0.015362659503022163,0.18415300546448088,0.9313293099762557
S,0.015362659503022163,0.18524590163934426,0.9313293099762557
S,0.015404633982538617,0.18524590163934426,0.9313293099762557
S,0.015404633982538617,0.18579234972677597,0.9313293099762557
S,0.015467595701813297,0.18579234972677597,0.9313293099762557
S,0.015467595701813297,0.18633879781420765,0.9313293099762557
S,0.015572531900604432,0.18633879781420765,0.9313293099762557
S,0.015572531900604432,0.18743169398907103,0.9313293099762557
S,0.01565648085963734,0.18743169398907103,0.9313293099762557
S,0.01565648085963734,0.18797814207650274,0.9313293099762557
S,0.015698455339153795,0.18797814207650274,0.9313293099762557
S,0.015698455339153795,0.1885245901639344,0.9313293099762557
S,0.015719442578912023,0.1885245901639344,0.9313293099762557
S,0.015719442578912023,0.1901639344262295,0.9313293099762557
S,0.015824378777703155,0.1901639344262295,0.9313293099762557
S,0.015824378777703155,0.1907103825136612,0.9313293099762557
S,0.01586635325721961,0.1907103825136612,0.9313293099762557
S,0.01586635325721961,0.19344262295081968,0.9313293099762557
S,0.015887340496977837,0.19344262295081968,0.9313293099762557
S,0.015887340496977837,0.19453551912568307,0.9313293099762557
S,0.015908327736736064,0.19453551912568307,0.9313293099762557
S,0.015908327736736064,0.19508196721311474,0.9313293099762557
S,0.01595030221625252,0.19508196721311474,0.9313293099762557
S,0.01595030221625252,0.19617486338797815,0.9313293099762557
S,0.016055238415043655,0.19617486338797815,0.9313293099762557
S,0.016055238415043655,0.19836065573770492,0.9313293099762557
S,0.01607622565480188,0.19836065573770492,0.9313293099762557
S,0.01607622565480188,0.1989071038251366,0.9313293099762557
S,0.016097212894560106,0.1989071038251366,0.9313293099762557
S,0.016097212894560106,0.2010928961748634,0.9313293099762557
S,0.01628609805238415,0.2010928961748634,0.9313293099762557
S,0.01628609805238415,0.20163934426229507,0.9313293099762557
S,0.01630708529214238,0.20163934426229507,0.9313293099762557
S,0.01630708529214238,0.20218579234972678,0.9313293099762557
S,0.01643300873069174,0.20218579234972678,0.9313293099762557
S,0.01643300873069174,0.20327868852459016,0.9313293099762557
S,0.016474983210208193,0.20327868852459016,0.9313293099762557
S,0.016474983210208193,0.20437158469945355,0.9313293099762557
S,0.01649597044996642,0.20437158469945355,0.9313293099762557
S,0.01649597044996642,0.20491803278688525,0.9313293099762557
S,0.016516957689724648,0.20491803278688525,0.9313293099762557
S,0.016516957689724648,0.20546448087431693,0.9313293099762557
S,0.016621893888515784,0.20546448087431693,0.9313293099762557
S,0.016621893888515784,0.2081967213114754,0.9313293099762557
S,0.016663868368032235,0.2081967213114754,0.9313293099762557
S,0.016663868368032235,0.2087431693989071,0.9313293099762557
S,0.01670584284754869,0.2087431693989071,0.9313293099762557
S,0.01670584284754869,0.2103825136612022,0.9313293099762557
S,0.016747817327065144,0.2103825136612022,0.9313293099762557
S,0.016747817327065144,0.21092896174863388,0.9313293099762557
S,0.016873740765614507,0.21092896174863388,0.9313293099762557
S,0.016873740765614507,0.21147540983606558,0.9313293099762557
S,0.016894728005372735,0.21147540983606558,0.9313293099762557
S,0.016894728005372735,0.21202185792349726,0.9313293099762557
S,0.016915715245130962,0.21202185792349726,0.9313293099762557
S,0.016915715245130962,0.21256830601092896,0.9313293099762557
S,0.016936702484889186,0.21256830601092896,0.9313293099762557
S,0.016936702484889186,0.21311475409836064,0.9313293099762557
S,0.016957689724647413,0.21311475409836064,0.9313293099762557
S,0.016957689724647413,0.21420765027322405,0.9313293099762557
S,0.01712558764271323,0.21420765027322405,0.9313293099762557
S,0.01712558764271323,0.21475409836065573,0.9313293099762557
S,0.017167562122229686,0.21475409836065573,0.9313293099762557
S,0.017167562122229686,0.21584699453551912,0.9313293099762557
S,0.01720953660174614,0.21584699453551912,0.9313293099762557
S,0.01720953660174614,0.2191256830601093,0.9313293099762557
S,0.017293485560779046,0.2191256830601093,0.9313293099762557
S,0.017293485560779046,0.21967213114754097,0.9313293099762557
S,0.017356447280053727,0.21967213114754097,0.9313293099762557
S,0.017356447280053727,0.22131147540983606,0.9313293099762557
S,0.017377434519811955,0.22131147540983606,0.9313293099762557
S,0.017377434519811955,0.22240437158469945,0.9313293099762557
S,0.017398421759570182,0.22240437158469945,0.9313293099762557
S,0.017398421759570182,0.22295081967213115,0.9313293099762557
S,0.017524345198119542,0.22295081967213115,0.9313293099762557
S,0.017524345198119542,0.22349726775956283,0.9313293099762557
S,0.017587306917394224,0.22349726775956283,0.9313293099762557
S,0.017587306917394224,0.22404371584699453,0.9313293099762557
S,0.017713230355943587,0.22404371584699453,0.9313293099762557
S,0.017713230355943587,0.22459016393442624,0.9313293099762557
S,0.01775520483546004,0.22459016393442624,0.9313293099762557
S,0.01775520483546004,0.2262295081967213,0.9313293099762557
S,0.01777619207521827,0.2262295081967213,0.9313293099762557
S,0.01777619207521827,0.2273224043715847,0.9313293099762557
S,0.017839153794492947,0.2273224043715847,0.9313293099762557
S,0.017839153794492947,0.2278688524590164,0.9313293099762557
S,0.017860141034251174,0.2278688524590164,0.9313293099762557
S,0.017860141034251174,0.2284153005464481,0.9313293099762557
S,0.01790211551376763,0.2284153005464481,0.9313293099762557
S,0.01790211551376763,0.22896174863387977,0.9313293099762557
S,0.017944089993284083,0.22896174863387977,0.9313293099762557
S,0.017944089993284083,0.22950819672131148,0.9313293099762557
S,0.018070013431833447,0.22950819672131148,0.9313293099762557
S,0.018070013431833447,0.23005464480874316,0.9313293099762557
S,0.018111987911349898,0.23005464480874316,0.9313293099762557
S,0.018111987911349898,0.23114754098360657,0.9313293099762557
S,0.01817494963062458,0.23114754098360657,0.9313293099762557
S,0.01817494963062458,0.23278688524590163,0.9313293099762557
S,0.01825889858965749,0.23278688524590163,0.9313293099762557
S,0.01825889858965749,0.23333333333333334,0.9313293099762557
S,0.018279885829415716,0.23333333333333334,0.9313293099762557
S,0.018279885829415716,0.23442622950819672,0.9313293099762557
S,0.018300873069173943,0.23442622950819672,0.9313293099762557
S,0.018300873069173943,0.23497267759562843,0.9313293099762557
S,0.018342847548690398,0.23497267759562843,0.9313293099762557
S,0.018342847548690398,0.2355191256830601,0.9313293099762557
S,0.01838482202820685,0.2355191256830601,0.9313293099762557
S,0.01838482202820685,0.2360655737704918,0.9313293099762557
S,0.018405809267965076,0.2360655737704918,0.9313293099762557
S,0.018405809267965076,0.23770491803278687,0.9313293099762557
S,0.01844778374748153,0.23770491803278687,0.9313293099762557
S,0.01844778374748153,0.23879781420765028,0.9313293099762557
S,0.01861568166554735,0.23879781420765028,0.9313293099762557
S,0.01861568166554735,0.23989071038251367,0.9313293099762557
S,0.018636668905305576,0.23989071038251367,0.9313293099762557
S,0.018636668905305576,0.24043715846994534,0.9313293099762557
S,0.01872061786433848,0.24043715846994534,0.9313293099762557
S,0.01872061786433848,0.24098360655737705,0.9313293099762557
S,0.01874160510409671,0.24098360655737705,0.9313293099762557
S,0.01874160510409671,0.24207650273224043,0.9313293099762557
S,0.018783579583613163,0.24207650273224043,0.9313293099762557
S,0.018783579583613163,0.24262295081967214,0.9313293099762557
S,0.018846541302887845,0.24262295081967214,0.9313293099762557
S,0.018846541302887845,0.24316939890710382,0.9313293099762557
S,0.0188885157824043,0.24316939890710382,0.9313293099762557
S,0.0188885157824043,0.24371584699453552,0.9313293099762557
S,0.01895147750167898,0.24371584699453552,0.9313293099762557
S,0.01895147750167898,0.24699453551912567,0.9313293099762557
S,0.01901443922095366,0.24699453551912567,0.9313293099762557
S,0.01901443922095366,0.24808743169398906,0.9313293099762557
S,0.01907740094022834,0.24808743169398906,0.9313293099762557
S,0.01907740094022834,0.24863387978142076,0.9313293099762557
S,0.019182337139019477,0.24863387978142076,0.9313293099762557
S,0.019182337139019477,0.2502732240437158,0.9313293099762557
S,0.01922431161853593,0.2502732240437158,0.9313293099762557
S,0.01922431161853593,0.25245901639344265,0.9313293099762557
S,0.019266286098052383,0.25245901639344265,0.9313293099762557
S,0.019266286098052383,0.2530054644808743,0.9313293099762557
S,0.01928727333781061,0.2530054644808743,0.9313293099762557
S,0.01928727333781061,0.253551912568306,0.9313293099762557
S,0.019308260577568837,0.253551912568306,0.9313293099762557
S,0.019308260577568837,0.2540983606557377,0.9313293099762557
S,0.0194341840161182,0.2540983606557377,0.9313293099762557
S,0.0194341840161182,0.2546448087431694,0.9313293099762557
S,0.019476158495634655,0.2546448087431694,0.9313293099762557
S,0.019476158495634655,0.25792349726775954,0.9313293099762557
S,0.019497145735392882,0.25792349726775954,0.9313293099762557
S,0.019497145735392882,0.25901639344262295,0.9313293099762557
S,0.019539120214909333,0.25901639344262295,0.9313293099762557
S,0.019539120214909333,0.25956284153005466,0.9313293099762557
S,0.01972800537273338,0.25956284153005466,0.9313293099762557
S,0.01972800537273338,0.26010928961748636,0.9313293099762557
S,0.01983294157152451,0.26010928961748636,0.9313293099762557
S,0.01983294157152451,0.2612021857923497,0.9313293099762557
S,0.019895903290799193,0.2612021857923497,0.9313293099762557
S,0.019895903290799193,0.2617486338797814,0.9313293099762557
S,0.019937877770315648,0.2617486338797814,0.9313293099762557
S,0.019937877770315648,0.2633879781420765,0.9313293099762557
S,0.019979852249832102,0.2633879781420765,0.9313293099762557
S,0.019979852249832102,0.2639344262295082,0.9313293099762557
S,0.020021826729348557,0.2639344262295082,0.9313293099762557
S,0.020021826729348557,0.2644808743169399,0.9313293099762557
S,0.020042813969106784,0.2644808743169399,0.9313293099762557
S,0.020042813969106784,0.2650273224043716,0.9313293099762557
S,0.020105775688381466,0.2650273224043716,0.9313293099762557
S,0.020105775688381466,0.26557377049180325,0.9313293099762557
S,0.020168737407656144,0.26557377049180325,0.9313293099762557
S,0.020168737407656144,0.26612021857923496,0.9313293099762557
S,0.02018972464741437,0.26612021857923496,0.9313293099762557
S,0.02018972464741437,0.26666666666666666,0.9313293099762557
S,0.0202107118871726,0.26666666666666666,0.9313293099762557
S,0.0202107118871726,0.2677595628415301,0.9313293099762557
S,0.020231699126930826,0.2677595628415301,0.9313293099762557
S,0.020231699126930826,0.2683060109289617,0.9313293099762557
S,0.020336635325721962,0.2683060109289617,0.9313293099762557
S,0.020336635325721962,0.27049180327868855,0.9313293099762557
S,0.020462558764271322,0.27049180327868855,0.9313293099762557
S,0.020462558764271322,0.2710382513661202,0.9313293099762557
S,0.020504533243787777,0.2710382513661202,0.9313293099762557
S,0.020504533243787777,0.2726775956284153,0.9313293099762557
S,0.020609469442578913,0.2726775956284153,0.9313293099762557
S,0.020609469442578913,0.273224043715847,0.9313293099762557
S,0.020651443922095367,0.273224043715847,0.9313293099762557
S,0.020651443922095367,0.27377049180327867,0.9313293099762557
S,0.020714405641370046,0.27377049180327867,0.9313293099762557
S,0.020714405641370046,0.2754098360655738,0.9313293099762557
S,0.020777367360644727,0.2754098360655738,0.9313293099762557
S,0.020777367360644727,0.27595628415300544,0.9313293099762557
S,0.020819341840161182,0.27595628415300544,0.9313293099762557
S,0.020819341840161182,0.27704918032786885,0.9313293099762557
S,0.020861316319677636,0.27704918032786885,0.9313293099762557
S,0.020861316319677636,0.27814207650273226,0.9313293099762557
S,0.020882303559435864,0.27814207650273226,0.9313293099762557
S,0.020882303559435864,0.2786885245901639,0.9313293099762557
S,0.02090329079919409,0.2786885245901639,0.9313293099762557
S,0.02090329079919409,0.2792349726775956,0.9313293099762557
S,0.020924278038952318,0.2792349726775956,0.9313293099762557
S,0.020924278038952318,0.28032786885245903,0.9313293099762557
S,0.020945265278710545,0.28032786885245903,0.9313293099762557
S,0.020945265278710545,0.2814207650273224,0.9313293099762557
S,0.020966252518468773,0.2814207650273224,0.9313293099762557
S,0.020966252518468773,0.2819672131147541,0.9313293099762557
S,0.02119711215580927,0.2819672131147541,0.9313293099762557
S,0.02119711215580927,0.2825136612021858,0.9313293099762557
S,0.021239086635325723,0.2825136612021858,0.9313293099762557
S,0.021239086635325723,0.2836065573770492,0.9313293099762557
S,0.02126007387508395,0.2836065573770492,0.9313293099762557
S,0.02126007387508395,0.28524590163934427,0.9313293099762557
S,0.021281061114842174,0.28524590163934427,0.9313293099762557
S,0.021281061114842174,0.2863387978142076,0.9313293099762557
S,0.0213020483546004,0.2863387978142076,0.9313293099762557
S,0.0213020483546004,0.28688524590163933,0.9313293099762557
S,0.02132303559435863,0.28688524590163933,0.9313293099762557
S,0.02132303559435863,0.28797814207650274,0.9313293099762557
S,0.021406984553391538,0.28797814207650274,0.9313293099762557
S,0.021406984553391538,0.2890710382513661,0.9313293099762557
S,0.02155389523169913,0.2890710382513661,0.9313293099762557
S,0.02155389523169913,0.2896174863387978,0.9313293099762557
S,0.021574882471457352,0.2896174863387978,0.9313293099762557
S,0.021574882471457352,0.2912568306010929,0.9313293099762557
S,0.021700805910006716,0.2912568306010929,0.9313293099762557
S,0.021700805910006716,0.2934426229508197,0.9313293099762557
S,0.021721793149764943,0.2934426229508197,0.9313293099762557
S,0.021721793149764943,0.2939890710382514,0.9313293099762557
S,0.021784754869039625,0.2939890710382514,0.9313293099762557
S,0.021784754869039625,0.29453551912568304,0.9313293099762557
S,0.021805742108797852,0.29453551912568304,0.9313293099762557
S,0.021805742108797852,0.29508196721311475,0.9313293099762557
S,0.02182672934855608,0.29508196721311475,0.9313293099762557
S,0.02182672934855608,0.29562841530054645,0.9313293099762557
S,0.021847716588314303,0.29562841530054645,0.9313293099762557
S,0.021847716588314303,0.29617486338797816,0.9313293099762557
S,0.02186870382807253,0.29617486338797816,0.9313293099762557
S,0.02186870382807253,0.2978142076502732,0.9313293099762557
S,0.021910678307588985,0.2978142076502732,0.9313293099762557
S,0.021910678307588985,0.2983606557377049,0.9313293099762557
S,0.021931665547347212,0.2983606557377049,0.9313293099762557
S,0.021931665547347212,0.29890710382513663,0.9313293099762557
S,0.02195265278710544,0.29890710382513663,0.9313293099762557
S,0.02195265278710544,0.2994535519125683,0.9313293099762557
S,0.021973640026863667,0.2994535519125683,0.9313293099762557
S,0.021973640026863667,0.3010928961748634,0.9313293099762557
S,0.02203660174613835,0.3010928961748634,0.9313293099762557
S,0.02203660174613835,0.30218579234972676,0.9313293099762557
S,0.022078576225654803,0.30218579234972676,0.9313293099762557
S,0.022078576225654803,0.30273224043715846,0.9313293099762557
S,0.02209956346541303,0.30273224043715846,0.9313293099762557
S,0.02209956346541303,0.30327868852459017,0.9313293099762557
S,0.022120550705171257,0.30327868852459017,0.9313293099762557
S,0.022120550705171257,0.3038251366120219,0.9313293099762557
S,0.022204499664204163,0.3038251366120219,0.9313293099762557
S,0.022204499664204163,0.3043715846994536,0.9313293099762557
S,0.02222548690396239,0.3043715846994536,0.9313293099762557
S,0.02222548690396239,0.30491803278688523,0.9313293099762557
S,0.022267461383478845,0.30491803278688523,0.9313293099762557
S,0.022267461383478845,0.3076502732240437,0.9313293099762557
S,0.022351410342511754,0.3076502732240437,0.9313293099762557
S,0.022351410342511754,0.30983606557377047,0.9313293099762557
S,0.02237239758226998,0.30983606557377047,0.9313293099762557
S,0.02237239758226998,0.3103825136612022,0.9313293099762557
S,0.022393384822028208,0.3103825136612022,0.9313293099762557
S,0.022393384822028208,0.3120218579234973,0.9313293099762557
S,0.022414372061786435,0.3120218579234973,0.9313293099762557
S,0.022414372061786435,0.31311475409836065,0.9313293099762557
S,0.022456346541302886,0.31311475409836065,0.9313293099762557
S,0.022456346541302886,0.31366120218579235,0.9313293099762557
S,0.02249832102081934,0.31366120218579235,0.9313293099762557
S,0.02249832102081934,0.31420765027322406,0.9313293099762557
S,0.022519308260577568,0.31420765027322406,0.9313293099762557
S,0.022519308260577568,0.31475409836065577,0.9313293099762557
S,0.022540295500335795,0.31475409836065577,0.9313293099762557
S,0.022540295500335795,0.31693989071038253,0.9313293099762557
S,0.022561282740094023,0.31693989071038253,0.9313293099762557
S,0.022561282740094023,0.3180327868852459,0.9313293099762557
S,0.02258226997985225,0.3180327868852459,0.9313293099762557
S,0.02258226997985225,0.3185792349726776,0.9313293099762557
S,0.022645231699126932,0.3185792349726776,0.9313293099762557
S,0.022645231699126932,0.3191256830601093,0.9313293099762557
S,0.022708193418401613,0.3191256830601093,0.9313293099762557
S,0.022708193418401613,0.32021857923497266,0.9313293099762557
S,0.022729180658159837,0.32021857923497266,0.9313293099762557
S,0.022729180658159837,0.32295081967213113,0.9313293099762557
S,0.022750167897918065,0.32295081967213113,0.9313293099762557
S,0.022750167897918065,0.32404371584699454,0.9313293099762557
S,0.022771155137676292,0.32404371584699454,0.9313293099762557
S,0.022771155137676292,0.32459016393442625,0.9313293099762557
S,0.022813129617192746,0.32459016393442625,0.9313293099762557
S,0.022813129617192746,0.3256830601092896,0.9313293099762557
S,0.022834116856950974,0.3256830601092896,0.9313293099762557
S,0.022834116856950974,0.32786885245901637,0.9313293099762557
S,0.0228551040967092,0.32786885245901637,0.9313293099762557
S,0.0228551040967092,0.3284153005464481,0.9313293099762557
S,0.022897078576225655,0.3284153005464481,0.9313293099762557
S,0.022897078576225655,0.3289617486338798,0.9313293099762557
S,0.022918065815983883,0.3289617486338798,0.9313293099762557
S,0.022918065815983883,0.3295081967213115,0.9313293099762557
S,0.023043989254533243,0.3295081967213115,0.9313293099762557
S,0.023043989254533243,0.3300546448087432,0.9313293099762557
S,0.023085963734049697,0.3300546448087432,0.9313293099762557
S,0.023085963734049697,0.33060109289617484,0.9313293099762557
S,0.023169912693082606,0.33060109289617484,0.9313293099762557
S,0.023169912693082606,0.33114754098360655,0.9313293099762557
S,0.02321188717259906,0.33114754098360655,0.9313293099762557
S,0.02321188717259906,0.33169398907103825,0.9313293099762557
S,0.023253861652115515,0.33169398907103825,0.9313293099762557
S,0.023253861652115515,0.33224043715846996,0.9313293099762557
S,0.023274848891873742,0.33224043715846996,0.9313293099762557
S,0.023274848891873742,0.33278688524590166,0.9313293099762557
S,0.023295836131631966,0.33278688524590166,0.9313293099762557
S,0.023295836131631966,0.333879781420765,0.9313293099762557
S,0.023400772330423102,0.333879781420765,0.9313293099762557
S,0.023400772330423102,0.3355191256830601,0.9313293099762557
S,0.02348472128945601,0.3355191256830601,0.9313293099762557
S,0.02348472128945601,0.3366120218579235,0.9313293099762557
S,0.023526695768972466,0.3366120218579235,0.9313293099762557
S,0.023526695768972466,0.3371584699453552,0.9313293099762557
S,0.02361064472800537,0.3371584699453552,0.9313293099762557
S,0.02361064472800537,0.3377049180327869,0.9313293099762557
S,0.023673606447280053,0.3377049180327869,0.9313293099762557
S,0.023673606447280053,0.33934426229508197,0.9313293099762557
S,0.023757555406312962,0.33934426229508197,0.9313293099762557
S,0.023757555406312962,0.33989071038251367,0.9313293099762557
S,0.023799529885829417,0.33989071038251367,0.9313293099762557
S,0.023799529885829417,0.3404371584699454,0.9313293099762557
S,0.023883478844862322,0.3404371584699454,0.9313293099762557
S,0.023883478844862322,0.34207650273224044,0.9313293099762557
S,0.023946440564137004,0.34207650273224044,0.9313293099762557
S,0.023946440564137004,0.34316939890710385,0.9313293099762557
S,0.024114338482202822,0.34316939890710385,0.9313293099762557
S,0.024114338482202822,0.34590163934426227,0.9313293099762557
S,0.024156312961719276,0.34590163934426227,0.9313293099762557
S,0.024156312961719276,0.346448087431694,0.9313293099762557
S,0.024219274680993955,0.346448087431694,0.9313293099762557
S,0.024219274680993955,0.3469945355191257,0.9313293099762557
S,0.024240261920752182,0.3469945355191257,0.9313293099762557
S,0.024240261920752182,0.3475409836065574,0.9313293099762557
S,0.024282236400268636,0.3475409836065574,0.9313293099762557
S,0.024282236400268636,0.34863387978142074,0.9313293099762557
S,0.024366185359301545,0.34863387978142074,0.9313293099762557
S,0.024366185359301545,0.34918032786885245,0.9313293099762557
S,0.024450134318334454,0.34918032786885245,0.9313293099762557
S,0.024450134318334454,0.34972677595628415,0.9313293099762557
S,0.024492108797850905,0.34972677595628415,0.9313293099762557
S,0.024492108797850905,0.35027322404371586,0.9313293099762557
S,0.024555070517125587,0.35027322404371586,0.9313293099762557
S,0.024555070517125587,0.35081967213114756,0.9313293099762557
S,0.024639019476158496,0.35081967213114756,0.9313293099762557
S,0.024639019476158496,0.3519125683060109,0.9313293099762557
S,0.024869879113498992,0.3519125683060109,0.9313293099762557
S,0.024869879113498992,0.3524590163934426,0.9313293099762557
S,0.02489086635325722,0.3524590163934426,0.9313293099762557
S,0.02489086635325722,0.35300546448087433,0.9313293099762557
S,0.024911853593015447,0.35300546448087433,0.9313293099762557
S,0.024911853593015447,0.3551912568306011,0.9313293099762557
S,0.02497481531229013,0.3551912568306011,0.9313293099762557
S,0.02497481531229013,0.3557377049180328,0.9313293099762557
S,0.024995802552048356,0.3557377049180328,0.9313293099762557
S,0.024995802552048356,0.35628415300546445,0.9313293099762557
S,0.025016789791806583,0.35628415300546445,0.9313293099762557
S,0.025016789791806583,0.35683060109289616,0.9313293099762557
S,0.025058764271323034,0.35683060109289616,0.9313293099762557
S,0.025058764271323034,0.3590163934426229,0.9313293099762557
S,0.02507975151108126,0.3590163934426229,0.9313293099762557
S,0.02507975151108126,0.36010928961748634,0.9313293099762557
S,0.02510073875083949,0.36010928961748634,0.9313293099762557
S,0.02510073875083949,0.36065573770491804,0.9313293099762557
S,0.025121725990597716,0.36065573770491804,0.9313293099762557
S,0.025121725990597716,0.3650273224043716,0.9313293099762557
S,0.02516370047011417,0.3650273224043716,0.9313293099762557
S,0.02516370047011417,0.366120218579235,0.9313293099762557
S,0.02531061114842176,0.366120218579235,0.9313293099762557
S,0.02531061114842176,0.36775956284153005,0.9313293099762557
S,0.02537357286769644,0.36775956284153005,0.9313293099762557
S,0.02537357286769644,0.36830601092896176,0.9313293099762557
S,0.025415547347212894,0.36830601092896176,0.9313293099762557
S,0.025415547347212894,0.3704918032786885,0.9313293099762557
S,0.025562458025520485,0.3704918032786885,0.9313293099762557
S,0.025562458025520485,0.37158469945355194,0.9313293099762557
S,0.025688381464069845,0.37158469945355194,0.9313293099762557
S,0.025688381464069845,0.3721311475409836,0.9313293099762557
S,0.025709368703828072,0.3721311475409836,0.9313293099762557
S,0.025709368703828072,0.373224043715847,0.9313293099762557
S,0.025856279382135663,0.373224043715847,0.9313293099762557
S,0.025856279382135663,0.3743169398907104,0.9313293099762557
S,0.02587726662189389,0.3743169398907104,0.9313293099762557
S,0.02587726662189389,0.37486338797814206,0.9313293099762557
S,0.02594022834116857,0.37486338797814206,0.9313293099762557
S,0.02594022834116857,0.37540983606557377,0.9313293099762557
S,0.02600319006044325,0.37540983606557377,0.9313293099762557
S,0.02600319006044325,0.37595628415300547,0.9313293099762557
S,0.026024177300201477,0.37595628415300547,0.9313293099762557
S,0.026024177300201477,0.3770491803278688,0.9313293099762557
S,0.026129113498992614,0.3770491803278688,0.9313293099762557
S,0.026129113498992614,0.37814207650273224,0.9313293099762557
S,0.026192075218267292,0.37814207650273224,0.9313293099762557
S,0.026192075218267292,0.37868852459016394,0.9313293099762557
S,0.02621306245802552,0.37868852459016394,0.9313293099762557
S,0.02621306245802552,0.380327868852459,0.9313293099762557
S,0.026255036937541974,0.380327868852459,0.9313293099762557
S,0.026255036937541974,0.3814207650273224,0.9313293099762557
S,0.026297011417058428,0.3814207650273224,0.9313293099762557
S,0.026297011417058428,0.3836065573770492,0.9313293099762557
S,0.026401947615849564,0.3836065573770492,0.9313293099762557
S,0.026401947615849564,0.3841530054644809,0.9313293099762557
S,0.026527871054398924,0.3841530054644809,0.9313293099762557
S,0.026527871054398924,0.38907103825136613,0.9313293099762557
S,0.02654885829415715,0.38907103825136613,0.9313293099762557
S,0.02654885829415715,0.38961748633879784,0.9313293099762557
S,0.026590832773673606,0.38961748633879784,0.9313293099762557
S,0.026590832773673606,0.3901639344262295,0.9313293099762557
S,0.02671675621222297,0.3901639344262295,0.9313293099762557
S,0.02671675621222297,0.3912568306010929,0.9313293099762557
S,0.02684267965077233,0.3912568306010929,0.9313293099762557
S,0.02684267965077233,0.3918032786885246,0.9313293099762557
S,0.02690564137004701,0.3918032786885246,0.9313293099762557
S,0.02690564137004701,0.3923497267759563,0.9313293099762557
S,0.02692662860980524,0.3923497267759563,0.9313293099762557
S,0.02692662860980524,0.39344262295081966,0.9313293099762557
S,0.026947615849563466,0.39344262295081966,0.9313293099762557
S,0.026947615849563466,0.39398907103825137,0.9313293099762557
S,0.027031564808596375,0.39398907103825137,0.9313293099762557
S,0.027031564808596375,0.3950819672131147,0.9313293099762557
S,0.027094526527871053,0.3950819672131147,0.9313293099762557
S,0.027094526527871053,0.39562841530054643,0.9313293099762557
S,0.02719946272666219,0.39562841530054643,0.9313293099762557
S,0.02719946272666219,0.39617486338797814,0.9313293099762557
S,0.027220449966420417,0.39617486338797814,0.9313293099762557
S,0.027220449966420417,0.39672131147540984,0.9313293099762557
S,0.0272834116856951,0.39672131147540984,0.9313293099762557
S,0.0272834116856951,0.39726775956284155,0.9313293099762557
S,0.027325386165211553,0.39726775956284155,0.9313293099762557
S,0.027325386165211553,0.3989071038251366,0.9313293099762557
S,0.027346373404969777,0.3989071038251366,0.9313293099762557
S,0.027346373404969777,0.4,0.9313293099762557
S,0.02740933512424446,0.4,0.9313293099762557
S,0.02740933512424446,0.4005464480874317,0.9313293099762557
S,0.027430322364002686,0.4005464480874317,0.9313293099762557
S,0.027430322364002686,0.40382513661202185,0.9313293099762557
S,0.02747229684351914,0.40382513661202185,0.9313293099762557
S,0.02747229684351914,0.4054644808743169,0.9313293099762557
S,0.027535258562793822,0.4054644808743169,0.9313293099762557
S,0.027535258562793822,0.4065573770491803,0.9313293099762557
S,0.02761920752182673,0.4065573770491803,0.9313293099762557
S,0.02761920752182673,0.4087431693989071,0.9313293099762557
S,0.027640194761584955,0.4087431693989071,0.9313293099762557
S,0.027640194761584955,0.4103825136612022,0.9313293099762557
S,0.027661182001343182,0.4103825136612022,0.9313293099762557
S,0.027661182001343182,0.41202185792349727,0.9313293099762557
S,0.027703156480859636,0.41202185792349727,0.9313293099762557
S,0.027703156480859636,0.412568306010929,0.9313293099762557
S,0.02774513096037609,0.412568306010929,0.9313293099762557
S,0.02774513096037609,0.41366120218579233,0.9313293099762557
S,0.027766118200134318,0.41366120218579233,0.9313293099762557
S,0.027766118200134318,0.41475409836065574,0.9313293099762557
S,0.027787105439892545,0.41475409836065574,0.9313293099762557
S,0.027787105439892545,0.41530054644808745,0.9313293099762557
S,0.027850067159167227,0.41530054644808745,0.9313293099762557
S,0.027850067159167227,0.4163934426229508,0.9313293099762557
S,0.027871054398925454,0.4163934426229508,0.9313293099762557
S,0.027871054398925454,0.4174863387978142,0.9313293099762557
S,0.02789204163868368,0.4174863387978142,0.9313293099762557
S,0.02789204163868368,0.4191256830601093,0.9313293099762557
S,0.02795500335795836,0.4191256830601093,0.9313293099762557
S,0.02795500335795836,0.419672131147541,0.9313293099762557
S,0.027996977837474814,0.419672131147541,0.9313293099762557
S,0.027996977837474814,0.42131147540983604,0.9313293099762557
S,0.028059939556749496,0.42131147540983604,0.9313293099762557
S,0.028059939556749496,0.42240437158469946,0.9313293099762557
S,0.028206850235057087,0.42240437158469946,0.9313293099762557
S,0.028206850235057087,0.42349726775956287,0.9313293099762557
S,0.028332773673606447,0.42349726775956287,0.9313293099762557
S,0.028332773673606447,0.4240437158469945,0.9313293099762557
S,0.0283747481531229,0.4240437158469945,0.9313293099762557
S,0.0283747481531229,0.4245901639344262,0.9313293099762557
S,0.02839573539288113,0.4245901639344262,0.9313293099762557
S,0.02839573539288113,0.4278688524590164,0.9313293099762557
S,0.028563633310946943,0.4278688524590164,0.9313293099762557
S,0.028563633310946943,0.4284153005464481,0.9313293099762557
S,0.028626595030221625,0.4284153005464481,0.9313293099762557
S,0.028626595030221625,0.43005464480874317,0.9313293099762557
S,0.02866856950973808,0.43005464480874317,0.9313293099762557
S,0.02866856950973808,0.4311475409836066,0.9313293099762557
S,0.028710543989254534,0.4311475409836066,0.9313293099762557
S,0.028710543989254534,0.43169398907103823,0.9313293099762557
S,0.02873153122901276,0.43169398907103823,0.9313293099762557
S,0.02873153122901276,0.43333333333333335,0.9313293099762557
S,0.02875251846877099,0.43333333333333335,0.9313293099762557
S,0.02875251846877099,0.4344262295081967,0.9313293099762557
S,0.02879449294828744,0.4344262295081967,0.9313293099762557
S,0.02879449294828744,0.4360655737704918,0.9313293099762557
S,0.02887844190732035,0.4360655737704918,0.9313293099762557
S,0.02887844190732035,0.4377049180327869,0.9313293099762557
S,0.028983378106111485,0.4377049180327869,0.9313293099762557
S,0.028983378106111485,0.4387978142076503,0.9313293099762557
S,0.029004365345869712,0.4387978142076503,0.9313293099762557
S,0.029004365345869712,0.43934426229508194,0.9313293099762557
S,0.02902535258562794,0.43934426229508194,0.9313293099762557
S,0.02902535258562794,0.44043715846994536,0.9313293099762557
S,0.029088314304902618,0.44043715846994536,0.9313293099762557
S,0.029088314304902618,0.44098360655737706,0.9313293099762557
S,0.02923522498321021,0.44098360655737706,0.9313293099762557
S,0.02923522498321021,0.4420765027322404,0.9313293099762557
S,0.029256212222968436,0.4420765027322404,0.9313293099762557
S,0.029256212222968436,0.44316939890710383,0.9313293099762557
S,0.029277199462726663,0.44316939890710383,0.9313293099762557
S,0.029277199462726663,0.44371584699453553,0.9313293099762557
S,0.02929818670248489,0.44371584699453553,0.9313293099762557
S,0.02929818670248489,0.4453551912568306,0.9313293099762557
S,0.029340161182001345,0.4453551912568306,0.9313293099762557
S,0.029340161182001345,0.4459016393442623,0.9313293099762557
S,0.029445097380792477,0.4459016393442623,0.9313293099762557
S,0.029445097380792477,0.446448087431694,0.9313293099762557
S,0.029487071860308932,0.446448087431694,0.9313293099762557
S,0.029487071860308932,0.44699453551912566,0.9313293099762557
S,0.02950805910006716,0.44699453551912566,0.9313293099762557
S,0.02950805910006716,0.44754098360655736,0.9313293099762557
S,0.029529046339825386,0.44754098360655736,0.9313293099762557
S,0.029529046339825386,0.45027322404371584,0.9313293099762557
S,0.029550033579583614,0.45027322404371584,0.9313293099762557
S,0.029550033579583614,0.45136612021857925,0.9313293099762557
S,0.02957102081934184,0.45136612021857925,0.9313293099762557
S,0.02957102081934184,0.45191256830601095,0.9313293099762557
S,0.029592008059100068,0.45191256830601095,0.9313293099762557
S,0.029592008059100068,0.4524590163934426,0.9313293099762557
S,0.029675957018132974,0.4524590163934426,0.9313293099762557
S,0.029675957018132974,0.4530054644808743,0.9313293099762557
S,0.02978089321692411,0.4530054644808743,0.9313293099762557
S,0.02978089321692411,0.453551912568306,0.9313293099762557
S,0.02986484217595702,0.453551912568306,0.9313293099762557
S,0.02986484217595702,0.4546448087431694,0.9313293099762557
S,0.029885829415715246,0.4546448087431694,0.9313293099762557
S,0.029885829415715246,0.4551912568306011,0.9313293099762557
S,0.029948791134989924,0.4551912568306011,0.9313293099762557
S,0.029948791134989924,0.4562841530054645,0.9313293099762557
S,0.02996977837474815,0.4562841530054645,0.9313293099762557
S,0.02996977837474815,0.45901639344262296,0.9313293099762557
S,0.02999076561450638,0.45901639344262296,0.9313293099762557
S,0.02999076561450638,0.46120218579234973,0.9313293099762557
S,0.030011752854264606,0.46120218579234973,0.9313293099762557
S,0.030011752854264606,0.46174863387978143,0.9313293099762557
S,0.030032740094022833,0.46174863387978143,0.9313293099762557
S,0.030032740094022833,0.4639344262295082,0.9313293099762557
S,0.03005372733378106,0.4639344262295082,0.9313293099762557
S,0.03005372733378106,0.4644808743169399,0.9313293099762557
S,0.030116689053055742,0.4644808743169399,0.9313293099762557
S,0.030116689053055742,0.46502732240437156,0.9313293099762557
S,0.030158663532572197,0.46502732240437156,0.9313293099762557
S,0.030158663532572197,0.46557377049180326,0.9313293099762557
S,0.03020063801208865,0.46557377049180326,0.9313293099762557
S,0.03020063801208865,0.46612021857923497,0.9313293099762557
S,0.03022162525184688,0.46612021857923497,0.9313293099762557
S,0.03022162525184688,0.4666666666666667,0.9313293099762557
S,0.03026359973136333,0.4666666666666667,0.9313293099762557
S,0.03026359973136333,0.46775956284153003,0.9313293099762557
S,0.030431497649429148,0.46775956284153003,0.9313293099762557
S,0.030431497649429148,0.46830601092896174,0.9313293099762557
S,0.030473472128945602,0.46830601092896174,0.9313293099762557
S,0.030473472128945602,0.46885245901639344,0.9313293099762557
S,0.03049445936870383,0.46885245901639344,0.9313293099762557
S,0.03049445936870383,0.46939890710382515,0.9313293099762557
S,0.030515446608462057,0.46939890710382515,0.9313293099762557
S,0.030515446608462057,0.4704918032786885,0.9313293099762557
S,0.03053643384822028,0.4704918032786885,0.9313293099762557
S,0.03053643384822028,0.4715846994535519,0.9313293099762557
S,0.030641370047011417,0.4715846994535519,0.9313293099762557
S,0.030641370047011417,0.4726775956284153,0.9313293099762557
S,0.030746306245802553,0.4726775956284153,0.9313293099762557
S,0.030746306245802553,0.473224043715847,0.9313293099762557
S,0.030788280725319007,0.473224043715847,0.9313293099762557
S,0.030788280725319007,0.4737704918032787,0.9313293099762557
S,0.030809267965077235,0.4737704918032787,0.9313293099762557
S,0.030809267965077235,0.4748633879781421,0.9313293099762557
S,0.030851242444593686,0.4748633879781421,0.9313293099762557
S,0.030851242444593686,0.47704918032786886,0.9313293099762557
S,0.030872229684351913,0.47704918032786886,0.9313293099762557
S,0.030872229684351913,0.4786885245901639,0.9313293099762557
S,0.03089321692411014,0.4786885245901639,0.9313293099762557
S,0.03089321692411014,0.4792349726775956,0.9313293099762557
S,0.030914204163868367,0.4792349726775956,0.9313293099762557
S,0.030914204163868367,0.48032786885245904,0.9313293099762557
S,0.031019140362659504,0.48032786885245904,0.9313293099762557
S,0.031019140362659504,0.4814207650273224,0.9313293099762557
S,0.031145063801208864,0.4814207650273224,0.9313293099762557
S,0.031145063801208864,0.4819672131147541,0.9313293099762557
S,0.03116605104096709,0.4819672131147541,0.9313293099762557
S,0.03116605104096709,0.4830601092896175,0.9313293099762557
S,0.031229012760241773,0.4830601092896175,0.9313293099762557
S,0.031229012760241773,0.48360655737704916,0.9313293099762557
S,0.03127098723975823,0.48360655737704916,0.9313293099762557
S,0.03127098723975823,0.4846994535519126,0.9313293099762557
S,0.031291974479516454,0.4846994535519126,0.9313293099762557
S,0.031291974479516454,0.4852459016393443,0.9313293099762557
S,0.031354936198791136,0.4852459016393443,0.9313293099762557
S,0.031354936198791136,0.48633879781420764,0.9313293099762557
S,0.0314808596373405,0.48633879781420764,0.9313293099762557
S,0.0314808596373405,0.48688524590163934,0.9313293099762557
S,0.03150184687709873,0.48688524590163934,0.9313293099762557
S,0.03150184687709873,0.48743169398907105,0.9313293099762557
S,0.031522834116856954,0.48743169398907105,0.9313293099762557
S,0.031522834116856954,0.48797814207650275,0.9313293099762557
S,0.03175369375419745,0.48797814207650275,0.9313293099762557
S,0.03175369375419745,0.4885245901639344,0.9313293099762557
S,0.031774680993955674,0.4885245901639344,0.9313293099762557
S,0.031774680993955674,0.4890710382513661,0.9313293099762557
S,0.031921591672263265,0.4890710382513661,0.9313293099762557
S,0.031921591672263265,0.4896174863387978,0.9313293099762557
S,0.03196356615177972,0.4896174863387978,0.9313293099762557
S,0.03196356615177972,0.4901639344262295,0.9313293099762557
S,0.0320265278710544,0.4901639344262295,0.9313293099762557
S,0.0320265278710544,0.4912568306010929,0.9313293099762557
S,0.032068502350570856,0.4912568306010929,0.9313293099762557
S,0.032068502350570856,0.4918032786885246,0.9313293099762557
S,0.03211047683008731,0.4918032786885246,0.9313293099762557
S,0.03211047683008731,0.4923497267759563,0.9313293099762557
S,0.03219442578912021,0.4923497267759563,0.9313293099762557
S,0.03219442578912021,0.492896174863388,0.9313293099762557
S,0.03227837474815312,0.492896174863388,0.9313293099762557
S,0.03227837474815312,0.4934426229508197,0.9313293099762557
S,0.03229936198791135,0.4934426229508197,0.9313293099762557
S,0.03229936198791135,0.49398907103825135,0.9313293099762557
S,0.032320349227669576,0.49398907103825135,0.9313293099762557
S,0.032320349227669576,0.49453551912568305,0.9313293099762557
S,0.03238331094694426,0.49453551912568305,0.9313293099762557
S,0.03238331094694426,0.49508196721311476,0.9313293099762557
S,0.03242528542646071,0.49508196721311476,0.9313293099762557
S,0.03242528542646071,0.4967213114754098,0.9313293099762557
S,0.032551208865010076,0.4967213114754098,0.9313293099762557
S,0.032551208865010076,0.49781420765027323,0.9313293099762557
S,0.03259318334452653,0.49781420765027323,0.9313293099762557
S,0.03259318334452653,0.49836065573770494,0.9313293099762557
S,0.03261417058428476,0.49836065573770494,0.9313293099762557
S,0.03261417058428476,0.4989071038251366,0.9313293099762557
S,0.03282404298186702,0.4989071038251366,0.9313293099762557
S,0.03282404298186702,0.4994535519125683,0.9313293099762557
S,0.03284503022162525,0.4994535519125683,0.9313293099762557
S,0.03284503022162525,0.5005464480874317,0.9313293099762557
S,0.03290799194089993,0.5005464480874317,0.9313293099762557
S,0.03290799194089993,0.5038251366120219,0.9313293099762557
S,0.032949966420416386,0.5038251366120219,0.9313293099762557
S,0.032949966420416386,0.505464480874317,0.9313293099762557
S,0.03309687709872398,0.505464480874317,0.9313293099762557
S,0.03309687709872398,0.5065573770491804,0.9313293099762557
S,0.03315983881799866,0.5065573770491804,0.9313293099762557
S,0.03315983881799866,0.507103825136612,0.9313293099762557
S,0.033285762256548015,0.507103825136612,0.9313293099762557
S,0.033285762256548015,0.5076502732240438,0.9313293099762557
S,0.03330674949630624,0.5076502732240438,0.9313293099762557
S,0.03330674949630624,0.5092896174863388,0.9313293099762557
S,0.03332773673606447,0.5092896174863388,0.9313293099762557
S,0.03332773673606447,0.5098360655737705,0.9313293099762557
S,0.033369711215580924,0.5098360655737705,0.9313293099762557
S,0.033369711215580924,0.5114754098360655,0.9313293099762557
S,0.033432672934855606,0.5114754098360655,0.9313293099762557
S,0.033432672934855606,0.5120218579234973,0.9313293099762557
S,0.03349563465413029,0.5120218579234973,0.9313293099762557
S,0.03349563465413029,0.512568306010929,0.9313293099762557
S,0.03355859637340497,0.512568306010929,0.9313293099762557
S,0.03355859637340497,0.5131147540983606,0.9313293099762557
S,0.0335795836131632,0.5131147540983606,0.9313293099762557
S,0.0335795836131632,0.5147540983606558,0.9313293099762557
S,0.033600570852921424,0.5147540983606558,0.9313293099762557
S,0.033600570852921424,0.5153005464480874,0.9313293099762557
S,0.03370550705171256,0.5153005464480874,0.9313293099762557
S,0.03370550705171256,0.5158469945355191,0.9313293099762557
S,0.033747481531229015,0.5158469945355191,0.9313293099762557
S,0.033747481531229015,0.5163934426229508,0.9313293099762557
S,0.03385241773002015,0.5163934426229508,0.9313293099762557
S,0.03385241773002015,0.5169398907103825,0.9313293099762557
S,0.033915379449294826,0.5169398907103825,0.9313293099762557
S,0.033915379449294826,0.5185792349726775,0.9313293099762557
S,0.03395735392881128,0.5185792349726775,0.9313293099762557
S,0.03395735392881128,0.5191256830601093,0.9313293099762557
S,0.03402031564808596,0.5191256830601093,0.9313293099762557
S,0.03402031564808596,0.519672131147541,0.9313293099762557
S,0.03404130288784419,0.519672131147541,0.9313293099762557
S,0.03404130288784419,0.5202185792349727,0.9313293099762557
S,0.0341252518468771,0.5202185792349727,0.9313293099762557
S,0.0341252518468771,0.5207650273224044,0.9313293099762557
S,0.034146239086635326,0.5207650273224044,0.9313293099762557
S,0.034146239086635326,0.521311475409836,0.9313293099762557
S,0.034230188045668235,0.521311475409836,0.9313293099762557
S,0.034230188045668235,0.5218579234972678,0.9313293099762557
S,0.034293149764942917,0.5218579234972678,0.9313293099762557
S,0.034293149764942917,0.5229508196721312,0.9313293099762557
S,0.034314137004701144,0.5229508196721312,0.9313293099762557
S,0.034314137004701144,0.5234972677595628,0.9313293099762557
S,0.0343561114842176,0.5234972677595628,0.9313293099762557
S,0.0343561114842176,0.5240437158469945,0.9313293099762557
S,0.03446104768300873,0.5240437158469945,0.9313293099762557
S,0.03446104768300873,0.5245901639344263,0.9313293099762557
S,0.034482034922766955,0.5245901639344263,0.9313293099762557
S,0.034482034922766955,0.5251366120218579,0.9313293099762557
S,0.03452400940228341,0.5251366120218579,0.9313293099762557
S,0.03452400940228341,0.5273224043715847,0.9313293099762557
S,0.03454499664204164,0.5273224043715847,0.9313293099762557
S,0.03454499664204164,0.5278688524590164,0.9313293099762557
S,0.03460795836131632,0.5278688524590164,0.9313293099762557
S,0.03460795836131632,0.5284153005464481,0.9313293099762557
S,0.034628945601074546,0.5284153005464481,0.9313293099762557
S,0.034628945601074546,0.5289617486338798,0.9313293099762557
S,0.03473388179986568,0.5289617486338798,0.9313293099762557
S,0.03473388179986568,0.5295081967213114,0.9313293099762557
S,0.03483881799865682,0.5295081967213114,0.9313293099762557
S,0.03483881799865682,0.5306010928961749,0.9313293099762557
S,0.03515362659503022,0.5306010928961749,0.9313293099762557
S,0.03515362659503022,0.5316939890710383,0.9313293099762557
S,0.035258562793821356,0.5316939890710383,0.9313293099762557
S,0.035258562793821356,0.5322404371584699,0.9313293099762557
S,0.03536349899261249,0.5322404371584699,0.9313293099762557
S,0.03536349899261249,0.5333333333333333,0.9313293099762557
S,0.03540547347212895,0.5333333333333333,0.9313293099762557
S,0.03540547347212895,0.533879781420765,0.9313293099762557
S,0.035426460711887174,0.533879781420765,0.9313293099762557
S,0.035426460711887174,0.5366120218579234,0.9313293099762557
S,0.03551040967092008,0.5366120218579234,0.9313293099762557
S,0.03551040967092008,0.5377049180327869,0.9313293099762557
S,0.03561534586971121,0.5377049180327869,0.9313293099762557
S,0.03561534586971121,0.5382513661202186,0.9313293099762557
S,0.03569929482874412,0.5382513661202186,0.9313293099762557
S,0.03569929482874412,0.5393442622950819,0.9313293099762557
S,0.03578324378777703,0.5393442622950819,0.9313293099762557
S,0.03578324378777703,0.5398907103825137,0.9313293099762557
S,0.03588817998656817,0.5398907103825137,0.9313293099762557
S,0.03588817998656817,0.5404371584699453,0.9313293099762557
S,0.03603509066487576,0.5404371584699453,0.9313293099762557
S,0.03603509066487576,0.5409836065573771,0.9313293099762557
S,0.03607706514439221,0.5409836065573771,0.9313293099762557
S,0.03607706514439221,0.5415300546448087,0.9313293099762557
S,0.03618200134318334,0.5415300546448087,0.9313293099762557
S,0.03618200134318334,0.5420765027322404,0.9313293099762557
S,0.036223975822699796,0.5420765027322404,0.9313293099762557
S,0.036223975822699796,0.5426229508196722,0.9313293099762557
S,0.03632891202149093,0.5426229508196722,0.9313293099762557
S,0.03632891202149093,0.5431693989071038,0.9313293099762557
S,0.036370886501007386,0.5431693989071038,0.9313293099762557
S,0.036370886501007386,0.5442622950819672,0.9313293099762557
S,0.036391873740765614,0.5442622950819672,0.9313293099762557
S,0.036391873740765614,0.5448087431693989,0.9313293099762557
S,0.03651779717931498,0.5448087431693989,0.9313293099762557
S,0.03651779717931498,0.5453551912568306,0.9313293099762557
S,0.036538784419073204,0.5453551912568306,0.9313293099762557
S,0.036538784419073204,0.5459016393442623,0.9313293099762557
S,0.03662273337810611,0.5459016393442623,0.9313293099762557
S,0.03662273337810611,0.546448087431694,0.9313293099762557
S,0.036685695097380795,0.546448087431694,0.9313293099762557
S,0.036685695097380795,0.5469945355191257,0.9313293099762557
S,0.03681161853593015,0.5469945355191257,0.9313293099762557
S,0.03681161853593015,0.5480874316939891,0.9313293099762557
S,0.03683260577568838,0.5480874316939891,0.9313293099762557
S,0.03683260577568838,0.5486338797814208,0.9313293099762557
S,0.03689556749496306,0.5486338797814208,0.9313293099762557
S,0.03689556749496306,0.5491803278688525,0.9313293099762557
S,0.036937541974479515,0.5491803278688525,0.9313293099762557
S,0.036937541974479515,0.5497267759562842,0.9313293099762557
S,0.03697951645399597,0.5497267759562842,0.9313293099762557
S,0.03697951645399597,0.5502732240437158,0.9313293099762557
S,0.0370005036937542,0.5502732240437158,0.9313293099762557
S,0.0370005036937542,0.5508196721311476,0.9313293099762557
S,0.037084452652787106,0.5508196721311476,0.9313293099762557
S,0.037084452652787106,0.5513661202185792,0.9313293099762557
S,0.03714741437206179,0.5513661202185792,0.9313293099762557
S,0.03714741437206179,0.5519125683060109,0.9313293099762557
S,0.03718938885157824,0.5519125683060109,0.9313293099762557
S,0.03718938885157824,0.5524590163934426,0.9313293099762557
S,0.03721037609133647,0.5524590163934426,0.9313293099762557
S,0.03721037609133647,0.5530054644808743,0.9313293099762557
S,0.037252350570852924,0.5530054644808743,0.9313293099762557
S,0.037252350570852924,0.553551912568306,0.9313293099762557
S,0.03739926124916051,0.553551912568306,0.9313293099762557
S,0.03739926124916051,0.5540983606557377,0.9313293099762557
S,0.03744123572867696,0.5540983606557377,0.9313293099762557
S,0.03744123572867696,0.5546448087431693,0.9313293099762557
S,0.03752518468770987,0.5546448087431693,0.9313293099762557
S,0.03752518468770987,0.5551912568306011,0.9313293099762557
S,0.0375461719274681,0.5551912568306011,0.9313293099762557
S,0.0375461719274681,0.5557377049180328,0.9313293099762557
S,0.037567159167226326,0.5557377049180328,0.9313293099762557
S,0.037567159167226326,0.5562841530054645,0.9313293099762557
S,0.03758814640698455,0.5562841530054645,0.9313293099762557
S,0.03758814640698455,0.5579234972677596,0.9313293099762557
S,0.03760913364674278,0.5579234972677596,0.9313293099762557
S,0.03760913364674278,0.5584699453551912,0.9313293099762557
S,0.03783999328408328,0.5584699453551912,0.9313293099762557
S,0.03783999328408328,0.559016393442623,0.9313293099762557
S,0.037881967763599735,0.559016393442623,0.9313293099762557
S,0.037881967763599735,0.5595628415300546,0.9313293099762557
S,0.03790295500335796,0.5595628415300546,0.9313293099762557
S,0.03790295500335796,0.5601092896174863,0.9313293099762557
S,0.038196776359973136,0.5601092896174863,0.9313293099762557
S,0.038196776359973136,0.5617486338797815,0.9313293099762557
S,0.03825973807924782,0.5617486338797815,0.9313293099762557
S,0.03825973807924782,0.5622950819672131,0.9313293099762557
S,0.03844862323707186,0.5622950819672131,0.9313293099762557
S,0.03844862323707186,0.5628415300546448,0.9313293099762557
S,0.038616521155137674,0.5628415300546448,0.9313293099762557
S,0.038616521155137674,0.5633879781420765,0.9313293099762557
S,0.03865849563465413,0.5633879781420765,0.9313293099762557
S,0.03865849563465413,0.5639344262295082,0.9313293099762557
S,0.038679482874412356,0.5639344262295082,0.9313293099762557
S,0.038679482874412356,0.5650273224043716,0.9313293099762557
S,0.03872145735392881,0.5650273224043716,0.9313293099762557
S,0.03872145735392881,0.5655737704918032,0.9313293099762557
S,0.03880540631296172,0.5655737704918032,0.9313293099762557
S,0.03880540631296172,0.5672131147540984,0.9313293099762557
S,0.03888935527199463,0.5672131147540984,0.9313293099762557
S,0.03888935527199463,0.5677595628415301,0.9313293099762557
S,0.03897330423102754,0.5677595628415301,0.9313293099762557
S,0.03897330423102754,0.5683060109289617,0.9313293099762557
S,0.039099227669576894,0.5683060109289617,0.9313293099762557
S,0.039099227669576894,0.5688524590163935,0.9313293099762557
S,0.039162189388851576,0.5688524590163935,0.9313293099762557
S,0.039162189388851576,0.5693989071038251,0.9313293099762557
S,0.03926712558764271,0.5693989071038251,0.9313293099762557
S,0.03926712558764271,0.5699453551912569,0.9313293099762557
S,0.03935107454667562,0.5699453551912569,0.9313293099762557
S,0.03935107454667562,0.5704918032786885,0.9313293099762557
S,0.039393049026192076,0.5704918032786885,0.9313293099762557
S,0.039393049026192076,0.5710382513661202,0.9313293099762557
S,0.03945601074546676,0.5710382513661202,0.9313293099762557
S,0.03945601074546676,0.571584699453552,0.9313293099762557
S,0.039476997985224985,0.571584699453552,0.9313293099762557
S,0.039476997985224985,0.5721311475409836,0.9313293099762557
S,0.03949798522498321,0.5721311475409836,0.9313293099762557
S,0.03949798522498321,0.573224043715847,0.9313293099762557
S,0.039539959704499666,0.573224043715847,0.9313293099762557
S,0.039539959704499666,0.5737704918032787,0.9313293099762557
S,0.03960292142377435,0.5737704918032787,0.9313293099762557
S,0.03960292142377435,0.5743169398907104,0.9313293099762557
S,0.039623908663532575,0.5743169398907104,0.9313293099762557
S,0.039623908663532575,0.5748633879781421,0.9313293099762557
S,0.03974983210208193,0.5748633879781421,0.9313293099762557
S,0.03974983210208193,0.5765027322404371,0.9313293099762557
S,0.039875755540631296,0.5765027322404371,0.9313293099762557
S,0.039875755540631296,0.5781420765027322,0.9313293099762557
S,0.03993871725990598,0.5781420765027322,0.9313293099762557
S,0.03993871725990598,0.5792349726775956,0.9313293099762557
S,0.04008562793821357,0.5792349726775956,0.9313293099762557
S,0.04008562793821357,0.5797814207650274,0.9313293099762557
S,0.040106615177971795,0.5797814207650274,0.9313293099762557
S,0.040106615177971795,0.5808743169398907,0.9313293099762557
S,0.04012760241773002,0.5808743169398907,0.9313293099762557
S,0.04012760241773002,0.5814207650273224,0.9313293099762557
S,0.040274513096037606,0.5814207650273224,0.9313293099762557
S,0.040274513096037606,0.5819672131147541,0.9313293099762557
S,0.040295500335795834,0.5819672131147541,0.9313293099762557
S,0.040295500335795834,0.5825136612021858,0.9313293099762557
S,0.04063129617192747,0.5825136612021858,0.9313293099762557
S,0.04063129617192747,0.5830601092896175,0.9313293099762557
S,0.0406522834116857,0.5830601092896175,0.9313293099762557
S,0.0406522834116857,0.5836065573770491,0.9313293099762557
S,0.04069425789120215,0.5836065573770491,0.9313293099762557
S,0.04069425789120215,0.5846994535519126,0.9313293099762557
S,0.04088314304902619,0.5846994535519126,0.9313293099762557
S,0.04088314304902619,0.5852459016393443,0.9313293099762557
S,0.04100906648757555,0.5852459016393443,0.9313293099762557
S,0.04100906648757555,0.585792349726776,0.9313293099762557
S,0.041072028206850235,0.585792349726776,0.9313293099762557
S,0.041072028206850235,0.5863387978142076,0.9313293099762557
S,0.04111400268636669,0.5863387978142076,0.9313293099762557
S,0.04111400268636669,0.5868852459016394,0.9313293099762557
S,0.04113498992612492,0.5868852459016394,0.9313293099762557
S,0.04113498992612492,0.587431693989071,0.9313293099762557
S,0.041155977165883144,0.587431693989071,0.9313293099762557
S,0.041155977165883144,0.5890710382513661,0.9313293099762557
S,0.04123992612491605,0.5890710382513661,0.9313293099762557
S,0.04123992612491605,0.5896174863387978,0.9313293099762557
S,0.04126091336467428,0.5896174863387978,0.9313293099762557
S,0.04126091336467428,0.5901639344262295,0.9313293099762557
S,0.04128190060443251,0.5901639344262295,0.9313293099762557
S,0.04128190060443251,0.5912568306010929,0.9313293099762557
S,0.041407824042981864,0.5912568306010929,0.9313293099762557
S,0.041407824042981864,0.5918032786885246,0.9313293099762557
S,0.04149177300201477,0.5918032786885246,0.9313293099762557
S,0.04149177300201477,0.592896174863388,0.9313293099762557
S,0.041512760241773,0.592896174863388,0.9313293099762557
S,0.041512760241773,0.5934426229508196,0.9313293099762557
S,0.04153374748153123,0.5934426229508196,0.9313293099762557
S,0.04153374748153123,0.594535519125683,0.9313293099762557
S,0.041554734721289455,0.594535519125683,0.9313293099762557
S,0.041554734721289455,0.5950819672131148,0.9313293099762557
S,0.041638683680322364,0.5950819672131148,0.9313293099762557
S,0.041638683680322364,0.5956284153005464,0.9313293099762557
S,0.04165967092008059,0.5956284153005464,0.9313293099762557
S,0.04165967092008059,0.5972677595628415,0.9313293099762557
S,0.04172263263935527,0.5972677595628415,0.9313293099762557
S,0.04172263263935527,0.5983606557377049,0.9313293099762557
S,0.0417436198791135,0.5983606557377049,0.9313293099762557
S,0.0417436198791135,0.5989071038251366,0.9313293099762557
S,0.04191151779717932,0.5989071038251366,0.9313293099762557
S,0.04191151779717932,0.5994535519125683,0.9313293099762557
S,0.041932505036937545,0.5994535519125683,0.9313293099762557
S,0.041932505036937545,0.6005464480874317,0.9313293099762557
S,0.042037441235728674,0.6005464480874317,0.9313293099762557
S,0.042037441235728674,0.6010928961748634,0.9313293099762557
S,0.04207941571524513,0.6010928961748634,0.9313293099762557
S,0.04207941571524513,0.601639344262295,0.9313293099762557
S,0.042121390194761583,0.601639344262295,0.9313293099762557
S,0.042121390194761583,0.6021857923497268,0.9313293099762557
S,0.04220533915379449,0.6021857923497268,0.9313293099762557
S,0.04220533915379449,0.6027322404371585,0.9313293099762557
S,0.04224731363331095,0.6027322404371585,0.9313293099762557
S,0.04224731363331095,0.6032786885245902,0.9313293099762557
S,0.0422892881128274,0.6032786885245902,0.9313293099762557
S,0.0422892881128274,0.6038251366120219,0.9313293099762557
S,0.04237323707186031,0.6038251366120219,0.9313293099762557
S,0.04237323707186031,0.6043715846994535,0.9313293099762557
S,0.04239422431161854,0.6043715846994535,0.9313293099762557
S,0.04239422431161854,0.6049180327868853,0.9313293099762557
S,0.042415211551376765,0.6049180327868853,0.9313293099762557
S,0.042415211551376765,0.6054644808743169,0.9313293099762557
S,0.04243619879113499,0.6054644808743169,0.9313293099762557
S,0.04243619879113499,0.607103825136612,0.9313293099762557
S,0.04247817327065145,0.607103825136612,0.9313293099762557
S,0.04247817327065145,0.6076502732240437,0.9313293099762557
S,0.042499160510409674,0.6076502732240437,0.9313293099762557
S,0.042499160510409674,0.6081967213114754,0.9313293099762557
S,0.04254113498992612,0.6081967213114754,0.9313293099762557
S,0.04254113498992612,0.6098360655737705,0.9313293099762557
S,0.042583109469442576,0.6098360655737705,0.9313293099762557
S,0.042583109469442576,0.6103825136612022,0.9313293099762557
S,0.0426040967092008,0.6103825136612022,0.9313293099762557
S,0.0426040967092008,0.6109289617486339,0.9313293099762557
S,0.04264607118871726,0.6109289617486339,0.9313293099762557
S,0.04264607118871726,0.6114754098360655,0.9313293099762557
S,0.042667058428475485,0.6114754098360655,0.9313293099762557
S,0.042667058428475485,0.6120218579234973,0.9313293099762557
S,0.04273002014775017,0.6120218579234973,0.9313293099762557
S,0.04273002014775017,0.6125683060109289,0.9313293099762557
S,0.042813969106783076,0.6125683060109289,0.9313293099762557
S,0.042813969106783076,0.6131147540983607,0.9313293099762557
S,0.042960879785090667,0.6131147540983607,0.9313293099762557
S,0.042960879785090667,0.614207650273224,0.9313293099762557
S,0.042981867024848894,0.614207650273224,0.9313293099762557
S,0.042981867024848894,0.6147540983606558,0.9313293099762557
S,0.04302384150436535,0.6147540983606558,0.9313293099762557
S,0.04302384150436535,0.6158469945355192,0.9313293099762557
S,0.04312877770315648,0.6158469945355192,0.9313293099762557
S,0.04312877770315648,0.6163934426229508,0.9313293099762557
S,0.043149764942914705,0.6163934426229508,0.9313293099762557
S,0.043149764942914705,0.6169398907103825,0.9313293099762557
S,0.04317075218267293,0.6169398907103825,0.9313293099762557
S,0.04317075218267293,0.6174863387978142,0.9313293099762557
S,0.04321272666218939,0.6174863387978142,0.9313293099762557
S,0.04321272666218939,0.6180327868852459,0.9313293099762557
S,0.04325470114170584,0.6180327868852459,0.9313293099762557
S,0.04325470114170584,0.6185792349726776,0.9313293099762557
S,0.04327568838146407,0.6185792349726776,0.9313293099762557
S,0.04327568838146407,0.6191256830601093,0.9313293099762557
S,0.043296675621222296,0.6191256830601093,0.9313293099762557
S,0.043296675621222296,0.6196721311475409,0.9313293099762557
S,0.043380624580255205,0.6196721311475409,0.9313293099762557
S,0.043380624580255205,0.6202185792349727,0.9313293099762557
S,0.04340161182001343,0.6202185792349727,0.9313293099762557
S,0.04340161182001343,0.6213114754098361,0.9313293099762557
S,0.043443586299529886,0.6213114754098361,0.9313293099762557
S,0.043443586299529886,0.6218579234972678,0.9313293099762557
S,0.043611484217595704,0.6218579234972678,0.9313293099762557
S,0.043611484217595704,0.6229508196721312,0.9313293099762557
S,0.043674445936870386,0.6229508196721312,0.9313293099762557
S,0.043674445936870386,0.6234972677595628,0.9313293099762557
S,0.043695433176628606,0.6234972677595628,0.9313293099762557
S,0.043695433176628606,0.6245901639344262,0.9313293099762557
S,0.043863331094694424,0.6245901639344262,0.9313293099762557
S,0.043863331094694424,0.6251366120218579,0.9313293099762557
S,0.04398925453324379,0.6251366120218579,0.9313293099762557
S,0.04398925453324379,0.6256830601092896,0.9313293099762557
S,0.0440732034922767,0.6256830601092896,0.9313293099762557
S,0.0440732034922767,0.6262295081967213,0.9313293099762557
S,0.04411517797179315,0.6262295081967213,0.9313293099762557
S,0.04411517797179315,0.6267759562841531,0.9313293099762557
S,0.04419912693082606,0.6267759562841531,0.9313293099762557
S,0.04419912693082606,0.6273224043715847,0.9313293099762557
S,0.04422011417058429,0.6273224043715847,0.9313293099762557
S,0.04422011417058429,0.6278688524590164,0.9313293099762557
S,0.044241101410342515,0.6278688524590164,0.9313293099762557
S,0.044241101410342515,0.6289617486338798,0.9313293099762557
S,0.04432505036937542,0.6289617486338798,0.9313293099762557
S,0.04432505036937542,0.6300546448087432,0.9313293099762557
S,0.04447196104768301,0.6300546448087432,0.9313293099762557
S,0.04447196104768301,0.6311475409836066,0.9313293099762557
S,0.044576897246474144,0.6311475409836066,0.9313293099762557
S,0.044576897246474144,0.6316939890710382,0.9313293099762557
S,0.0446188717259906,0.6316939890710382,0.9313293099762557
S,0.0446188717259906,0.6322404371584699,0.9313293099762557
S,0.044807756883814644,0.6322404371584699,0.9313293099762557
S,0.044807756883814644,0.6327868852459017,0.9313293099762557
S,0.04487071860308932,0.6327868852459017,0.9313293099762557
S,0.04487071860308932,0.6333333333333333,0.9313293099762557
S,0.044891705842847546,0.6333333333333333,0.9313293099762557
S,0.044891705842847546,0.6338797814207651,0.9313293099762557
S,0.04501762928139691,0.6338797814207651,0.9313293099762557
S,0.04501762928139691,0.6344262295081967,0.9313293099762557
S,0.0451645399597045,0.6344262295081967,0.9313293099762557
S,0.0451645399597045,0.6349726775956284,0.9313293099762557
S,0.04541638683680323,0.6349726775956284,0.9313293099762557
S,0.04541638683680323,0.6355191256830601,0.9313293099762557
S,0.04558428475486904,0.6355191256830601,0.9313293099762557
S,0.04558428475486904,0.6360655737704918,0.9313293099762557
S,0.045605271994627265,0.6360655737704918,0.9313293099762557
S,0.045605271994627265,0.6366120218579235,0.9313293099762557
S,0.04566823371390195,0.6366120218579235,0.9313293099762557
S,0.04566823371390195,0.6371584699453552,0.9313293099762557
S,0.04577316991269308,0.6371584699453552,0.9313293099762557
S,0.04577316991269308,0.6382513661202186,0.9313293099762557
S,0.04579415715245131,0.6382513661202186,0.9313293099762557
S,0.04579415715245131,0.6387978142076502,0.9313293099762557
S,0.04585711887172599,0.6387978142076502,0.9313293099762557
S,0.04585711887172599,0.6398907103825137,0.9313293099762557
S,0.04596205507051713,0.6398907103825137,0.9313293099762557
S,0.04596205507051713,0.6404371584699453,0.9313293099762557
S,0.04600402955003358,0.6404371584699453,0.9313293099762557
S,0.04600402955003358,0.6409836065573771,0.9313293099762557
S,0.04606699126930826,0.6409836065573771,0.9313293099762557
S,0.04606699126930826,0.6415300546448087,0.9313293099762557
S,0.046171927468099394,0.6415300546448087,0.9313293099762557
S,0.046171927468099394,0.6420765027322405,0.9313293099762557
S,0.046465748824714576,0.6420765027322405,0.9313293099762557
S,0.046465748824714576,0.6426229508196721,0.9313293099762557
S,0.046549697783747485,0.6426229508196721,0.9313293099762557
S,0.046549697783747485,0.6431693989071038,0.9313293099762557
S,0.04663364674278039,0.6431693989071038,0.9313293099762557
S,0.04663364674278039,0.6437158469945355,0.9313293099762557
S,0.046717595701813296,0.6437158469945355,0.9313293099762557
S,0.046717595701813296,0.6442622950819672,0.9313293099762557
S,0.046864506380120886,0.6442622950819672,0.9313293099762557
S,0.046864506380120886,0.6459016393442623,0.9313293099762557
S,0.046885493619879114,0.6459016393442623,0.9313293099762557
S,0.046885493619879114,0.646448087431694,0.9313293099762557
S,0.04690648085963734,0.646448087431694,0.9313293099762557
S,0.04690648085963734,0.6469945355191257,0.9313293099762557
S,0.04692746809939557,0.6469945355191257,0.9313293099762557
S,0.04692746809939557,0.6475409836065574,0.9313293099762557
S,0.046948455339153795,0.6475409836065574,0.9313293099762557
S,0.046948455339153795,0.6480874316939891,0.9313293099762557
S,0.04696944257891202,0.6480874316939891,0.9313293099762557
S,0.04696944257891202,0.6486338797814207,0.9313293099762557
S,0.04699042981867025,0.6486338797814207,0.9313293099762557
S,0.04699042981867025,0.6491803278688525,0.9313293099762557
S,0.04705339153794493,0.6491803278688525,0.9313293099762557
S,0.04705339153794493,0.6502732240437158,0.9313293099762557
S,0.0472632639355272,0.6502732240437158,0.9313293099762557
S,0.0472632639355272,0.6508196721311476,0.9313293099762557
S,0.04730523841504365,0.6508196721311476,0.9313293099762557
S,0.04730523841504365,0.6513661202185792,0.9313293099762557
S,0.04745214909335124,0.6513661202185792,0.9313293099762557
S,0.04745214909335124,0.651912568306011,0.9313293099762557
S,0.04759905977165883,0.651912568306011,0.9313293099762557
S,0.04759905977165883,0.6524590163934426,0.9313293099762557
S,0.04762004701141706,0.6524590163934426,0.9313293099762557
S,0.04762004701141706,0.6540983606557377,0.9313293099762557
S,0.04774597044996642,0.6540983606557377,0.9313293099762557
S,0.04774597044996642,0.6546448087431694,0.9313293099762557
S,0.047766957689724644,0.6546448087431694,0.9313293099762557
S,0.047766957689724644,0.6557377049180327,0.9313293099762557
S,0.047829919408999326,0.6557377049180327,0.9313293099762557
S,0.047829919408999326,0.6568306010928961,0.9313293099762557
S,0.047913868368032235,0.6568306010928961,0.9313293099762557
S,0.047913868368032235,0.6573770491803279,0.9313293099762557
S,0.04793485560779046,0.6573770491803279,0.9313293099762557
S,0.04793485560779046,0.6579234972677596,0.9313293099762557
S,0.048060779046339826,0.6579234972677596,0.9313293099762557
S,0.048060779046339826,0.6595628415300546,0.9313293099762557
S,0.04808176628609805,0.6595628415300546,0.9313293099762557
S,0.04808176628609805,0.6601092896174864,0.9313293099762557
S,0.04810275352585628,0.6601092896174864,0.9313293099762557
S,0.04810275352585628,0.6617486338797814,0.9313293099762557
S,0.048144728005372735,0.6617486338797814,0.9313293099762557
S,0.048144728005372735,0.6622950819672131,0.9313293099762557
S,0.048396574882471455,0.6622950819672131,0.9313293099762557
S,0.048396574882471455,0.6628415300546449,0.9313293099762557
S,0.048459536601746137,0.6628415300546449,0.9313293099762557
S,0.048459536601746137,0.6633879781420765,0.9313293099762557
S,0.04852249832102082,0.6633879781420765,0.9313293099762557
S,0.04852249832102082,0.6639344262295082,0.9313293099762557
S,0.04856447280053727,0.6639344262295082,0.9313293099762557
S,0.04856447280053727,0.6644808743169399,0.9313293099762557
S,0.0485854600402955,0.6644808743169399,0.9313293099762557
S,0.0485854600402955,0.6650273224043716,0.9313293099762557
S,0.048774345198119545,0.6650273224043716,0.9313293099762557
S,0.048774345198119545,0.6655737704918033,0.9313293099762557
S,0.048816319677636,0.6655737704918033,0.9313293099762557
S,0.048816319677636,0.666120218579235,0.9313293099762557
S,0.04908915379449295,0.666120218579235,0.9313293099762557
S,0.04908915379449295,0.6666666666666666,0.9313293099762557
S,0.04927803895231699,0.6666666666666666,0.9313293099762557
S,0.04927803895231699,0.6672131147540984,0.9313293099762557
S,0.04932001343183345,0.6672131147540984,0.9313293099762557
S,0.04932001343183345,0.66775956284153,0.9313293099762557
S,0.0493619879113499,0.66775956284153,0.9313293099762557
S,0.0493619879113499,0.6683060109289618,0.9313293099762557
S,0.049403962390866356,0.6683060109289618,0.9313293099762557
S,0.049403962390866356,0.6693989071038251,0.9313293099762557
S,0.04946692411014104,0.6693989071038251,0.9313293099762557
S,0.04946692411014104,0.6704918032786885,0.9313293099762557
S,0.049508898589657485,0.6704918032786885,0.9313293099762557
S,0.049508898589657485,0.6710382513661202,0.9313293099762557
S,0.049655809267965076,0.6710382513661202,0.9313293099762557
S,0.049655809267965076,0.6715846994535519,0.9313293099762557
S,0.0496767965077233,0.6715846994535519,0.9313293099762557
S,0.0496767965077233,0.6721311475409836,0.9313293099762557
S,0.04984469442578912,0.6721311475409836,0.9313293099762557
S,0.04984469442578912,0.6743169398907104,0.9313293099762557
S,0.0499076561450638,0.6743169398907104,0.9313293099762557
S,0.0499076561450638,0.674863387978142,0.9313293099762557
S,0.050306413700470114,0.674863387978142,0.9313293099762557
S,0.050306413700470114,0.6759562841530055,0.9313293099762557
S,0.050453324378777704,0.6759562841530055,0.9313293099762557
S,0.050453324378777704,0.6765027322404371,0.9313293099762557
S,0.05049529885829416,0.6765027322404371,0.9313293099762557
S,0.05049529885829416,0.6770491803278689,0.9313293099762557
S,0.05057924781732707,0.6770491803278689,0.9313293099762557
S,0.05057924781732707,0.6775956284153005,0.9313293099762557
S,0.050705171255876424,0.6775956284153005,0.9313293099762557
S,0.050705171255876424,0.6781420765027323,0.9313293099762557
S,0.05087306917394224,0.6781420765027323,0.9313293099762557
S,0.05087306917394224,0.6786885245901639,0.9313293099762557
S,0.05097800537273338,0.6786885245901639,0.9313293099762557
S,0.05097800537273338,0.6792349726775956,0.9313293099762557
S,0.05127182672934855,0.6792349726775956,0.9313293099762557
S,0.05127182672934855,0.6797814207650273,0.9313293099762557
S,0.05129281396910678,0.6797814207650273,0.9313293099762557
S,0.05129281396910678,0.6808743169398908,0.9313293099762557
S,0.05131380120886501,0.6808743169398908,0.9313293099762557
S,0.05131380120886501,0.6814207650273224,0.9313293099762557
S,0.051334788448623235,0.6814207650273224,0.9313293099762557
S,0.051334788448623235,0.6819672131147541,0.9313293099762557
S,0.05135577568838146,0.6819672131147541,0.9313293099762557
S,0.05135577568838146,0.6836065573770492,0.9313293099762557
S,0.051418737407656144,0.6836065573770492,0.9313293099762557
S,0.051418737407656144,0.6841530054644809,0.9313293099762557
S,0.05143972464741437,0.6841530054644809,0.9313293099762557
S,0.05143972464741437,0.6846994535519125,0.9313293099762557
S,0.05150268636668905,0.6846994535519125,0.9313293099762557
S,0.05150268636668905,0.6852459016393443,0.9313293099762557
S,0.051565648085963735,0.6852459016393443,0.9313293099762557
S,0.051565648085963735,0.6857923497267759,0.9313293099762557
S,0.05160762256548019,0.6857923497267759,0.9313293099762557
S,0.05160762256548019,0.6868852459016394,0.9313293099762557
S,0.05175453324378778,0.6868852459016394,0.9313293099762557
S,0.05175453324378778,0.687431693989071,0.9313293099762557
S,0.05192243116185359,0.687431693989071,0.9313293099762557
S,0.05192243116185359,0.6885245901639344,0.9313293099762557
S,0.05221625251846877,0.6885245901639344,0.9313293099762557
S,0.05221625251846877,0.6890710382513662,0.9313293099762557
S,0.052279214237743454,0.6890710382513662,0.9313293099762557
S,0.052279214237743454,0.6896174863387978,0.9313293099762557
S,0.052447112155809265,0.6896174863387978,0.9313293099762557
S,0.052447112155809265,0.6901639344262295,0.9313293099762557
S,0.05246809939556749,0.6901639344262295,0.9313293099762557
S,0.05246809939556749,0.6907103825136612,0.9313293099762557
S,0.05248908663532572,0.6907103825136612,0.9313293099762557
S,0.05248908663532572,0.6912568306010929,0.9313293099762557
S,0.05251007387508395,0.6912568306010929,0.9313293099762557
S,0.05251007387508395,0.6918032786885245,0.9313293099762557
S,0.052594022834116856,0.6918032786885245,0.9313293099762557
S,0.052594022834116856,0.6923497267759563,0.9313293099762557
S,0.05280389523169913,0.6923497267759563,0.9313293099762557
S,0.05280389523169913,0.692896174863388,0.9313293099762557
S,0.05292981867024849,0.692896174863388,0.9313293099762557
S,0.05292981867024849,0.6934426229508197,0.9313293099762557
S,0.05313969106783076,0.6934426229508197,0.9313293099762557
S,0.05313969106783076,0.6939890710382514,0.9313293099762557
S,0.053307588985896576,0.6939890710382514,0.9313293099762557
S,0.053307588985896576,0.6950819672131148,0.9313293099762557
S,0.053391537944929485,0.6950819672131148,0.9313293099762557
S,0.053391537944929485,0.6956284153005464,0.9313293099762557
S,0.053454499664204166,0.6956284153005464,0.9313293099762557
S,0.053454499664204166,0.6961748633879782,0.9313293099762557
S,0.05351746138347885,0.6961748633879782,0.9313293099762557
S,0.05351746138347885,0.6967213114754098,0.9313293099762557
S,0.053559435862995296,0.6967213114754098,0.9313293099762557
S,0.053559435862995296,0.6972677595628415,0.9313293099762557
S,0.05385325721961048,0.6972677595628415,0.9313293099762557
S,0.05385325721961048,0.6978142076502732,0.9313293099762557
S,0.05400016789791807,0.6978142076502732,0.9313293099762557
S,0.05400016789791807,0.6983606557377049,0.9313293099762557
S,0.05408411685695098,0.6983606557377049,0.9313293099762557
S,0.05408411685695098,0.6989071038251367,0.9313293099762557
S,0.05416806581598388,0.6989071038251367,0.9313293099762557
S,0.05416806581598388,0.6994535519125683,0.9313293099762557
S,0.054189053055742106,0.6994535519125683,0.9313293099762557
S,0.054189053055742106,0.7,0.9313293099762557
S,0.054210040295500334,0.7,0.9313293099762557
S,0.054210040295500334,0.7005464480874317,0.9313293099762557
S,0.054273002014775015,0.7005464480874317,0.9313293099762557
S,0.054273002014775015,0.7010928961748634,0.9313293099762557
S,0.05446188717259906,0.7010928961748634,0.9313293099762557
S,0.05446188717259906,0.7016393442622951,0.9313293099762557
S,0.05454583613163197,0.7016393442622951,0.9313293099762557
S,0.05454583613163197,0.7032786885245902,0.9313293099762557
S,0.0545668233713902,0.7032786885245902,0.9313293099762557
S,0.0545668233713902,0.7038251366120218,0.9313293099762557
S,0.05460879785090665,0.7038251366120218,0.9313293099762557
S,0.05460879785090665,0.7049180327868853,0.9313293099762557
S,0.05486064472800537,0.7049180327868853,0.9313293099762557
S,0.05486064472800537,0.7054644808743169,0.9313293099762557
S,0.0548816319677636,0.7054644808743169,0.9313293099762557
S,0.0548816319677636,0.7065573770491803,0.9313293099762557
S,0.05504952988582942,0.7065573770491803,0.9313293099762557
S,0.05504952988582942,0.7071038251366121,0.9313293099762557
S,0.05509150436534587,0.7071038251366121,0.9313293099762557
S,0.05509150436534587,0.7081967213114754,0.9313293099762557
S,0.05517545332437878,0.7081967213114754,0.9313293099762557
S,0.05517545332437878,0.7087431693989071,0.9313293099762557
S,0.055217427803895235,0.7087431693989071,0.9313293099762557
S,0.055217427803895235,0.7092896174863388,0.9313293099762557
S,0.05530137676292814,0.7092896174863388,0.9313293099762557
S,0.05530137676292814,0.7098360655737705,0.9313293099762557
S,0.055322364002686364,0.7098360655737705,0.9313293099762557
S,0.055322364002686364,0.7103825136612022,0.9313293099762557
S,0.05534335124244459,0.7103825136612022,0.9313293099762557
S,0.05534335124244459,0.7109289617486338,0.9313293099762557
S,0.055385325721961046,0.7109289617486338,0.9313293099762557
S,0.055385325721961046,0.7120218579234973,0.9313293099762557
S,0.05563717259905977,0.7120218579234973,0.9313293099762557
S,0.05563717259905977,0.7125683060109289,0.9313293099762557
S,0.05603593015446608,0.7125683060109289,0.9313293099762557
S,0.05603593015446608,0.7131147540983607,0.9313293099762557
S,0.05611987911349899,0.7131147540983607,0.9313293099762557
S,0.05611987911349899,0.7136612021857923,0.9313293099762557
S,0.05622481531229013,0.7136612021857923,0.9313293099762557
S,0.05622481531229013,0.7142076502732241,0.9313293099762557
S,0.056434687709872394,0.7142076502732241,0.9313293099762557
S,0.056434687709872394,0.7147540983606557,0.9313293099762557
S,0.05647666218938885,0.7147540983606557,0.9313293099762557
S,0.05647666218938885,0.7153005464480874,0.9313293099762557
S,0.056497649429147076,0.7153005464480874,0.9313293099762557
S,0.056497649429147076,0.7158469945355191,0.9313293099762557
S,0.0565186366689053,0.7158469945355191,0.9313293099762557
S,0.0565186366689053,0.7163934426229508,0.9313293099762557
S,0.05656061114842176,0.7163934426229508,0.9313293099762557
S,0.05656061114842176,0.7174863387978142,0.9313293099762557
S,0.05662357286769644,0.7174863387978142,0.9313293099762557
S,0.05662357286769644,0.7180327868852459,0.9313293099762557
S,0.05670752182672935,0.7180327868852459,0.9313293099762557
S,0.05670752182672935,0.7185792349726776,0.9313293099762557
S,0.05679147078576226,0.7185792349726776,0.9313293099762557
S,0.05679147078576226,0.7191256830601093,0.9313293099762557
S,0.056875419744795166,0.7191256830601093,0.9313293099762557
S,0.056875419744795166,0.719672131147541,0.9313293099762557
S,0.05693838146406985,0.719672131147541,0.9313293099762557
S,0.05693838146406985,0.7202185792349727,0.9313293099762557
S,0.05710627938213566,0.7202185792349727,0.9313293099762557
S,0.05710627938213566,0.7207650273224043,0.9313293099762557
S,0.05712726662189389,0.7207650273224043,0.9313293099762557
S,0.05712726662189389,0.7213114754098361,0.9313293099762557
S,0.057148253861652114,0.7213114754098361,0.9313293099762557
S,0.057148253861652114,0.7218579234972677,0.9313293099762557
S,0.05716924110141034,0.7218579234972677,0.9313293099762557
S,0.05716924110141034,0.7224043715846995,0.9313293099762557
S,0.05727417730020148,0.7224043715846995,0.9313293099762557
S,0.05727417730020148,0.7229508196721312,0.9313293099762557
S,0.057295164539959705,0.7229508196721312,0.9313293099762557
S,0.057295164539959705,0.7234972677595628,0.9313293099762557
S,0.05740010073875084,0.7234972677595628,0.9313293099762557
S,0.05740010073875084,0.7240437158469946,0.9313293099762557
S,0.05748404969778375,0.7240437158469946,0.9313293099762557
S,0.05748404969778375,0.725136612021858,0.9313293099762557
S,0.057526024177300204,0.725136612021858,0.9313293099762557
S,0.057526024177300204,0.7256830601092896,0.9313293099762557
S,0.05756799865681666,0.7256830601092896,0.9313293099762557
S,0.05756799865681666,0.726775956284153,0.9313293099762557
S,0.05767293485560779,0.726775956284153,0.9313293099762557
S,0.05767293485560779,0.7273224043715847,0.9313293099762557
S,0.0577568838146407,0.7273224043715847,0.9313293099762557
S,0.0577568838146407,0.7278688524590164,0.9313293099762557
S,0.0579877434519812,0.7278688524590164,0.9313293099762557
S,0.0579877434519812,0.7284153005464481,0.9313293099762557
S,0.058071692411014106,0.7284153005464481,0.9313293099762557
S,0.058071692411014106,0.7289617486338797,0.9313293099762557
S,0.05823959032907992,0.7289617486338797,0.9313293099762557
S,0.05823959032907992,0.7295081967213115,0.9313293099762557
S,0.05847044996642042,0.7295081967213115,0.9313293099762557
S,0.05847044996642042,0.7300546448087432,0.9313293099762557
S,0.058491437206178644,0.7300546448087432,0.9313293099762557
S,0.058491437206178644,0.7311475409836066,0.9313293099762557
S,0.05857538616521155,0.7311475409836066,0.9313293099762557
S,0.05857538616521155,0.7316939890710382,0.9313293099762557
S,0.058722296843519144,0.7316939890710382,0.9313293099762557
S,0.058722296843519144,0.73224043715847,0.9313293099762557
S,0.05878525856279382,0.73224043715847,0.9313293099762557
S,0.05878525856279382,0.7327868852459016,0.9313293099762557
S,0.0588482202820685,0.7327868852459016,0.9313293099762557
S,0.0588482202820685,0.7333333333333333,0.9313293099762557
S,0.058953156480859636,0.7333333333333333,0.9313293099762557
S,0.058953156480859636,0.733879781420765,0.9313293099762557
S,0.059456850235057083,0.733879781420765,0.9313293099762557
S,0.059456850235057083,0.7344262295081967,0.9313293099762557
S,0.05947783747481531,0.7344262295081967,0.9313293099762557
S,0.05947783747481531,0.7349726775956285,0.9313293099762557
S,0.059834620550705174,0.7349726775956285,0.9313293099762557
S,0.059834620550705174,0.7355191256830601,0.9313293099762557
S,0.05998153122901276,0.7355191256830601,0.9313293099762557
S,0.05998153122901276,0.7360655737704918,0.9313293099762557
S,0.06004449294828744,0.7360655737704918,0.9313293099762557
S,0.06004449294828744,0.7371584699453552,0.9313293099762557
S,0.06033831430490262,0.7371584699453552,0.9313293099762557
S,0.06033831430490262,0.7377049180327869,0.9313293099762557
S,0.06035930154466085,0.7377049180327869,0.9313293099762557
S,0.06035930154466085,0.7387978142076502,0.9313293099762557
S,0.06052719946272666,0.7387978142076502,0.9313293099762557
S,0.06052719946272666,0.739344262295082,0.9313293099762557
S,0.06059016118200134,0.739344262295082,0.9313293099762557
S,0.06059016118200134,0.7398907103825136,0.9313293099762557
S,0.06090496977837475,0.7398907103825136,0.9313293099762557
S,0.06090496977837475,0.7404371584699454,0.9313293099762557
S,0.06096793149764943,0.7404371584699454,0.9313293099762557
S,0.06096793149764943,0.740983606557377,0.9313293099762557
S,0.06103089321692411,0.740983606557377,0.9313293099762557
S,0.06103089321692411,0.7415300546448087,0.9313293099762557
S,0.06121977837474815,0.7415300546448087,0.9313293099762557
S,0.06121977837474815,0.7420765027322405,0.9313293099762557
S,0.06132471457353929,0.7420765027322405,0.9313293099762557
S,0.06132471457353929,0.7426229508196721,0.9313293099762557
S,0.061345701813297515,0.7426229508196721,0.9313293099762557
S,0.061345701813297515,0.7431693989071039,0.9313293099762557
S,0.06184939556749496,0.7431693989071039,0.9313293099762557
S,0.06184939556749496,0.7437158469945355,0.9313293099762557
S,0.06203828072531901,0.7437158469945355,0.9313293099762557
S,0.06203828072531901,0.7442622950819672,0.9313293099762557
S,0.06208025520483546,0.7442622950819672,0.9313293099762557
S,0.06208025520483546,0.7448087431693989,0.9313293099762557
S,0.06224815312290127,0.7448087431693989,0.9313293099762557
S,0.06224815312290127,0.7453551912568306,0.9313293099762557
S,0.06229012760241773,0.7453551912568306,0.9313293099762557
S,0.06229012760241773,0.746448087431694,0.9313293099762557
S,0.06279382135661518,0.746448087431694,0.9313293099762557
S,0.06279382135661518,0.7469945355191256,0.9313293099762557
S,0.06281480859637341,0.7469945355191256,0.9313293099762557
S,0.06281480859637341,0.7475409836065574,0.9313293099762557
S,0.06308764271323035,0.7475409836065574,0.9313293099762557
S,0.06308764271323035,0.7480874316939891,0.9313293099762557
S,0.06315060443250503,0.7480874316939891,0.9313293099762557
S,0.06315060443250503,0.7486338797814208,0.9313293099762557
S,0.06352837474815312,0.7486338797814208,0.9313293099762557
S,0.06352837474815312,0.7491803278688525,0.9313293099762557
S,0.06357034922766958,0.7491803278688525,0.9313293099762557
S,0.06357034922766958,0.7497267759562841,0.9313293099762557
S,0.06363331094694426,0.7497267759562841,0.9313293099762557
S,0.06363331094694426,0.7502732240437159,0.9313293099762557
S,0.0638221961047683,0.7502732240437159,0.9313293099762557
S,0.0638221961047683,0.7508196721311475,0.9313293099762557
S,0.06388515782404298,0.7508196721311475,0.9313293099762557
S,0.06388515782404298,0.7513661202185792,0.9313293099762557
S,0.06401108126259235,0.7513661202185792,0.9313293099762557
S,0.06401108126259235,0.7519125683060109,0.9313293099762557
S,0.06403206850235058,0.7519125683060109,0.9313293099762557
S,0.06403206850235058,0.7524590163934426,0.9313293099762557
S,0.06407404298186703,0.7524590163934426,0.9313293099762557
S,0.06407404298186703,0.7530054644808744,0.9313293099762557
S,0.06424194089993283,0.7530054644808744,0.9313293099762557
S,0.06424194089993283,0.753551912568306,0.9313293099762557
S,0.06428391537944929,0.753551912568306,0.9313293099762557
S,0.06428391537944929,0.7540983606557377,0.9313293099762557
S,0.06453576225654802,0.7540983606557377,0.9313293099762557
S,0.06453576225654802,0.7546448087431694,0.9313293099762557
S,0.06457773673606447,0.7546448087431694,0.9313293099762557
S,0.06457773673606447,0.7551912568306011,0.9313293099762557
S,0.06470366017461383,0.7551912568306011,0.9313293099762557
S,0.06470366017461383,0.7557377049180328,0.9313293099762557
S,0.06489254533243788,0.7557377049180328,0.9313293099762557
S,0.06489254533243788,0.7562841530054645,0.9313293099762557
S,0.06493451981195433,0.7562841530054645,0.9313293099762557
S,0.06493451981195433,0.7568306010928961,0.9313293099762557
S,0.06508143049026192,0.7568306010928961,0.9313293099762557
S,0.06508143049026192,0.7573770491803279,0.9313293099762557
S,0.06524932840832774,0.7573770491803279,0.9313293099762557
S,0.06524932840832774,0.7579234972677595,0.9313293099762557
S,0.06533327736736065,0.7579234972677595,0.9313293099762557
S,0.06533327736736065,0.7584699453551913,0.9313293099762557
S,0.06554314976494291,0.7584699453551913,0.9313293099762557
S,0.06554314976494291,0.759016393442623,0.9313293099762557
S,0.06573203492276695,0.759016393442623,0.9313293099762557
S,0.06573203492276695,0.7595628415300546,0.9313293099762557
S,0.06589993284083277,0.7595628415300546,0.9313293099762557
S,0.06589993284083277,0.7601092896174864,0.9313293099762557
S,0.06602585627938214,0.7601092896174864,0.9313293099762557
S,0.06602585627938214,0.7612021857923498,0.9313293099762557
S,0.06610980523841505,0.7612021857923498,0.9313293099762557
S,0.06610980523841505,0.7617486338797814,0.9313293099762557
S,0.06650856279382136,0.7617486338797814,0.9313293099762557
S,0.06650856279382136,0.7622950819672131,0.9313293099762557
S,0.06663448623237071,0.7622950819672131,0.9313293099762557
S,0.06663448623237071,0.7633879781420765,0.9313293099762557
S,0.06671843519140362,0.7633879781420765,0.9313293099762557
S,0.06671843519140362,0.7639344262295082,0.9313293099762557
S,0.0667813969106783,0.7639344262295082,0.9313293099762557
S,0.0667813969106783,0.7644808743169399,0.9313293099762557
S,0.06680238415043653,0.7644808743169399,0.9313293099762557
S,0.06680238415043653,0.7655737704918033,0.9313293099762557
S,0.06707521826729348,0.7655737704918033,0.9313293099762557
S,0.06707521826729348,0.766120218579235,0.9313293099762557
S,0.06711719274680994,0.766120218579235,0.9313293099762557
S,0.06711719274680994,0.7672131147540984,0.9313293099762557
S,0.0672431161853593,0.7672131147540984,0.9313293099762557
S,0.0672431161853593,0.76775956284153,0.9313293099762557
S,0.06789372061786433,0.76775956284153,0.9313293099762557
S,0.06789372061786433,0.7683060109289618,0.9313293099762557
S,0.06791470785762256,0.7683060109289618,0.9313293099762557
S,0.06791470785762256,0.7693989071038252,0.9313293099762557
S,0.06797766957689724,0.7693989071038252,0.9313293099762557
S,0.06797766957689724,0.7699453551912568,0.9313293099762557
S,0.06808260577568838,0.7699453551912568,0.9313293099762557
S,0.06808260577568838,0.7704918032786885,0.9313293099762557
S,0.06816655473472129,0.7704918032786885,0.9313293099762557
S,0.06816655473472129,0.7715846994535519,0.9313293099762557
S,0.06818754197447952,0.7715846994535519,0.9313293099762557
S,0.06818754197447952,0.7721311475409836,0.9313293099762557
S,0.06820852921423774,0.7721311475409836,0.9313293099762557
S,0.06820852921423774,0.7726775956284153,0.9313293099762557
S,0.06846037609133647,0.7726775956284153,0.9313293099762557
S,0.06846037609133647,0.773224043715847,0.9313293099762557
S,0.06867024848891874,0.773224043715847,0.9313293099762557
S,0.06867024848891874,0.7743169398907104,0.9313293099762557
S,0.06898505708529214,0.7743169398907104,0.9313293099762557
S,0.06898505708529214,0.774863387978142,0.9313293099762557
S,0.06900604432505036,0.774863387978142,0.9313293099762557
S,0.06900604432505036,0.7754098360655738,0.9313293099762557
S,0.06902703156480859,0.7754098360655738,0.9313293099762557
S,0.06902703156480859,0.7759562841530054,0.9313293099762557
S,0.06929986568166555,0.7759562841530054,0.9313293099762557
S,0.06929986568166555,0.7765027322404372,0.9313293099762557
S,0.06936282740094023,0.7765027322404372,0.9313293099762557
S,0.06936282740094023,0.7775956284153005,0.9313293099762557
S,0.06963566151779718,0.7775956284153005,0.9313293099762557
S,0.06963566151779718,0.7792349726775957,0.9313293099762557
S,0.06967763599731364,0.7792349726775957,0.9313293099762557
S,0.06967763599731364,0.7797814207650273,0.9313293099762557
S,0.069803559435863,0.7797814207650273,0.9313293099762557
S,0.069803559435863,0.780327868852459,0.9313293099762557
S,0.06982454667562123,0.780327868852459,0.9313293099762557
S,0.06982454667562123,0.7808743169398907,0.9313293099762557
S,0.07007639355271994,0.7808743169398907,0.9313293099762557
S,0.07007639355271994,0.7819672131147541,0.9313293099762557
S,0.07018132975151108,0.7819672131147541,0.9313293099762557
S,0.07018132975151108,0.7825136612021858,0.9313293099762557
S,0.07037021490933512,0.7825136612021858,0.9313293099762557
S,0.07037021490933512,0.7830601092896174,0.9313293099762557
S,0.07060107454667562,0.7830601092896174,0.9313293099762557
S,0.07060107454667562,0.7836065573770492,0.9313293099762557
S,0.07070601074546676,0.7836065573770492,0.9313293099762557
S,0.07070601074546676,0.7841530054644809,0.9313293099762557
S,0.07072699798522498,0.7841530054644809,0.9313293099762557
S,0.07072699798522498,0.7846994535519126,0.9313293099762557
S,0.07148253861652115,0.7846994535519126,0.9313293099762557
S,0.07148253861652115,0.7852459016393443,0.9313293099762557
S,0.07156648757555406,0.7852459016393443,0.9313293099762557
S,0.07156648757555406,0.7857923497267759,0.9313293099762557
S,0.07169241101410342,0.7857923497267759,0.9313293099762557
S,0.07169241101410342,0.7863387978142077,0.9313293099762557
S,0.07194425789120215,0.7863387978142077,0.9313293099762557
S,0.07194425789120215,0.7868852459016393,0.9313293099762557
S,0.07267881128274009,0.7868852459016393,0.9313293099762557
S,0.07267881128274009,0.7874316939890711,0.9313293099762557
S,0.07278374748153123,0.7874316939890711,0.9313293099762557
S,0.07278374748153123,0.7879781420765027,0.9313293099762557
S,0.07280473472128945,0.7879781420765027,0.9313293099762557
S,0.07280473472128945,0.7885245901639344,0.9313293099762557
S,0.07293065815983882,0.7885245901639344,0.9313293099762557
S,0.07293065815983882,0.7890710382513662,0.9313293099762557
S,0.07324546675621223,0.7890710382513662,0.9313293099762557
S,0.07324546675621223,0.7896174863387978,0.9313293099762557
S,0.07339237743451982,0.7896174863387978,0.9313293099762557
S,0.07339237743451982,0.7901639344262295,0.9313293099762557
S,0.07358126259234385,0.7901639344262295,0.9313293099762557
S,0.07358126259234385,0.7907103825136612,0.9313293099762557
S,0.0736232370718603,0.7907103825136612,0.9313293099762557
S,0.0736232370718603,0.7912568306010929,0.9313293099762557
S,0.07379113498992612,0.7912568306010929,0.9313293099762557
S,0.07379113498992612,0.7923497267759563,0.9313293099762557
S,0.07391705842847549,0.7923497267759563,0.9313293099762557
S,0.07391705842847549,0.7928961748633879,0.9313293099762557
S,0.07404298186702485,0.7928961748633879,0.9313293099762557
S,0.07404298186702485,0.7934426229508197,0.9313293099762557
S,0.07406396910678308,0.7934426229508197,0.9313293099762557
S,0.07406396910678308,0.7939890710382513,0.9313293099762557
S,0.07450470114170585,0.7939890710382513,0.9313293099762557
S,0.07450470114170585,0.7945355191256831,0.9313293099762557
S,0.07469358629952988,0.7945355191256831,0.9313293099762557
S,0.07469358629952988,0.7950819672131147,0.9313293099762557
S,0.0747145735392881,0.7950819672131147,0.9313293099762557
S,0.0747145735392881,0.7961748633879782,0.9313293099762557
S,0.0748614842175957,0.7961748633879782,0.9313293099762557
S,0.0748614842175957,0.7967213114754098,0.9313293099762557
S,0.07507135661517797,0.7967213114754098,0.9313293099762557
S,0.07507135661517797,0.7978142076502732,0.9313293099762557
S,0.07526024177300202,0.7978142076502732,0.9313293099762557
S,0.07526024177300202,0.7983606557377049,0.9313293099762557
S,0.07551208865010074,0.7983606557377049,0.9313293099762557
S,0.07551208865010074,0.7989071038251366,0.9313293099762557
S,0.07559603760913365,0.7989071038251366,0.9313293099762557
S,0.07559603760913365,0.8,0.9313293099762557
S,0.07593183344526527,0.8,0.9313293099762557
S,0.07593183344526527,0.8005464480874317,0.9313293099762557
S,0.07660342511752855,0.8005464480874317,0.9313293099762557
S,0.07660342511752855,0.8010928961748633,0.9313293099762557
S,0.07668737407656145,0.8010928961748633,0.9313293099762557
S,0.07668737407656145,0.8016393442622951,0.9313293099762557
S,0.07702316991269308,0.8016393442622951,0.9313293099762557
S,0.07702316991269308,0.8027322404371585,0.9313293099762557
S,0.07721205507051712,0.8027322404371585,0.9313293099762557
S,0.07721205507051712,0.8032786885245902,0.9313293099762557
S,0.07761081262592344,0.8032786885245902,0.9313293099762557
S,0.07761081262592344,0.8038251366120218,0.9313293099762557
S,0.0781354936198791,0.8038251366120218,0.9313293099762557
S,0.0781354936198791,0.8043715846994536,0.9313293099762557
S,0.07819845533915379,0.8043715846994536,0.9313293099762557
S,0.07819845533915379,0.805464480874317,0.9313293099762557
S,0.07866017461383479,0.805464480874317,0.9313293099762557
S,0.07866017461383479,0.8060109289617486,0.9313293099762557
S,0.07872313633310947,0.8060109289617486,0.9313293099762557
S,0.07872313633310947,0.807103825136612,0.9313293099762557
S,0.07876511081262592,0.807103825136612,0.9313293099762557
S,0.07876511081262592,0.8076502732240437,0.9313293099762557
S,0.07891202149093351,0.8076502732240437,0.9313293099762557
S,0.07891202149093351,0.8081967213114755,0.9313293099762557
S,0.07901695768972465,0.8081967213114755,0.9313293099762557
S,0.07901695768972465,0.8087431693989071,0.9313293099762557
S,0.0790589321692411,0.8087431693989071,0.9313293099762557
S,0.0790589321692411,0.8092896174863388,0.9313293099762557
S,0.07916386836803224,0.8092896174863388,0.9313293099762557
S,0.07916386836803224,0.8098360655737705,0.9313293099762557
S,0.07933176628609805,0.8098360655737705,0.9313293099762557
S,0.07933176628609805,0.8103825136612022,0.9313293099762557
S,0.07943670248488918,0.8103825136612022,0.9313293099762557
S,0.07943670248488918,0.8114754098360656,0.9313293099762557
S,0.07973052384150436,0.8114754098360656,0.9313293099762557
S,0.07973052384150436,0.8120218579234972,0.9313293099762557
S,0.0798354600402955,0.8120218579234972,0.9313293099762557
S,0.0798354600402955,0.812568306010929,0.9313293099762557
S,0.08025520483546005,0.812568306010929,0.9313293099762557
S,0.08025520483546005,0.8131147540983606,0.9313293099762557
S,0.08048606447280053,0.8131147540983606,0.9313293099762557
S,0.08048606447280053,0.8136612021857923,0.9313293099762557
S,0.08052803895231699,0.8136612021857923,0.9313293099762557
S,0.08052803895231699,0.8142076502732241,0.9313293099762557
S,0.08054902619207521,0.8142076502732241,0.9313293099762557
S,0.08054902619207521,0.8147540983606557,0.9313293099762557
S,0.08080087306917394,0.8147540983606557,0.9313293099762557
S,0.08080087306917394,0.8153005464480875,0.9313293099762557
S,0.08096877098723976,0.8153005464480875,0.9313293099762557
S,0.08096877098723976,0.8158469945355191,0.9313293099762557
S,0.0810737071860309,0.8158469945355191,0.9313293099762557
S,0.0810737071860309,0.8163934426229508,0.9313293099762557
S,0.08132555406312962,0.8163934426229508,0.9313293099762557
S,0.08132555406312962,0.8174863387978142,0.9313293099762557
S,0.0815354264607119,0.8174863387978142,0.9313293099762557
S,0.0815354264607119,0.8180327868852459,0.9313293099762557
S,0.08166134989926124,0.8180327868852459,0.9313293099762557
S,0.08166134989926124,0.8185792349726776,0.9313293099762557
S,0.08214405641370047,0.8185792349726776,0.9313293099762557
S,0.08214405641370047,0.819672131147541,0.9313293099762557
S,0.08218603089321692,0.819672131147541,0.9313293099762557
S,0.08218603089321692,0.8202185792349727,0.9313293099762557
S,0.08231195433176629,0.8202185792349727,0.9313293099762557
S,0.08231195433176629,0.8207650273224044,0.9313293099762557
S,0.08235392881128274,0.8207650273224044,0.9313293099762557
S,0.08235392881128274,0.8213114754098361,0.9313293099762557
S,0.08266873740765615,0.8213114754098361,0.9313293099762557
S,0.08266873740765615,0.8218579234972677,0.9313293099762557
S,0.08268972464741438,0.8218579234972677,0.9313293099762557
S,0.08268972464741438,0.8224043715846995,0.9313293099762557
S,0.08315144392209536,0.8224043715846995,0.9313293099762557
S,0.08315144392209536,0.8229508196721311,0.9313293099762557
S,0.08361316319677636,0.8229508196721311,0.9313293099762557
S,0.08361316319677636,0.8234972677595629,0.9313293099762557
S,0.08493535930154467,0.8234972677595629,0.9313293099762557
S,0.08493535930154467,0.8240437158469945,0.9313293099762557
S,0.08514523169912692,0.8240437158469945,0.9313293099762557
S,0.08514523169912692,0.8245901639344262,0.9313293099762557
S,0.08522918065815983,0.8245901639344262,0.9313293099762557
S,0.08522918065815983,0.825136612021858,0.9313293099762557
S,0.08537609133646742,0.825136612021858,0.9313293099762557
S,0.08537609133646742,0.8256830601092896,0.9313293099762557
S,0.08548102753525856,0.8256830601092896,0.9313293099762557
S,0.08548102753525856,0.8262295081967214,0.9313293099762557
S,0.08554398925453324,0.8262295081967214,0.9313293099762557
S,0.08554398925453324,0.826775956284153,0.9313293099762557
S,0.0856699126930826,0.826775956284153,0.9313293099762557
S,0.0856699126930826,0.8278688524590164,0.9313293099762557
S,0.08579583613163197,0.8278688524590164,0.9313293099762557
S,0.08579583613163197,0.8284153005464481,0.9313293099762557
S,0.08634150436534586,0.8284153005464481,0.9313293099762557
S,0.08634150436534586,0.8289617486338798,0.9313293099762557
S,0.08653038952316991,0.8289617486338798,0.9313293099762557
S,0.08653038952316991,0.8295081967213115,0.9313293099762557
S,0.08692914707857623,0.8295081967213115,0.9313293099762557
S,0.08692914707857623,0.8300546448087431,0.9313293099762557
S,0.08728593015446609,0.8300546448087431,0.9313293099762557
S,0.08728593015446609,0.8306010928961749,0.9313293099762557
S,0.08762172599059771,0.8306010928961749,0.9313293099762557
S,0.08762172599059771,0.8311475409836065,0.9313293099762557
S,0.08825134318334453,0.8311475409836065,0.9313293099762557
S,0.08825134318334453,0.8316939890710382,0.9313293099762557
S,0.08844022834116858,0.8316939890710382,0.9313293099762557
S,0.08844022834116858,0.83224043715847,0.9313293099762557
S,0.08848220282068503,0.83224043715847,0.9313293099762557
S,0.08848220282068503,0.8327868852459016,0.9313293099762557
S,0.08883898589657488,0.8327868852459016,0.9313293099762557
S,0.08883898589657488,0.833879781420765,0.9313293099762557
S,0.08936366689053056,0.833879781420765,0.9313293099762557
S,0.08936366689053056,0.8344262295081967,0.9313293099762557
S,0.08940564137004701,0.8344262295081967,0.9313293099762557
S,0.08940564137004701,0.8349726775956284,0.9313293099762557
S,0.08948959032907992,0.8349726775956284,0.9313293099762557
S,0.08948959032907992,0.8355191256830601,0.9313293099762557
S,0.0895525520483546,0.8355191256830601,0.9313293099762557
S,0.0895525520483546,0.8360655737704918,0.9313293099762557
S,0.08969946272666218,0.8360655737704918,0.9313293099762557
S,0.08969946272666218,0.8366120218579235,0.9313293099762557
S,0.089867360644728,0.8366120218579235,0.9313293099762557
S,0.089867360644728,0.8371584699453551,0.9313293099762557
S,0.09016118200134318,0.8371584699453551,0.9313293099762557
S,0.09016118200134318,0.8377049180327869,0.9313293099762557
S,0.09068586299529886,0.8377049180327869,0.9313293099762557
S,0.09068586299529886,0.8382513661202186,0.9313293099762557
S,0.09081178643384823,0.8382513661202186,0.9313293099762557
S,0.09081178643384823,0.8387978142076503,0.9313293099762557
S,0.09083277367360645,0.8387978142076503,0.9313293099762557
S,0.09083277367360645,0.839344262295082,0.9313293099762557
S,0.0918821356615178,0.839344262295082,0.9313293099762557
S,0.0918821356615178,0.8398907103825136,0.9313293099762557
S,0.0920500335795836,0.8398907103825136,0.9313293099762557
S,0.0920500335795836,0.8404371584699454,0.9313293099762557
S,0.0924278038952317,0.8404371584699454,0.9313293099762557
S,0.0924278038952317,0.840983606557377,0.9313293099762557
S,0.09267965077233042,0.840983606557377,0.9313293099762557
S,0.09267965077233042,0.8415300546448088,0.9313293099762557
S,0.09286853593015447,0.8415300546448088,0.9313293099762557
S,0.09286853593015447,0.8426229508196721,0.9313293099762557
S,0.09368703828072532,0.8426229508196721,0.9313293099762557
S,0.09368703828072532,0.8431693989071039,0.9313293099762557
S,0.09393888515782405,0.8431693989071039,0.9313293099762557
S,0.09393888515782405,0.8437158469945355,0.9313293099762557
S,0.09446356615177971,0.8437158469945355,0.9313293099762557
S,0.09446356615177971,0.8442622950819673,0.9313293099762557
S,0.0945265278710544,0.8442622950819673,0.9313293099762557
S,0.0945265278710544,0.8448087431693989,0.9313293099762557
S,0.09486232370718603,0.8448087431693989,0.9313293099762557
S,0.09486232370718603,0.8453551912568306,0.9313293099762557
S,0.09547095366017462,0.8453551912568306,0.9313293099762557
S,0.09547095366017462,0.8459016393442623,0.9313293099762557
S,0.09582773673606447,0.8459016393442623,0.9313293099762557
S,0.09582773673606447,0.846448087431694,0.9313293099762557
S,0.09612155809267965,0.846448087431694,0.9313293099762557
S,0.09612155809267965,0.8469945355191257,0.9313293099762557
S,0.09752770315648086,0.8469945355191257,0.9313293099762557
S,0.09752770315648086,0.8475409836065574,0.9313293099762557
S,0.09796843519140362,0.8475409836065574,0.9313293099762557
S,0.09796843519140362,0.848087431693989,0.9313293099762557
S,0.0995005036937542,0.848087431693989,0.9313293099762557
S,0.0995005036937542,0.8486338797814208,0.9313293099762557
S,0.10088566151779718,0.8486338797814208,0.9313293099762557
S,0.10088566151779718,0.8491803278688524,0.9313293099762557
S,0.10099059771658832,0.8491803278688524,0.9313293099762557
S,0.10099059771658832,0.8497267759562842,0.9313293099762557
S,0.10134738079247817,0.8497267759562842,0.9313293099762557
S,0.10134738079247817,0.8502732240437159,0.9313293099762557
S,0.10155725319006044,0.8502732240437159,0.9313293099762557
S,0.10155725319006044,0.8508196721311475,0.9313293099762557
S,0.1015992276695769,0.8508196721311475,0.9313293099762557
S,0.1015992276695769,0.8513661202185793,0.9313293099762557
S,0.10178811282740094,0.8513661202185793,0.9313293099762557
S,0.10178811282740094,0.8519125683060109,0.9313293099762557
S,0.1021448959032908,0.8519125683060109,0.9313293099762557
S,0.1021448959032908,0.8524590163934426,0.9313293099762557
S,0.10224983210208194,0.8524590163934426,0.9313293099762557
S,0.10224983210208194,0.8530054644808743,0.9313293099762557
S,0.10359301544660846,0.8530054644808743,0.9313293099762557
S,0.10359301544660846,0.853551912568306,0.9313293099762557
S,0.10386584956346541,0.853551912568306,0.9313293099762557
S,0.10386584956346541,0.8540983606557377,0.9313293099762557
S,0.10445349227669577,0.8540983606557377,0.9313293099762557
S,0.10445349227669577,0.8546448087431694,0.9313293099762557
S,0.10449546675621223,0.8546448087431694,0.9313293099762557
S,0.10449546675621223,0.855191256830601,0.9313293099762557
S,0.10491521155137676,0.855191256830601,0.9313293099762557
S,0.10491521155137676,0.8557377049180328,0.9313293099762557
S,0.10554482874412358,0.8557377049180328,0.9313293099762557
S,0.10554482874412358,0.8562841530054645,0.9313293099762557
S,0.10621642041638683,0.8562841530054645,0.9313293099762557
S,0.10621642041638683,0.8568306010928962,0.9313293099762557
S,0.10625839489590329,0.8568306010928962,0.9313293099762557
S,0.10625839489590329,0.8573770491803279,0.9313293099762557
S,0.10661517797179315,0.8573770491803279,0.9313293099762557
S,0.10661517797179315,0.8579234972677595,0.9313293099762557
S,0.10663616521155138,0.8579234972677595,0.9313293099762557
S,0.10663616521155138,0.8584699453551913,0.9313293099762557
S,0.10669912693082606,0.8584699453551913,0.9313293099762557
S,0.10669912693082606,0.8590163934426229,0.9313293099762557
S,0.10690899932840833,0.8590163934426229,0.9313293099762557
S,0.10690899932840833,0.8595628415300547,0.9313293099762557
S,0.10724479516453995,0.8595628415300547,0.9313293099762557
S,0.10724479516453995,0.8601092896174863,0.9313293099762557
S,0.10734973136333109,0.8601092896174863,0.9313293099762557
S,0.10734973136333109,0.8612021857923498,0.9313293099762557
S,0.10896574882471458,0.8612021857923498,0.9313293099762557
S,0.10896574882471458,0.8617486338797814,0.9313293099762557
S,0.10986820013431833,0.8617486338797814,0.9313293099762557
S,0.10986820013431833,0.8622950819672132,0.9313293099762557
S,0.11140026863666891,0.8622950819672132,0.9313293099762557
S,0.11140026863666891,0.8628415300546448,0.9313293099762557
S,0.11192494963062458,0.8628415300546448,0.9313293099762557
S,0.11192494963062458,0.8633879781420765,0.9313293099762557
S,0.11213482202820685,0.8633879781420765,0.9313293099762557
S,0.11213482202820685,0.8639344262295082,0.9313293099762557
S,0.11247061786433848,0.8639344262295082,0.9313293099762557
S,0.11247061786433848,0.8644808743169399,0.9313293099762557
S,0.11444341840161182,0.8644808743169399,0.9313293099762557
S,0.11444341840161182,0.8650273224043716,0.9313293099762557
S,0.11461131631967764,0.8650273224043716,0.9313293099762557
S,0.11461131631967764,0.8655737704918033,0.9313293099762557
S,0.11463230355943586,0.8655737704918033,0.9313293099762557
S,0.11463230355943586,0.8661202185792349,0.9313293099762557
S,0.11526192075218267,0.8661202185792349,0.9313293099762557
S,0.11530389523169912,0.8661202185792349,0.9313293099762557
S,0.11553475486903962,0.8661202185792349,0.9313293099762557
S,0.11553475486903962,0.8666666666666667,0.9313293099762557
S,0.11563969106783076,0.8666666666666667,0.9313293099762557
S,0.11563969106783076,0.8672131147540983,0.9313293099762557
S,0.11624832102081935,0.8672131147540983,0.9313293099762557
S,0.11624832102081935,0.8677595628415301,0.9313293099762557
S,0.11752854264607118,0.8677595628415301,0.9313293099762557
S,0.11752854264607118,0.8683060109289618,0.9313293099762557
S,0.11771742780389523,0.8683060109289618,0.9313293099762557
S,0.11771742780389523,0.8688524590163934,0.9313293099762557
S,0.11853593015446609,0.8688524590163934,0.9313293099762557
S,0.11853593015446609,0.8693989071038252,0.9313293099762557
S,0.11868284083277367,0.8693989071038252,0.9313293099762557
S,0.11868284083277367,0.8699453551912568,0.9313293099762557
S,0.1187038280725319,0.8699453551912568,0.9313293099762557
S,0.1187038280725319,0.8704918032786885,0.9313293099762557
S,0.1191655473472129,0.8704918032786885,0.9313293099762557
S,0.1191655473472129,0.8710382513661202,0.9313293099762557
S,0.11922850906648758,0.8710382513661202,0.9313293099762557
S,0.11922850906648758,0.8715846994535519,0.9313293099762557
S,0.11945936870382808,0.8715846994535519,0.9313293099762557
S,0.11945936870382808,0.8721311475409836,0.9313293099762557
S,0.11950134318334453,0.8721311475409836,0.9313293099762557
S,0.11950134318334453,0.8726775956284153,0.9313293099762557
S,0.12036182001343183,0.8726775956284153,0.9313293099762557
S,0.12036182001343183,0.8732240437158469,0.9313293099762557
S,0.1224395567494963,0.8732240437158469,0.9313293099762557
S,0.1224395567494963,0.8737704918032787,0.9313293099762557
S,0.12252350570852921,0.8737704918032787,0.9313293099762557
S,0.12252350570852921,0.8743169398907104,0.9313293099762557
S,0.12323707186030894,0.8743169398907104,0.9313293099762557
S,0.12323707186030894,0.8748633879781421,0.9313293099762557
S,0.1235308932169241,0.8748633879781421,0.9313293099762557
S,0.1235308932169241,0.8754098360655738,0.9313293099762557
S,0.12378274009402283,0.8754098360655738,0.9313293099762557
S,0.12378274009402283,0.8759562841530054,0.9313293099762557
S,0.12418149764942915,0.8759562841530054,0.9313293099762557
S,0.12418149764942915,0.8765027322404372,0.9313293099762557
S,0.12441235728676965,0.8765027322404372,0.9313293099762557
S,0.12441235728676965,0.8770491803278688,0.9313293099762557
S,0.1247691403626595,0.8770491803278688,0.9313293099762557
S,0.1247691403626595,0.8775956284153006,0.9313293099762557
S,0.1250839489590329,0.8775956284153006,0.9313293099762557
S,0.1250839489590329,0.8781420765027322,0.9313293099762557
S,0.125461719274681,0.8781420765027322,0.9313293099762557
S,0.125461719274681,0.8786885245901639,0.9313293099762557
S,0.12562961719274682,0.8786885245901639,0.9313293099762557
S,0.12562961719274682,0.8792349726775956,0.9313293099762557
S,0.12607034922766958,0.8792349726775956,0.9313293099762557
S,0.12607034922766958,0.8797814207650273,0.9313293099762557
S,0.12661601746138348,0.8797814207650273,0.9313293099762557
S,0.12661601746138348,0.8803278688524591,0.9313293099762557
S,0.1266370047011417,0.8803278688524591,0.9313293099762557
S,0.1266370047011417,0.8808743169398907,0.9313293099762557
S,0.12779130288784418,0.8808743169398907,0.9313293099762557
S,0.12779130288784418,0.8814207650273224,0.9313293099762557
S,0.12993200134318333,0.8814207650273224,0.9313293099762557
S,0.12993200134318333,0.8819672131147541,0.9313293099762557
S,0.13186282740094024,0.8819672131147541,0.9313293099762557
S,0.13186282740094024,0.8825136612021858,0.9313293099762557
S,0.13295416386836803,0.8825136612021858,0.9313293099762557
S,0.13295416386836803,0.8830601092896175,0.9313293099762557
S,0.13322699798522497,0.8830601092896175,0.9313293099762557
S,0.13322699798522497,0.8836065573770492,0.9313293099762557
S,0.1333948959032908,0.8836065573770492,0.9313293099762557
S,0.1333948959032908,0.8841530054644808,0.9313293099762557
S,0.134801040967092,0.8841530054644808,0.9313293099762557
S,0.134801040967092,0.8846994535519126,0.9313293099762557
S,0.13551460711887173,0.8846994535519126,0.9313293099762557
S,0.13551460711887173,0.8852459016393442,0.9313293099762557
S,0.13729852249832103,0.8852459016393442,0.9313293099762557
S,0.13729852249832103,0.885792349726776,0.9313293099762557
S,0.14029969778374748,0.885792349726776,0.9313293099762557
S,0.14029969778374748,0.8863387978142077,0.9313293099762557
S,0.14053055742108797,0.8863387978142077,0.9313293099762557
S,0.14053055742108797,0.8868852459016393,0.9313293099762557
S,0.14109721289456012,0.8868852459016393,0.9313293099762557
S,0.14109721289456012,0.8874316939890711,0.9313293099762557
S,0.14160090664875755,0.8874316939890711,0.9313293099762557
S,0.14160090664875755,0.8879781420765027,0.9313293099762557
S,0.14252434519811955,0.8879781420765027,0.9313293099762557
S,0.14252434519811955,0.8885245901639345,0.9313293099762557
S,0.14407740094022833,0.8885245901639345,0.9313293099762557
S,0.14407740094022833,0.8890710382513661,0.9313293099762557
S,0.14424529885829415,0.8890710382513661,0.9313293099762557
S,0.14424529885829415,0.8896174863387978,0.9313293099762557
S,0.14491689053055742,0.8896174863387978,0.9313293099762557
S,0.14491689053055742,0.8901639344262295,0.9313293099762557
S,0.14527367360644727,0.8901639344262295,0.9313293099762557
S,0.14527367360644727,0.8907103825136612,0.9313293099762557
S,0.14605020147750167,0.8907103825136612,0.9313293099762557
S,0.14605020147750167,0.8912568306010928,0.9313293099762557
S,0.14613415043653458,0.8912568306010928,0.9313293099762557
S,0.14613415043653458,0.8918032786885246,0.9313293099762557
S,0.14615513767629282,0.8918032786885246,0.9313293099762557
S,0.14615513767629282,0.8923497267759563,0.9313293099762557
S,0.1477711551376763,0.8923497267759563,0.9313293099762557
S,0.1477711551376763,0.892896174863388,0.9313293099762557
S,0.14819089993284082,0.892896174863388,0.9313293099762557
S,0.14819089993284082,0.8934426229508197,0.9313293099762557
S,0.1485686702484889,0.8934426229508197,0.9313293099762557
S,0.1485686702484889,0.8939890710382513,0.9313293099762557
S,0.14879952988582942,0.8939890710382513,0.9313293099762557
S,0.14879952988582942,0.8945355191256831,0.9313293099762557
S,0.1494291470785762,0.8945355191256831,0.9313293099762557
S,0.1494291470785762,0.8950819672131147,0.9313293099762557
S,0.1497859301544661,0.8950819672131147,0.9313293099762557
S,0.1497859301544661,0.8956284153005465,0.9313293099762557
S,0.1504994963062458,0.8956284153005465,0.9313293099762557
S,0.1504994963062458,0.8961748633879781,0.9313293099762557
S,0.15123404969778376,0.8961748633879781,0.9313293099762557
S,0.15123404969778376,0.8967213114754098,0.9313293099762557
S,0.1518216924110141,0.8967213114754098,0.9313293099762557
S,0.1518216924110141,0.8972677595628415,0.9313293099762557
S,0.15513767629281397,0.8972677595628415,0.9313293099762557
S,0.15513767629281397,0.898360655737705,0.9313293099762557
S,0.1554105104096709,0.898360655737705,0.9313293099762557
S,0.1554105104096709,0.8989071038251366,0.9313293099762557
S,0.15606111484217597,0.8989071038251366,0.9313293099762557
S,0.15606111484217597,0.8994535519125683,0.9313293099762557
S,0.15650184687709873,0.8994535519125683,0.9313293099762557
S,0.15650184687709873,0.9,0.9313293099762557
S,0.1591252518468771,0.9,0.9313293099762557
S,0.1591252518468771,0.9005464480874317,0.9313293099762557
S,0.15962894560107455,0.9005464480874317,0.9313293099762557
S,0.15962894560107455,0.9010928961748634,0.9313293099762557
S,0.1613079247817327,0.9010928961748634,0.9313293099762557
S,0.1613079247817327,0.9016393442622951,0.9313293099762557
S,0.16164372061786433,0.9016393442622951,0.9313293099762557
S,0.16164372061786433,0.9021857923497267,0.9313293099762557
S,0.16179063129617194,0.9021857923497267,0.9313293099762557
S,0.16179063129617194,0.9027322404371585,0.9313293099762557
S,0.16189556749496306,0.9027322404371585,0.9313293099762557
S,0.16189556749496306,0.9032786885245901,0.9313293099762557
S,0.1619165547347213,0.9032786885245901,0.9313293099762557
S,0.1619165547347213,0.9038251366120219,0.9313293099762557
S,0.16206346541302888,0.9038251366120219,0.9313293099762557
S,0.16206346541302888,0.9043715846994536,0.9313293099762557
S,0.16239926124916051,0.9043715846994536,0.9313293099762557
S,0.16239926124916051,0.9049180327868852,0.9313293099762557
S,0.16414120214909336,0.9049180327868852,0.9313293099762557
S,0.16414120214909336,0.905464480874317,0.9313293099762557
S,0.16563129617192746,0.905464480874317,0.9313293099762557
S,0.16563129617192746,0.9060109289617486,0.9313293099762557
S,0.166974479516454,0.9060109289617486,0.9313293099762557
S,0.166974479516454,0.9065573770491804,0.9313293099762557
S,0.1677510073875084,0.9065573770491804,0.9313293099762557
S,0.1677510073875084,0.907103825136612,0.9313293099762557
S,0.16880036937541976,0.907103825136612,0.9313293099762557
S,0.16880036937541976,0.9076502732240437,0.9313293099762557
S,0.17052132303559436,0.9076502732240437,0.9313293099762557
S,0.17052132303559436,0.9081967213114754,0.9313293099762557
S,0.17154969778374748,0.9081967213114754,0.9313293099762557
S,0.17154969778374748,0.9087431693989071,0.9313293099762557
S,0.17175957018132976,0.9087431693989071,0.9313293099762557
S,0.17175957018132976,0.9092896174863389,0.9313293099762557
S,0.17178055742108797,0.9092896174863389,0.9313293099762557
S,0.17178055742108797,0.9098360655737705,0.9313293099762557
S,0.17272498321020818,0.9098360655737705,0.9313293099762557
S,0.17272498321020818,0.9103825136612022,0.9313293099762557
S,0.1738373069173942,0.9103825136612022,0.9313293099762557
S,0.17387928139691067,0.9103825136612022,0.9313293099762557
S,0.17625083948959033,0.9103825136612022,0.9313293099762557
S,0.17625083948959033,0.9109289617486339,0.9313293099762557
S,0.17688045668233715,0.9109289617486339,0.9313293099762557
S,0.17688045668233715,0.9114754098360656,0.9313293099762557
S,0.17704835460040297,0.9114754098360656,0.9313293099762557
S,0.17704835460040297,0.9120218579234972,0.9313293099762557
S,0.17824462726662188,0.9120218579234972,0.9313293099762557
S,0.17824462726662188,0.912568306010929,0.9313293099762557
S,0.1784754869039624,0.912568306010929,0.9313293099762557
S,0.1784754869039624,0.9131147540983606,0.9313293099762557
S,0.17866437206178643,0.9131147540983606,0.9313293099762557
S,0.17866437206178643,0.9136612021857924,0.9313293099762557
S,0.17870634654130288,0.9136612021857924,0.9313293099762557
S,0.17874832102081933,0.9136612021857924,0.9313293099762557
S,0.17986064472800536,0.9136612021857924,0.9313293099762557
S,0.17986064472800536,0.914207650273224,0.9313293099762557
S,0.1823791134989926,0.914207650273224,0.9313293099762557
S,0.1823791134989926,0.9147540983606557,0.9313293099762557
S,0.18246306245802552,0.9147540983606557,0.9313293099762557
S,0.18246306245802552,0.9153005464480874,0.9313293099762557
S,0.18294576897246473,0.9153005464480874,0.9313293099762557
S,0.18294576897246473,0.9158469945355191,0.9313293099762557
S,0.18386920752182673,0.9158469945355191,0.9313293099762557
S,0.18386920752182673,0.9163934426229509,0.9313293099762557
S,0.18441487575554064,0.9163934426229509,0.9313293099762557
S,0.18441487575554064,0.9169398907103825,0.9313293099762557
S,0.18705926796507724,0.9169398907103825,0.9313293099762557
S,0.1871012424445937,0.9169398907103825,0.9313293099762557
S,0.18806665547347212,0.9169398907103825,0.9313293099762557
S,0.18806665547347212,0.9174863387978142,0.9313293099762557
S,0.18859133646742782,0.9174863387978142,0.9313293099762557
S,0.18859133646742782,0.9180327868852459,0.9313293099762557
S,0.18888515782404297,0.9180327868852459,0.9313293099762557
S,0.18888515782404297,0.9185792349726776,0.9313293099762557
S,0.18955674949630624,0.9185792349726776,0.9313293099762557
S,0.18955674949630624,0.9191256830601093,0.9313293099762557
S,0.19346037609133646,0.9191256830601093,0.9313293099762557
S,0.19346037609133646,0.919672131147541,0.9313293099762557
S,0.19688129617192746,0.919672131147541,0.9313293099762557
S,0.19688129617192746,0.9202185792349726,0.9313293099762557
S,0.197301040967092,0.9202185792349726,0.9313293099762557
S,0.197301040967092,0.9207650273224044,0.9313293099762557
S,0.1981615177971793,0.9207650273224044,0.9313293099762557
S,0.1981615177971793,0.921311475409836,0.9313293099762557
S,0.19864422431161854,0.921311475409836,0.9313293099762557
S,0.19864422431161854,0.9218579234972678,0.9313293099762557
S,0.1990010073875084,0.9218579234972678,0.9313293099762557
S,0.1990010073875084,0.9224043715846995,0.9313293099762557
S,0.1995466756212223,0.9224043715846995,0.9313293099762557
S,0.1995466756212223,0.9229508196721311,0.9313293099762557
S,0.20099479516453997,0.9229508196721311,0.9313293099762557
S,0.20099479516453997,0.9234972677595629,0.9313293099762557
S,0.20147750167897918,0.9234972677595629,0.9313293099762557
S,0.20147750167897918,0.9240437158469945,0.9313293099762557
S,0.20611568166554733,0.9240437158469945,0.9313293099762557
S,0.2061576561450638,0.9240437158469945,0.9313293099762557
S,0.2061576561450638,0.9245901639344263,0.9313293099762557
S,0.20714405641370048,0.9245901639344263,0.9313293099762557
S,0.20714405641370048,0.9251366120218579,0.9313293099762557
S,0.21060695097380794,0.9251366120218579,0.9313293099762557
S,0.21060695097380794,0.9256830601092896,0.9313293099762557
S,0.21283159838818,0.9256830601092896,0.9313293099762557
S,0.21283159838818,0.9262295081967213,0.9313293099762557
S,0.21537105439892545,0.9262295081967213,0.9313293099762557
S,0.21537105439892545,0.926775956284153,0.9313293099762557
S,0.21770063801208864,0.926775956284153,0.9313293099762557
S,0.21770063801208864,0.9273224043715848,0.9313293099762557
S,0.2203870047011417,0.9273224043715848,0.9313293099762557
S,0.2203870047011417,0.9278688524590164,0.9313293099762557
S,0.22269560107454667,0.9278688524590164,0.9313293099762557
S,0.22269560107454667,0.928415300546448,0.9313293099762557
S,0.22353509066487576,0.928415300546448,0.9313293099762557
S,0.22353509066487576,0.9289617486338798,0.9313293099762557
S,0.22410174613834788,0.9289617486338798,0.9313293099762557
S,0.22410174613834788,0.9295081967213115,0.9313293099762557
S,0.22689304902619206,0.9295081967213115,0.9313293099762557
S,0.22689304902619206,0.9300546448087431,0.9313293099762557
S,0.22762760241773003,0.9300546448087431,0.9313293099762557
S,0.22762760241773003,0.9306010928961749,0.9313293099762557
S,0.22844610476830088,0.9306010928961749,0.9313293099762557
S,0.22844610476830088,0.9311475409836065,0.9313293099762557
S,0.22962139019476158,0.9311475409836065,0.9313293099762557
S,0.22962139019476158,0.9316939890710383,0.9313293099762557
S,0.2304189053055742,0.9316939890710383,0.9313293099762557
S,0.2304189053055742,0.9322404371584699,0.9313293099762557
S,0.2307127266621894,0.9322404371584699,0.9313293099762557
S,0.2307127266621894,0.9327868852459016,0.9313293099762557
S,0.23090161182001342,0.9327868852459016,0.9313293099762557
S,0.23090161182001342,0.9333333333333333,0.9313293099762557
S,0.23237071860308933,0.9333333333333333,0.9313293099762557
S,0.23237071860308933,0.933879781420765,0.9313293099762557
S,0.23308428475486903,0.933879781420765,0.9313293099762557
S,0.23308428475486903,0.9344262295081968,0.9313293099762557
S,0.23654717931497649,0.9344262295081968,0.9313293099762557
S,0.23654717931497649,0.9349726775956284,0.9313293099762557
S,0.23721877098723976,0.9349726775956284,0.9313293099762557
S,0.23721877098723976,0.9355191256830601,0.9313293099762557
S,0.23862491605104097,0.9355191256830601,0.9313293099762557
S,0.23862491605104097,0.9360655737704918,0.9313293099762557
S,0.24036685695097382,0.9360655737704918,0.9313293099762557
S,0.24036685695097382,0.9366120218579235,0.9313293099762557
S,0.24189892545332436,0.9366120218579235,0.9313293099762557
S,0.24189892545332436,0.9371584699453552,0.9313293099762557
S,0.24305322364002688,0.9371584699453552,0.9313293099762557
S,0.2430951981195433,0.9371584699453552,0.9313293099762557
S,0.24729264607118873,0.9371584699453552,0.9313293099762557
S,0.24729264607118873,0.9377049180327869,0.9313293099762557
S,0.2506086299529886,0.9377049180327869,0.9313293099762557
S,0.2506086299529886,0.9382513661202185,0.9313293099762557
S,0.25134318334452654,0.9382513661202185,0.9313293099762557
S,0.25134318334452654,0.9387978142076503,0.9313293099762557
S,0.252035762256548,0.9387978142076503,0.9313293099762557
S,0.252035762256548,0.9393442622950819,0.9313293099762557
S,0.2527913028878442,0.9393442622950819,0.9313293099762557
S,0.2527913028878442,0.9398907103825137,0.9313293099762557
S,0.2552048354600403,0.9398907103825137,0.9313293099762557
S,0.2552048354600403,0.9404371584699454,0.9313293099762557
S,0.25646406984553394,0.9404371584699454,0.9313293099762557
S,0.25646406984553394,0.940983606557377,0.9313293099762557
S,0.26082941571524515,0.940983606557377,0.9313293099762557
S,0.26082941571524515,0.9415300546448088,0.9313293099762557
S,0.26091336467427806,0.9415300546448088,0.9313293099762557
S,0.26091336467427806,0.9420765027322404,0.9313293099762557
S,0.26504785090664873,0.9420765027322404,0.9313293099762557
S,0.26504785090664873,0.9426229508196722,0.9313293099762557
S,0.2676502686366689,0.9426229508196722,0.9313293099762557
S,0.2676502686366689,0.9431693989071038,0.9313293099762557
S,0.268489758226998,0.9431693989071038,0.9313293099762557
S,0.26851074546675624,0.9437158469945355,0.9313293099762557
S,0.2694341840161182,0.9437158469945355,0.9313293099762557
S,0.2694341840161182,0.9442622950819672,0.9313293099762557
S,0.269602081934184,0.9442622950819672,0.9313293099762557
S,0.269602081934184,0.9448087431693989,0.9313293099762557
S,0.2696440564137005,0.9448087431693989,0.9313293099762557
S,0.2696440564137005,0.9453551912568307,0.9313293099762557
S,0.2714909335124244,0.9453551912568307,0.9313293099762557
S,0.2714909335124244,0.9459016393442623,0.9313293099762557
S,0.27434519811954333,0.9459016393442623,0.9313293099762557
S,0.27434519811954333,0.946448087431694,0.9313293099762557
S,0.2744921087978509,0.946448087431694,0.9313293099762557
S,0.2744921087978509,0.9469945355191257,0.9313293099762557
S,0.27545752182672933,0.9469945355191257,0.9313293099762557
S,0.27545752182672933,0.9475409836065574,0.9313293099762557
S,0.2756883814640698,0.9475409836065574,0.9313293099762557
S,0.2756883814640698,0.9480874316939891,0.9313293099762557
S,0.27690564137004703,0.9480874316939891,0.9313293099762557
S,0.27690564137004703,0.9486338797814208,0.9313293099762557
S,0.28066235728676964,0.9486338797814208,0.9313293099762557
S,0.28066235728676964,0.9491803278688524,0.9313293099762557
S,0.28578324378777703,0.9491803278688524,0.9313293099762557
S,0.28578324378777703,0.9497267759562842,0.9313293099762557
S,0.29495466756212224,0.9497267759562842,0.9313293099762557
S,0.29495466756212224,0.9502732240437158,0.9313293099762557
S,0.2960040295500336,0.9502732240437158,0.9313293099762557
S,0.2960040295500336,0.9508196721311475,0.9313293099762557
S,0.29778794492948285,0.9508196721311475,0.9313293099762557
S,0.29782991940899933,0.9508196721311475,0.9313293099762557
S,0.30171255876427133,0.9508196721311475,0.9313293099762557
S,0.30171255876427133,0.9513661202185792,0.9313293099762557
S,0.3025520483546004,0.9513661202185792,0.9313293099762557
S,0.3025520483546004,0.9519125683060109,0.9313293099762557
S,0.30311870382807254,0.9519125683060109,0.9313293099762557
S,0.30311870382807254,0.9524590163934427,0.9313293099762557
S,0.3032656145063801,0.9524590163934427,0.9313293099762557
S,0.3032656145063801,0.9530054644808743,0.9313293099762557
S,0.3036433848220282,0.9530054644808743,0.9313293099762557
S,0.3036433848220282,0.953551912568306,0.9313293099762557
S,0.30368535930154467,0.953551912568306,0.9313293099762557
S,0.30368535930154467,0.9540983606557377,0.9313293099762557
S,0.31354936198791133,0.9540983606557377,0.9313293099762557
S,0.31354936198791133,0.9546448087431694,0.9313293099762557
S,0.3149764942914708,0.9546448087431694,0.9313293099762557
S,0.3149764942914708,0.9551912568306011,0.9313293099762557
S,0.3166974479516454,0.9551912568306011,0.9313293099762557
S,0.3166974479516454,0.9557377049180328,0.9313293099762557
S,0.31671843519140364,0.9557377049180328,0.9313293099762557
S,0.31676040967092006,0.9557377049180328,0.9313293099762557
S,0.317306077904634,0.9557377049180328,0.9313293099762557
S,0.317306077904634,0.9562841530054644,0.9313293099762557
S,0.3185653122901276,0.9562841530054644,0.9313293099762557
S,0.3185653122901276,0.9568306010928962,0.9313293099762557
S,0.3188591336467428,0.9568306010928962,0.9313293099762557
S,0.3188591336467428,0.9573770491803278,0.9313293099762557
S,0.31967763599731364,0.9573770491803278,0.9313293099762557
S,0.31967763599731364,0.9579234972677596,0.9313293099762557
S,0.32156648757555406,0.9579234972677596,0.9313293099762557
S,0.32156648757555406,0.9584699453551913,0.9313293099762557
S,0.32160846205507054,0.9584699453551913,0.9313293099762557
S,0.32160846205507054,0.9590163934426229,0.9313293099762557
S,0.32528122901276024,0.9590163934426229,0.9313293099762557
S,0.32528122901276024,0.9595628415300547,0.9313293099762557
S,0.3267923102753526,0.9595628415300547,0.9313293099762557
S,0.3267923102753526,0.9601092896174863,0.9313293099762557
S,0.3307588985896575,0.9601092896174863,0.9313293099762557
S,0.3307588985896575,0.9606557377049181,0.9313293099762557
S,0.3308428475486904,0.9606557377049181,0.9313293099762557
S,0.3308428475486904,0.9612021857923497,0.9313293099762557
S,0.3361526192075218,0.9612021857923497,0.9313293099762557
S,0.3361526192075218,0.9617486338797814,0.9313293099762557
S,0.34032907991940897,0.9617486338797814,0.9313293099762557
S,0.34037105439892545,0.9617486338797814,0.9313293099762557
S,0.34712894560107455,0.9617486338797814,0.9313293099762557
S,0.34717092008059103,0.9617486338797814,0.9313293099762557
S,0.35145231699126933,0.9617486338797814,0.9313293099762557
S,0.35145231699126933,0.9622950819672131,0.9313293099762557
S,0.3538658495634654,0.9622950819672131,0.9313293099762557
S,0.3538658495634654,0.9628415300546448,0.9313293099762557
S,0.35449546675621224,0.9628415300546448,0.9313293099762557
S,0.35449546675621224,0.9633879781420766,0.9313293099762557
S,0.3560275352585628,0.9633879781420766,0.9313293099762557
S,0.3560275352585628,0.9639344262295082,0.9313293099762557
S,0.35940648085963733,0.9639344262295082,0.9313293099762557
S,0.35940648085963733,0.9644808743169399,0.9313293099762557
S,0.3617990261920752,0.9644808743169399,0.9313293099762557
S,0.3617990261920752,0.9650273224043716,0.9313293099762557
S,0.3618619879113499,0.9650273224043716,0.9313293099762557
S,0.3618619879113499,0.9655737704918033,0.9313293099762557
S,0.3630372733378106,0.9655737704918033,0.9313293099762557
S,0.3630372733378106,0.966120218579235,0.9313293099762557
S,0.3634360308932169,0.966120218579235,0.9313293099762557
S,0.3634780053727334,0.966120218579235,0.9313293099762557
S,0.3705087306917394,0.966120218579235,0.9313293099762557
S,0.3705087306917394,0.9666666666666667,0.9313293099762557
S,0.3752308596373405,0.9666666666666667,0.9313293099762557
S,0.3752308596373405,0.9672131147540983,0.9313293099762557
S,0.37621725990597715,0.9672131147540983,0.9313293099762557
S,0.37621725990597715,0.9677595628415301,0.9313293099762557
S,0.3776443922095366,0.9677595628415301,0.9313293099762557
S,0.3776443922095366,0.9683060109289617,0.9313293099762557
S,0.3791344862323707,0.9683060109289617,0.9313293099762557
S,0.3791344862323707,0.9688524590163935,0.9313293099762557
S,0.38102333781061115,0.9688524590163935,0.9313293099762557
S,0.38102333781061115,0.9693989071038251,0.9313293099762557
S,0.38375167897918067,0.9693989071038251,0.9313293099762557
S,0.38375167897918067,0.9699453551912568,0.9313293099762557
S,0.39974395567494964,0.9699453551912568,0.9313293099762557
S,0.39974395567494964,0.9704918032786886,0.9313293099762557
S,0.40026863666890533,0.9704918032786886,0.9313293099762557
S,0.40026863666890533,0.9710382513661202,0.9313293099762557
S,0.4072573875083949,0.9710382513661202,0.9313293099762557
S,0.4072573875083949,0.9715846994535519,0.9313293099762557
S,0.4083697112155809,0.9715846994535519,0.9313293099762557
S,0.4083697112155809,0.9721311475409836,0.9313293099762557
S,0.4193250503693754,0.9721311475409836,0.9313293099762557
S,0.4193250503693754,0.9726775956284153,0.9313293099762557
S,0.42106699126930824,0.9726775956284153,0.9313293099762557
S,0.42106699126930824,0.973224043715847,0.9313293099762557
S,0.42362743451981194,0.973224043715847,0.9313293099762557
S,0.42362743451981194,0.9737704918032787,0.9313293099762557
S,0.4238582941571524,0.9737704918032787,0.9313293099762557
S,0.4238582941571524,0.9743169398907103,0.9313293099762557
S,0.4311828408327737,0.9743169398907103,0.9313293099762557
S,0.4311828408327737,0.9748633879781421,0.9313293099762557
S,0.4328198455339154,0.9748633879781421,0.9313293099762557
S,0.4328198455339154,0.9754098360655737,0.9313293099762557
S,0.4334704499664204,0.9754098360655737,0.9313293099762557
S,0.4334704499664204,0.9759562841530055,0.9313293099762557
S,0.4358629952988583,0.9759562841530055,0.9313293099762557
S,0.4358629952988583,0.9765027322404372,0.9313293099762557
S,0.4410048690396239,0.9765027322404372,0.9313293099762557
S,0.44104684351914036,0.9765027322404372,0.9313293099762557
S,0.4549403962390866,0.9765027322404372,0.9313293099762557
S,0.4549403962390866,0.9770491803278688,0.9313293099762557
S,0.4642587306917394,0.9770491803278688,0.9313293099762557
S,0.4642587306917394,0.9775956284153006,0.9313293099762557
S,0.46444761584956346,0.9775956284153006,0.9313293099762557
S,0.46444761584956346,0.9781420765027322,0.9313293099762557
S,0.47217092008059103,0.9781420765027322,0.9313293099762557
S,0.47217092008059103,0.978688524590164,0.9313293099762557
S,0.4899051376762928,0.978688524590164,0.9313293099762557
S,0.4899051376762928,0.9792349726775956,0.9313293099762557
S,0.4942285090664876,0.9792349726775956,0.9313293099762557
S,0.4942285090664876,0.9797814207650273,0.9313293099762557
S,0.4949630624580255,0.9797814207650273,0.9313293099762557
S,0.4949630624580255,0.980327868852459,0.9313293099762557
S,0.4955507051712559,0.980327868852459,0.9313293099762557
S,0.4955507051712559,0.9808743169398907,0.9313293099762557
S,0.5047850906648758,0.9808743169398907,0.9313293099762557
S,0.5047850906648758,0.9814207650273225,0.9313293099762557
S,0.5055406312961719,0.9814207650273225,0.9313293099762557
S,0.5055406312961719,0.9819672131147541,0.9313293099762557
S,0.5055826057756884,0.9819672131147541,0.9313293099762557
S,0.5055826057756884,0.9825136612021858,0.9313293099762557
S,0.5057714909335125,0.9825136612021858,0.9313293099762557
S,0.5057714909335125,0.9830601092896175,0.9313293099762557
S,0.5107034922766958,0.9830601092896175,0.9313293099762557
S,0.5107034922766958,0.9836065573770492,0.9313293099762557
S,0.5115219946272667,0.9836065573770492,0.9313293099762557
S,0.5115219946272667,0.9841530054644809,0.9313293099762557
S,0.5165169576897246,0.9841530054644809,0.9313293099762557
S,0.5165169576897246,0.9846994535519126,0.9313293099762557
S,0.5166009066487576,0.9846994535519126,0.9313293099762557
S,0.5166009066487576,0.9852459016393442,0.9313293099762557
S,0.520987239758227,0.9852459016393442,0.9313293099762557
S,0.520987239758227,0.985792349726776,0.9313293099762557
S,0.5380918401611821,0.985792349726776,0.9313293099762557
S,0.5381338146406984,0.985792349726776,0.9313293099762557
S,0.5384905977165884,0.985792349726776,0.9313293099762557
S,0.5385325721961047,0.985792349726776,0.9313293099762557
S,0.5436744459368704,0.985792349726776,0.9313293099762557
S,0.5436744459368704,0.9863387978142076,0.9313293099762557
S,0.5462348891873741,0.9863387978142076,0.9313293099762557
S,0.5462348891873741,0.9868852459016394,0.9313293099762557
S,0.547431161853593,0.9868852459016394,0.9313293099762557
S,0.547431161853593,0.987431693989071,0.9313293099762557
S,0.548543485560779,0.987431693989071,0.9313293099762557
S,0.548543485560779,0.9879781420765027,0.9313293099762557
S,0.5506212222968435,0.9879781420765027,0.9313293099762557
S,0.5506212222968435,0.9885245901639345,0.9313293099762557
S,0.5610308932169241,0.9885245901639345,0.9313293099762557
S,0.5610308932169241,0.9890710382513661,0.9313293099762557
S,0.5643888515782405,0.9890710382513661,0.9313293099762557
S,0.5644308260577569,0.9890710382513661,0.9313293099762557
S,0.572762760241773,0.9890710382513661,0.9313293099762557
S,0.572762760241773,0.9896174863387979,0.9313293099762557
S,0.5780725319006045,0.9896174863387979,0.9313293099762557
S,0.5780725319006045,0.9901639344262295,0.9313293099762557
S,0.5889019476158496,0.9901639344262295,0.9313293099762557
S,0.5889019476158496,0.9907103825136612,0.9313293099762557
S,0.6014733042310275,0.9907103825136612,0.9313293099762557
S,0.6014733042310275,0.9912568306010929,0.9313293099762557
S,0.6101410342511753,0.9912568306010929,0.9313293099762557
S,0.6101410342511753,0.9918032786885246,0.9313293099762557
S,0.6107916386836804,0.9918032786885246,0.9313293099762557
S,0.6107916386836804,0.9923497267759562,0.9313293099762557
S,0.6172766957689725,0.9923497267759562,0.9313293099762557
S,0.6172766957689725,0.992896174863388,0.9313293099762557
S,0.6296171927468099,0.992896174863388,0.9313293099762557
S,0.6296171927468099,0.9934426229508196,0.9313293099762557
S,0.632492444593687,0.9934426229508196,0.9313293099762557
S,0.632492444593687,0.9939890710382514,0.9313293099762557
S,0.6456724311618536,0.9939890710382514,0.9313293099762557
S,0.6456724311618536,0.994535519125683,0.9313293099762557
S,0.6743829751511081,0.994535519125683,0.9313293099762557
S,0.6743829751511081,0.9950819672131147,0.9313293099762557
S,0.6953702149093351,0.9950819672131147,0.9313293099762557
S,0.6953702149093351,0.9956284153005465,0.9313293099762557
S,0.7013515782404298,0.9956284153005465,0.9313293099762557
S,0.7013515782404298,0.9961748633879781,0.9313293099762557
S,0.7098514103425118,0.9961748633879781,0.9313293099762557
S,0.7098514103425118,0.9967213114754099,0.9313293099762557
S,0.7159167226326394,0.9967213114754099,0.9313293099762557
S,0.7159586971121558,0.9967213114754099,0.9313293099762557
S,0.7227585627938213,0.9967213114754099,0.9313293099762557
S,0.7227585627938213,0.9972677595628415,0.9313293099762557
S,0.7240597716588314,0.9972677595628415,0.9313293099762557
S,0.7240597716588314,0.9978142076502732,0.9313293099762557
S,0.7348262256548019,0.9978142076502732,0.9313293099762557
S,0.7348262256548019,0.9983606557377049,0.9313293099762557
S,0.7579331766286098,0.9983606557377049,0.9313293099762557
S,0.7579331766286098,0.9989071038251366,0.9313293099762557
S,0.7945349227669577,0.9989071038251366,0.9313293099762557
S,0.7945349227669577,0.9994535519125683,0.9313293099762557
S,0.7974731363331095,0.9994535519125683,0.9313293099762557
S,0.7975151108126259,0.9994535519125683,0.9313293099762557
S,0.7994039623908663,0.9994535519125683,0.9313293099762557
S,0.7994459368703828,0.9994535519125683,0.9313293099762557
S,0.8451981195433177,0.9994535519125683,0.9313293099762557
S,0.8452400940228341,0.9994535519125683,0.9313293099762557
S,0.9108252182672935,0.9994535519125683,0.9313293099762557
S,0.9108252182672935,1.0,0.9313293099762557
S,0.9757177635997314,1.0,0.9313293099762557
S,0.9757597380792478,1.0,0.9313293099762557
S,1.0,1.0,0.9313293099762557
V,0.0,0.0,0.9569053762032638
V,0.0,0.0003118178983473651,0.9569053762032638
V,0.0,0.011225444340505144,0.9569053762032638
V,2.1611808692269457e-05,0.011225444340505144,0.9569053762032638
V,2.1611808692269457e-05,0.05332086061739944,0.9569053762032638
V,4.3223617384538915e-05,0.05332086061739944,0.9569053762032638
V,4.3223617384538915e-05,0.05643903960087309,0.9569053762032638
V,6.483542607680837e-05,0.05643903960087309,0.9569053762032638
V,6.483542607680837e-05,0.06579357655129404,0.9569053762032638
V,8.644723476907783e-05,0.06579357655129404,0.9569053762032638
V,8.644723476907783e-05,0.0823199251637044,0.9569053762032638
V,0.00010805904346134728,0.0823199251637044,0.9569053762032638
V,0.00010805904346134728,0.08356719675709386,0.9569053762032638
V,0.00012967085215361674,0.08356719675709386,0.9569053762032638
V,0.00012967085215361674,0.09105082631743062,0.9569053762032638
V,0.00015128266084588618,0.09105082631743062,0.9569053762032638
V,0.00015128266084588618,0.09541627689429373,0.9569053762032638
V,0.00017289446953815566,0.09541627689429373,0.9569053762032638
V,0.00017289446953815566,0.10664172123479888,0.9569053762032638
V,0.00021611808692269455,0.10664172123479888,0.9569053762032638
V,0.00021611808692269455,0.10695353913314624,0.9569053762032638
V,0.00023772989561496403,0.10695353913314624,0.9569053762032638
V,0.00023772989561496403,0.11350171499844092,0.9569053762032638
V,0.0002593417043072335,0.11350171499844092,0.9569053762032638
V,0.0002593417043072335,0.11661989398191457,0.9569053762032638
V,0.0002809535129995029,0.11661989398191457,0.9569053762032638
V,0.0002809535129995029,0.15154349859681945,0.9569053762032638
V,0.00030256532169177237,0.15154349859681945,0.9569053762032638
V,0.00030256532169177237,0.1555971312753352,0.9569053762032638
V,0.0003241771303840418,0.1555971312753352,0.9569053762032638
V,0.0003241771303840418,0.1574680386654194,0.9569053762032638
V,0.0003457889390763113,0.1574680386654194,0.9569053762032638
V,0.0003457889390763113,0.16245712503897725,0.9569053762032638
V,0.00036740074776858077,0.16245712503897725,0.9569053762032638
V,0.00036740074776858077,0.16838166510757718,0.9569053762032638
V,0.0003890125564608502,0.16838166510757718,0.9569053762032638
V,0.0003890125564608502,0.17680074836295603,0.9569053762032638
V,0.00041062436515311966,0.17680074836295603,0.9569053762032638
V,0.00041062436515311966,0.1817898347365139,0.9569053762032638
V,0.0004322361738453891,0.1817898347365139,0.9569053762032638
V,0.0004322361738453891,0.18303710632990333,0.9569053762032638
V,0.00045384798253765855,0.18303710632990333,0.9569053762032638
V,0.00045384798253765855,0.18896164639850327,0.9569053762032638
V,0.00047545979122992806,0.18896164639850327,0.9569053762032638
V,0.00047545979122992806,0.18927346429685063,0.9569053762032638
V,0.0004970715999221975,0.18927346429685063,0.9569053762032638
V,0.0004970715999221975,0.19020891799189274,0.9569053762032638
V,0.0005402952173067364,0.19020891799189274,0.9569053762032638
V,0.0005402952173067364,0.19145618958528218,0.9569053762032638
V,0.0005619070259990058,0.19145618958528218,0.9569053762032638
V,0.0005619070259990058,0.19644527595884004,0.9569053762032638
V,0.0005835188346912753,0.19644527595884004,0.9569053762032638
V,0.0005835188346912753,0.20548799501091364,0.9569053762032638
V,0.0006051306433835447,0.20548799501091364,0.9569053762032638
V,0.0006051306433835447,0.2076707202993452,0.9569053762032638
V,0.0006267424520758142,0.2076707202993452,0.9569053762032638
V,0.0006267424520758142,0.2082943560960399,0.9569053762032638
V,0.0006483542607680836,0.2082943560960399,0.9569053762032638
V,0.0006483542607680836,0.21078889928281883,0.9569053762032638
V,0.0006699660694603532,0.21078889928281883,0.9569053762032638
V,0.0006699660694603532,0.21515434985968196,0.9569053762032638
V,0.0006915778781526226,0.21515434985968196,0.9569053762032638
V,0.0006915778781526226,0.2164016214530714,0.9569053762032638
V,0.0007131896868448921,0.2164016214530714,0.9569053762032638
V,0.0007131896868448921,0.2173370751481135,0.9569053762032638
V,0.0007348014955371615,0.2173370751481135,0.9569053762032638
V,0.0007348014955371615,0.2201434362332398,0.9569053762032638
V,0.000756413304229431,0.2201434362332398,0.9569053762032638
V,0.000756413304229431,0.22232616152167134,0.9569053762032638
V,0.0007780251129217004,0.22232616152167134,0.9569053762032638
V,0.0007780251129217004,0.22700342999688183,0.9569053762032638
V,0.0007996369216139699,0.22700342999688183,0.9569053762032638
V,0.0007996369216139699,0.22793888369192392,0.9569053762032638
V,0.0008212487303062393,0.22793888369192392,0.9569053762032638
V,0.0008212487303062393,0.2298097910820081,0.9569053762032638
V,0.0008428605389985088,0.2298097910820081,0.9569053762032638
V,0.0008428605389985088,0.23136888057374494,0.9569053762032638
V,0.0008644723476907782,0.23136888057374494,0.9569053762032638
V,0.0008644723476907782,0.23292797006548177,0.9569053762032638
V,0.0008860841563830477,0.23292797006548177,0.9569053762032638
V,0.0008860841563830477,0.23448705955721857,0.9569053762032638
V,0.0009076959650753171,0.23448705955721857,0.9569053762032638
V,0.0009076959650753171,0.24290614281259745,0.9569053762032638
V,0.0009293077737675866,0.24290614281259745,0.9569053762032638
V,0.0009293077737675866,0.24384159650763954,0.9569053762032638
V,0.0009509195824598561,0.24384159650763954,0.9569053762032638
V,0.0009509195824598561,0.245088868101029,0.9569053762032638
V,0.0009725313911521256,0.245088868101029,0.9569053762032638
V,0.0009725313911521256,0.2460243217960711,0.9569053762032638
V,0.000994143199844395,0.2460243217960711,0.9569053762032638
V,0.000994143199844395,0.24758341128780792,0.9569053762032638
V,0.0010157550085366643,0.24758341128780792,0.9569053762032638
V,0.0010157550085366643,0.24914250077954475,0.9569053762032638
V,0.001037366817228934,0.24914250077954475,0.9569053762032638
V,0.001037366817228934,0.2513252260679763,0.9569053762032638
V,0.0010589786259212032,0.2513252260679763,0.9569053762032638
V,0.0010589786259212032,0.255378858746492,0.9569053762032638
V,0.0010805904346134728,0.255378858746492,0.9569053762032638
V,0.0010805904346134728,0.25631431244153413,0.9569053762032638
V,0.0011022022433057423,0.25631431244153413,0.9569053762032638
V,0.0011022022433057423,0.26223885251013407,0.9569053762032638
V,0.0011238140519980117,0.26223885251013407,0.9569053762032638
V,0.0011238140519980117,0.26255067040848146,0.9569053762032638
V,0.0011454258606902812,0.26255067040848146,0.9569053762032638
V,0.0011454258606902812,0.2628624883068288,0.9569053762032638
V,0.0011670376693825506,0.2628624883068288,0.9569053762032638
V,0.0011670376693825506,0.26348612410352357,0.9569053762032638
V,0.0011886494780748201,0.26348612410352357,0.9569053762032638
V,0.0011886494780748201,0.26504521359526034,0.9569053762032638
V,0.001231873095459359,0.26504521359526034,0.9569053762032638
V,0.001231873095459359,0.27034611786716556,0.9569053762032638
V,0.0012534849041516284,0.27034611786716556,0.9569053762032638
V,0.0012534849041516284,0.27128157156220767,0.9569053762032638
V,0.0013183203302284368,0.27128157156220767,0.9569053762032638
V,0.0013183203302284368,0.2728406610539445,0.9569053762032638
V,0.0013399321389207064,0.2728406610539445,0.9569053762032638
V,0.0013399321389207064,0.27845338322419705,0.9569053762032638
V,0.0013615439476129757,0.27845338322419705,0.9569053762032638
V,0.0013615439476129757,0.2800124727159339,0.9569053762032638
V,0.0013831557563052453,0.2800124727159339,0.9569053762032638
V,0.0013831557563052453,0.2806361085126286,0.9569053762032638
V,0.0014047675649975146,0.2806361085126286,0.9569053762032638
V,0.0014047675649975146,0.2812597443093234,0.9569053762032638
V,0.0014263793736897842,0.2812597443093234,0.9569053762032638
V,0.0014263793736897842,0.2825070159027128,0.9569053762032638
V,0.0014479911823820535,0.2825070159027128,0.9569053762032638
V,0.0014479911823820535,0.28406610539444965,0.9569053762032638
V,0.001469602991074323,0.28406610539444965,0.9569053762032638
V,0.001469602991074323,0.28500155908949176,0.9569053762032638
V,0.0014912147997665924,0.28500155908949176,0.9569053762032638
V,0.0014912147997665924,0.2856251948861865,0.9569053762032638
V,0.001512826608458862,0.2856251948861865,0.9569053762032638
V,0.001512826608458862,0.28780792017461804,0.9569053762032638
V,0.0015344384171511313,0.28780792017461804,0.9569053762032638
V,0.0015344384171511313,0.2906142812597443,0.9569053762032638
V,0.0015560502258434008,0.2906142812597443,0.9569053762032638
V,0.0015560502258434008,0.29123791705643903,0.9569053762032638
V,0.0015776620345356702,0.29123791705643903,0.9569053762032638
V,0.0015776620345356702,0.2934206423448706,0.9569053762032638
V,0.0015992738432279397,0.2934206423448706,0.9569053762032638
V,0.0015992738432279397,0.2959151855316495,0.9569053762032638
V,0.0016208856519202093,0.2959151855316495,0.9569053762032638
V,0.0016208856519202093,0.29653882132834425,0.9569053762032638
V,0.0016424974606124786,0.29653882132834425,0.9569053762032638
V,0.0016424974606124786,0.2990333645151232,0.9569053762032638
V,0.0016641092693047482,0.2990333645151232,0.9569053762032638
V,0.0016641092693047482,0.29996881821016524,0.9569053762032638
V,0.0016857210779970175,0.29996881821016524,0.9569053762032638
V,0.0016857210779970175,0.3049579045837231,0.9569053762032638
V,0.001707332886689287,0.3049579045837231,0.9569053762032638
V,0.001707332886689287,0.30901153726223884,0.9569053762032638
V,0.0017289446953815564,0.30901153726223884,0.9569053762032638
V,0.0017289446953815564,0.30932335516058623,0.9569053762032638
V,0.001750556504073826,0.30932335516058623,0.9569053762032638
V,0.001750556504073826,0.3118178983473651,0.9569053762032638
V,0.0017721683127660953,0.3118178983473651,0.9569053762032638
V,0.0017721683127660953,0.3130651699407546,0.9569053762032638
V,0.0017937801214583649,0.3130651699407546,0.9569053762032638
V,0.0017937801214583649,0.31337698783910195,0.9569053762032638
V,0.0018153919301506342,0.31337698783910195,0.9569053762032638
V,0.0018153919301506342,0.31368880573744934,0.9569053762032638
V,0.0018370037388429038,0.31368880573744934,0.9569053762032638
V,0.0018370037388429038,0.3161833489242282,0.9569053762032638
V,0.0018586155475351731,0.3161833489242282,0.9569053762032638
V,0.0018586155475351731,0.31836607421265983,0.9569053762032638
V,0.0018802273562274427,0.31836607421265983,0.9569053762032638
V,0.0018802273562274427,0.320236981602744,0.9569053762032638
V,0.0019234509736119816,0.320236981602744,0.9569053762032638
V,0.0019234509736119816,0.32304334268787027,0.9569053762032638
V,0.0019450627823042511,0.32304334268787027,0.9569053762032638
V,0.0019450627823042511,0.32584970377299655,0.9569053762032638
V,0.0019666745909965207,0.32584970377299655,0.9569053762032638
V,0.0019666745909965207,0.3333333333333333,0.9569053762032638
V,0.00198828639968879,0.3333333333333333,0.9569053762032638
V,0.00198828639968879,0.3373869660118491,0.9569053762032638
V,0.0020098982083810593,0.3373869660118491,0.9569053762032638
V,0.0020098982083810593,0.3420642344870596,0.9569053762032638
V,0.0020531218257655985,0.3420642344870596,0.9569053762032638
V,0.0020531218257655985,0.34393514187714375,0.9569053762032638
V,0.002096345443150137,0.34393514187714375,0.9569053762032638
V,0.002096345443150137,0.3514187714374805,0.9569053762032638
V,0.0021179572518424065,0.3514187714374805,0.9569053762032638
V,0.0021179572518424065,0.3548487683193015,0.9569053762032638
V,0.0021395690605346762,0.3548487683193015,0.9569053762032638
V,0.0021395690605346762,0.35671967570938573,0.9569053762032638
V,0.0021611808692269456,0.35671967570938573,0.9569053762032638
V,0.0021611808692269456,0.3579669473027752,0.9569053762032638
V,0.002182792677919215,0.3579669473027752,0.9569053762032638
V,0.002182792677919215,0.36108512628624884,0.9569053762032638
V,0.0022044044866114847,0.36108512628624884,0.9569053762032638
V,0.0022044044866114847,0.36513875896476455,0.9569053762032638
V,0.002226016295303754,0.36513875896476455,0.9569053762032638
V,0.002226016295303754,0.3666978484565014,0.9569053762032638
V,0.0022476281039960234,0.3666978484565014,0.9569053762032638
V,0.0022476281039960234,0.37324602432179604,0.9569053762032638
V,0.0022692399126882927,0.37324602432179604,0.9569053762032638
V,0.0022692399126882927,0.37511693171188026,0.9569053762032638
V,0.0022908517213805625,0.37511693171188026,0.9569053762032638
V,0.0022908517213805625,0.3801060180854381,0.9569053762032638
V,0.002312463530072832,0.3801060180854381,0.9569053762032638
V,0.002312463530072832,0.38603055815403803,0.9569053762032638
V,0.0023556871474573705,0.38603055815403803,0.9569053762032638
V,0.0023556871474573705,0.38665419395073275,0.9569053762032638
V,0.0023772989561496403,0.38665419395073275,0.9569053762032638
V,0.0023772989561496403,0.38758964764577486,0.9569053762032638
V,0.0023989107648419096,0.38758964764577486,0.9569053762032638
V,0.0023989107648419096,0.3891487371375117,0.9569053762032638
V,0.002420522573534179,0.3891487371375117,0.9569053762032638
V,0.002420522573534179,0.3941378235110695,0.9569053762032638
V,0.0024421343822264487,0.3941378235110695,0.9569053762032638
V,0.0024421343822264487,0.40411599625818523,0.9569053762032638
V,0.002463746190918718,0.40411599625818523,0.9569053762032638
V,0.002463746190918718,0.4112878079201746,0.9569053762032638
V,0.0024853579996109874,0.4112878079201746,0.9569053762032638
V,0.0024853579996109874,0.41253507951356405,0.9569053762032638
V,0.0025285816169955265,0.41253507951356405,0.9569053762032638
V,0.0025285816169955265,0.41315871531025883,0.9569053762032638
V,0.002550193425687796,0.41315871531025883,0.9569053762032638
V,0.002550193425687796,0.41908325537885877,0.9569053762032638
V,0.002571805234380065,0.41908325537885877,0.9569053762032638
V,0.002571805234380065,0.4193950732772061,0.9569053762032638
V,0.0025934170430723345,0.4193950732772061,0.9569053762032638
V,0.0025934170430723345,0.4237605238540692,0.9569053762032638
V,0.0026366406604568736,0.4237605238540692,0.9569053762032638
V,0.0026366406604568736,0.4287496102276271,0.9569053762032638
V,0.002658252469149143,0.4287496102276271,0.9569053762032638
V,0.002658252469149143,0.43062051761771125,0.9569053762032638
V,0.0026798642778414128,0.43062051761771125,0.9569053762032638
V,0.0026798642778414128,0.4318677892111007,0.9569053762032638
V,0.002701476086533682,0.4318677892111007,0.9569053762032638
V,0.002701476086533682,0.43779232927970063,0.9569053762032638
V,0.0027230878952259514,0.43779232927970063,0.9569053762032638
V,0.0027230878952259514,0.438104147178048,0.9569053762032638
V,0.0027446997039182208,0.438104147178048,0.9569053762032638
V,0.0027446997039182208,0.43872778297474274,0.9569053762032638
V,0.0027663115126104905,0.43872778297474274,0.9569053762032638
V,0.0027663115126104905,0.43903960087309013,0.9569053762032638
V,0.0028095351299950292,0.43903960087309013,0.9569053762032638
V,0.0028095351299950292,0.45307140629872156,0.9569053762032638
V,0.0028311469386872986,0.45307140629872156,0.9569053762032638
V,0.0028311469386872986,0.4605550358590583,0.9569053762032638
V,0.0028743705560718377,0.4605550358590583,0.9569053762032638
V,0.0028743705560718377,0.46211412535079516,0.9569053762032638
V,0.002895982364764107,0.46211412535079516,0.9569053762032638
V,0.002895982364764107,0.46492048643592143,0.9569053762032638
V,0.0029175941734563763,0.46492048643592143,0.9569053762032638
V,0.0029175941734563763,0.4674150296227003,0.9569053762032638
V,0.002939205982148646,0.4674150296227003,0.9569053762032638
V,0.002939205982148646,0.46897411911443715,0.9569053762032638
V,0.0029608177908409155,0.46897411911443715,0.9569053762032638
V,0.0029608177908409155,0.4724041159962582,0.9569053762032638
V,0.002982429599533185,0.4724041159962582,0.9569053762032638
V,0.002982429599533185,0.47333956969130025,0.9569053762032638
V,0.0030040414082254546,0.47333956969130025,0.9569053762032638
V,0.0030040414082254546,0.4752104770813845,0.9569053762032638
V,0.003025653216917724,0.4752104770813845,0.9569053762032638
V,0.003025653216917724,0.47708138447146864,0.9569053762032638
V,0.0030472650256099932,0.47708138447146864,0.9569053762032638
V,0.0030472650256099932,0.47801683816651075,0.9569053762032638
V,0.0030688768343022626,0.47801683816651075,0.9569053762032638
V,0.0030688768343022626,0.480823199251637,0.9569053762032638
V,0.0030904886429945324,0.480823199251637,0.9569053762032638
V,0.0030904886429945324,0.4811350171499844,0.9569053762032638
V,0.0031121004516868017,0.4811350171499844,0.9569053762032638
V,0.0031121004516868017,0.48175865294667913,0.9569053762032638
V,0.003133712260379071,0.48175865294667913,0.9569053762032638
V,0.003133712260379071,0.48331774243841596,0.9569053762032638
V,0.0031553240690713404,0.48331774243841596,0.9569053762032638
V,0.0031553240690713404,0.4848768319301528,0.9569053762032638
V,0.00317693587776361,0.4848768319301528,0.9569053762032638
V,0.00317693587776361,0.4858122856251949,0.9569053762032638
V,0.0031985476864558795,0.4858122856251949,0.9569053762032638
V,0.0031985476864558795,0.48705955721858435,0.9569053762032638
V,0.003220159495148149,0.48705955721858435,0.9569053762032638
V,0.003220159495148149,0.48799501091362646,0.9569053762032638
V,0.003263383112532688,0.48799501091362646,0.9569053762032638
V,0.003263383112532688,0.4889304646086685,0.9569053762032638
V,0.0032849949212249573,0.4889304646086685,0.9569053762032638
V,0.0032849949212249573,0.4926722793888369,0.9569053762032638
V,0.0033066067299172266,0.4926722793888369,0.9569053762032638
V,0.0033066067299172266,0.4939195509822264,0.9569053762032638
V,0.0033282185386094964,0.4939195509822264,0.9569053762032638
V,0.0033282185386094964,0.49423136888057373,0.9569053762032638
V,0.0033498303473017657,0.49423136888057373,0.9569053762032638
V,0.0033498303473017657,0.4945431867789211,0.9569053762032638
V,0.0033930539646863044,0.4945431867789211,0.9569053762032638
V,0.0033930539646863044,0.49579045837231056,0.9569053762032638
V,0.003414665773378574,0.49579045837231056,0.9569053762032638
V,0.003414665773378574,0.4982850015590895,0.9569053762032638
V,0.0034362775820708435,0.4982850015590895,0.9569053762032638
V,0.0034362775820708435,0.4989086373557842,0.9569053762032638
V,0.003457889390763113,0.4989086373557842,0.9569053762032638
V,0.003457889390763113,0.5063922669161209,0.9569053762032638
V,0.0034795011994553826,0.5063922669161209,0.9569053762032638
V,0.0034795011994553826,0.510757717492984,0.9569053762032638
V,0.0035227248168399213,0.510757717492984,0.9569053762032638
V,0.0035227248168399213,0.5126286248830683,0.9569053762032638
V,0.0035443366255321906,0.5126286248830683,0.9569053762032638
V,0.0035443366255321906,0.5160586217648893,0.9569053762032638
V,0.0035659484342244604,0.5160586217648893,0.9569053762032638
V,0.0035659484342244604,0.5169940754599314,0.9569053762032638
V,0.003609172051608999,0.5169940754599314,0.9569053762032638
V,0.003609172051608999,0.5194886186467104,0.9569053762032638
V,0.0036307838603012684,0.5194886186467104,0.9569053762032638
V,0.0036307838603012684,0.520112254443405,0.9569053762032638
V,0.003652395668993538,0.520112254443405,0.9569053762032638
V,0.003652395668993538,0.5207358902400998,0.9569053762032638
V,0.0036740074776858075,0.5207358902400998,0.9569053762032638
V,0.0036740074776858075,0.5219831618334893,0.9569053762032638
V,0.003695619286378077,0.5219831618334893,0.9569053762032638
V,0.003695619286378077,0.5229186155285314,0.9569053762032638
V,0.0037172310950703462,0.5229186155285314,0.9569053762032638
V,0.0037172310950703462,0.5232304334268787,0.9569053762032638
V,0.003738842903762616,0.5232304334268787,0.9569053762032638
V,0.003738842903762616,0.5238540692235735,0.9569053762032638
V,0.0037820665211471547,0.5238540692235735,0.9569053762032638
V,0.0037820665211471547,0.5244777050202681,0.9569053762032638
V,0.0038036783298394244,0.5244777050202681,0.9569053762032638
V,0.0038036783298394244,0.5366386030558155,0.9569053762032638
V,0.0038252901385316938,0.5366386030558155,0.9569053762032638
V,0.0038252901385316938,0.5447458684128469,0.9569053762032638
V,0.003846901947223963,0.5447458684128469,0.9569053762032638
V,0.003846901947223963,0.5472404115996258,0.9569053762032638
V,0.0038685137559162325,0.5472404115996258,0.9569053762032638
V,0.0038685137559162325,0.5481758652946679,0.9569053762032638
V,0.003911737373300772,0.5481758652946679,0.9569053762032638
V,0.003911737373300772,0.5494231368880573,0.9569053762032638
V,0.003933349181993041,0.5494231368880573,0.9569053762032638
V,0.003933349181993041,0.5512940442781415,0.9569053762032638
V,0.00395496099068531,0.5512940442781415,0.9569053762032638
V,0.00395496099068531,0.5569067664483941,0.9569053762032638
V,0.00397657279937758,0.5569067664483941,0.9569053762032638
V,0.00397657279937758,0.5575304022450889,0.9569053762032638
V,0.00399818460806985,0.5575304022450889,0.9569053762032638
V,0.00399818460806985,0.5590894917368257,0.9569053762032638
V,0.004019796416762119,0.5590894917368257,0.9569053762032638
V,0.004019796416762119,0.561895852821952,0.9569053762032638
V,0.0040414082254543885,0.561895852821952,0.9569053762032638
V,0.0040414082254543885,0.5662613033988151,0.9569053762032638
V,0.004084631842838927,0.5662613033988151,0.9569053762032638
V,0.004084631842838927,0.5675085749922045,0.9569053762032638
V,0.004127855460223466,0.5675085749922045,0.9569053762032638
V,0.004127855460223466,0.5700031181789835,0.9569053762032638
V,0.004149467268915736,0.5700031181789835,0.9569053762032638
V,0.004149467268915736,0.5706267539756782,0.9569053762032638
V,0.004192690886300274,0.5706267539756782,0.9569053762032638
V,0.004192690886300274,0.5728094792641097,0.9569053762032638
V,0.004214302694992544,0.5728094792641097,0.9569053762032638
V,0.004214302694992544,0.5731212971624571,0.9569053762032638
V,0.004235914503684813,0.5731212971624571,0.9569053762032638
V,0.004235914503684813,0.5737449329591519,0.9569053762032638
V,0.004257526312377083,0.5737449329591519,0.9569053762032638
V,0.004257526312377083,0.5743685687558466,0.9569053762032638
V,0.0042791381210693525,0.5743685687558466,0.9569053762032638
V,0.0042791381210693525,0.5756158403492361,0.9569053762032638
V,0.004322361738453891,0.5756158403492361,0.9569053762032638
V,0.004322361738453891,0.5846585594013096,0.9569053762032638
V,0.004343973547146161,0.5846585594013096,0.9569053762032638
V,0.004343973547146161,0.5852821951980044,0.9569053762032638
V,0.00436558535583843,0.5852821951980044,0.9569053762032638
V,0.00436558535583843,0.5862176488930465,0.9569053762032638
V,0.0043871971645307,0.5862176488930465,0.9569053762032638
V,0.0043871971645307,0.5868412846897412,0.9569053762032638
V,0.004408808973222969,0.5868412846897412,0.9569053762032638
V,0.004408808973222969,0.5877767383847833,0.9569053762032638
V,0.004430420781915238,0.5877767383847833,0.9569053762032638
V,0.004430420781915238,0.5902712815715622,0.9569053762032638
V,0.004473644399299777,0.5902712815715622,0.9569053762032638
V,0.004473644399299777,0.5908949173682569,0.9569053762032638
V,0.004495256207992047,0.5908949173682569,0.9569053762032638
V,0.004495256207992047,0.5921421889616464,0.9569053762032638
V,0.004538479825376585,0.5921421889616464,0.9569053762032638
V,0.004538479825376585,0.5924540068599937,0.9569053762032638
V,0.004560091634068855,0.5924540068599937,0.9569053762032638
V,0.004560091634068855,0.5937012784533833,0.9569053762032638
V,0.004603315251453394,0.5937012784533833,0.9569053762032638
V,0.004603315251453394,0.59526036794512,0.9569053762032638
V,0.004624927060145664,0.59526036794512,0.9569053762032638
V,0.004624927060145664,0.5971312753352043,0.9569053762032638
V,0.004646538868837933,0.5971312753352043,0.9569053762032638
V,0.004646538868837933,0.5996258185219832,0.9569053762032638
V,0.004668150677530202,0.5996258185219832,0.9569053762032638
V,0.004668150677530202,0.6024321796071095,0.9569053762032638
V,0.004689762486222472,0.6024321796071095,0.9569053762032638
V,0.004689762486222472,0.604614904895541,0.9569053762032638
V,0.004732986103607011,0.604614904895541,0.9569053762032638
V,0.004732986103607011,0.6049267227938884,0.9569053762032638
V,0.0047762097209915495,0.6049267227938884,0.9569053762032638
V,0.0047762097209915495,0.6074212659806673,0.9569053762032638
V,0.004819433338376089,0.6074212659806673,0.9569053762032638
V,0.004819433338376089,0.611474898659183,0.9569053762032638
V,0.004841045147068358,0.611474898659183,0.9569053762032638
V,0.004841045147068358,0.6133458060492673,0.9569053762032638
V,0.004862656955760628,0.6133458060492673,0.9569053762032638
V,0.004862656955760628,0.6145930776426567,0.9569053762032638
V,0.0048842687644528975,0.6145930776426567,0.9569053762032638
V,0.0048842687644528975,0.6164639850327409,0.9569053762032638
V,0.004905880573145166,0.6164639850327409,0.9569053762032638
V,0.004905880573145166,0.6192703461178671,0.9569053762032638
V,0.004949104190529705,0.6192703461178671,0.9569053762032638
V,0.004949104190529705,0.6195821640162146,0.9569053762032638
V,0.004970715999221975,0.6195821640162146,0.9569053762032638
V,0.004970715999221975,0.6211412535079514,0.9569053762032638
V,0.004992327807914245,0.6211412535079514,0.9569053762032638
V,0.004992327807914245,0.6245712503897723,0.9569053762032638
V,0.0050139396166065135,0.6245712503897723,0.9569053762032638
V,0.0050139396166065135,0.6258185219831618,0.9569053762032638
V,0.005035551425298783,0.6258185219831618,0.9569053762032638
V,0.005035551425298783,0.6273776114748987,0.9569053762032638
V,0.005057163233991053,0.6273776114748987,0.9569053762032638
V,0.005057163233991053,0.627689429373246,0.9569053762032638
V,0.005078775042683322,0.627689429373246,0.9569053762032638
V,0.005078775042683322,0.6283130651699408,0.9569053762032638
V,0.005100386851375592,0.6283130651699408,0.9569053762032638
V,0.005100386851375592,0.6314312441534145,0.9569053762032638
V,0.0051219986600678615,0.6314312441534145,0.9569053762032638
V,0.0051219986600678615,0.6323666978484564,0.9569053762032638
V,0.00514361046876013,0.6323666978484564,0.9569053762032638
V,0.00514361046876013,0.637043966323667,0.9569053762032638
V,0.0051652222774524,0.637043966323667,0.9569053762032638
V,0.0051652222774524,0.6373557842220143,0.9569053762032638
V,0.005186834086144669,0.6373557842220143,0.9569053762032638
V,0.005186834086144669,0.6382912379170564,0.9569053762032638
V,0.005208445894836939,0.6382912379170564,0.9569053762032638
V,0.005208445894836939,0.6389148737137512,0.9569053762032638
V,0.0052516695122214775,0.6389148737137512,0.9569053762032638
V,0.0052516695122214775,0.6392266916120986,0.9569053762032638
V,0.005294893129606017,0.6392266916120986,0.9569053762032638
V,0.005294893129606017,0.6398503274087932,0.9569053762032638
V,0.005316504938298286,0.6398503274087932,0.9569053762032638
V,0.005316504938298286,0.6420330526972248,0.9569053762032638
V,0.005338116746990556,0.6420330526972248,0.9569053762032638
V,0.005338116746990556,0.6442157779856563,0.9569053762032638
V,0.0053597285556828255,0.6442157779856563,0.9569053762032638
V,0.0053597285556828255,0.6445275958840038,0.9569053762032638
V,0.005381340364375094,0.6445275958840038,0.9569053762032638
V,0.005381340364375094,0.646398503274088,0.9569053762032638
V,0.005424563981759633,0.646398503274088,0.9569053762032638
V,0.005424563981759633,0.6476457748674774,0.9569053762032638
V,0.005446175790451903,0.6476457748674774,0.9569053762032638
V,0.005446175790451903,0.6485812285625195,0.9569053762032638
V,0.005467787599144173,0.6485812285625195,0.9569053762032638
V,0.005467787599144173,0.6492048643592142,0.9569053762032638
V,0.0054893994078364415,0.6492048643592142,0.9569053762032638
V,0.0054893994078364415,0.6507639538509511,0.9569053762032638
V,0.005511011216528711,0.6507639538509511,0.9569053762032638
V,0.005511011216528711,0.6523230433426879,0.9569053762032638
V,0.005532623025220981,0.6523230433426879,0.9569053762032638
V,0.005532623025220981,0.6526348612410352,0.9569053762032638
V,0.00555423483391325,0.6526348612410352,0.9569053762032638
V,0.00555423483391325,0.65325849703773,0.9569053762032638
V,0.00557584664260552,0.65325849703773,0.9569053762032638
V,0.00557584664260552,0.6545057686311194,0.9569053762032638
V,0.0056190702599900584,0.6545057686311194,0.9569053762032638
V,0.0056190702599900584,0.6554412223261615,0.9569053762032638
V,0.005640682068682328,0.6554412223261615,0.9569053762032638
V,0.005640682068682328,0.656688493919551,0.9569053762032638
V,0.005662293877374597,0.656688493919551,0.9569053762032638
V,0.005662293877374597,0.6570003118178983,0.9569053762032638
V,0.005705517494759137,0.6570003118178983,0.9569053762032638
V,0.005705517494759137,0.6594948550046773,0.9569053762032638
V,0.005727129303451406,0.6594948550046773,0.9569053762032638
V,0.005727129303451406,0.660118490801372,0.9569053762032638
V,0.005770352920835945,0.660118490801372,0.9569053762032638
V,0.005770352920835945,0.662613033988151,0.9569053762032638
V,0.005791964729528214,0.662613033988151,0.9569053762032638
V,0.005791964729528214,0.6644839413782351,0.9569053762032638
V,0.005835188346912753,0.6644839413782351,0.9569053762032638
V,0.005835188346912753,0.6654193950732772,0.9569053762032638
V,0.0058568001556050225,0.6654193950732772,0.9569053762032638
V,0.0058568001556050225,0.6663548487683193,0.9569053762032638
V,0.005878411964297292,0.6663548487683193,0.9569053762032638
V,0.005878411964297292,0.6666666666666666,0.9569053762032638
V,0.005921635581681831,0.6666666666666666,0.9569053762032638
V,0.005921635581681831,0.6669784845650141,0.9569053762032638
V,0.00596485919906637,0.6669784845650141,0.9569053762032638
V,0.00596485919906637,0.6676021203617087,0.9569053762032638
V,0.006008082816450909,0.6676021203617087,0.9569053762032638
V,0.006008082816450909,0.6682257561584035,0.9569053762032638
V,0.006029694625143178,0.6682257561584035,0.9569053762032638
V,0.006029694625143178,0.6707202993451824,0.9569053762032638
V,0.006051306433835448,0.6707202993451824,0.9569053762032638
V,0.006051306433835448,0.6713439351418772,0.9569053762032638
V,0.0060945300512199865,0.6713439351418772,0.9569053762032638
V,0.0060945300512199865,0.6725912067352666,0.9569053762032638
V,0.006116141859912256,0.6725912067352666,0.9569053762032638
V,0.006116141859912256,0.6732148425319613,0.9569053762032638
V,0.006137753668604525,0.6732148425319613,0.9569053762032638
V,0.006137753668604525,0.6735266604303087,0.9569053762032638
V,0.006159365477296795,0.6735266604303087,0.9569053762032638
V,0.006159365477296795,0.6741502962270034,0.9569053762032638
V,0.006180977285989065,0.6741502962270034,0.9569053762032638
V,0.006180977285989065,0.6766448394137824,0.9569053762032638
V,0.006224200903373603,0.6766448394137824,0.9569053762032638
V,0.006224200903373603,0.6778921110071718,0.9569053762032638
V,0.006245812712065873,0.6778921110071718,0.9569053762032638
V,0.006245812712065873,0.6782039289055192,0.9569053762032638
V,0.006267424520758142,0.6782039289055192,0.9569053762032638
V,0.006267424520758142,0.678827564702214,0.9569053762032638
V,0.006289036329450412,0.678827564702214,0.9569053762032638
V,0.006289036329450412,0.6791393826005613,0.9569053762032638
V,0.006310648138142681,0.6791393826005613,0.9569053762032638
V,0.006310648138142681,0.679763018397256,0.9569053762032638
V,0.0063322599468349505,0.679763018397256,0.9569053762032638
V,0.0063322599468349505,0.6803866541939507,0.9569053762032638
V,0.006375483564219489,0.6803866541939507,0.9569053762032638
V,0.006375483564219489,0.6810102899906455,0.9569053762032638
V,0.006397095372911759,0.6810102899906455,0.9569053762032638
V,0.006397095372911759,0.6819457436856876,0.9569053762032638
V,0.006483542607680837,0.6819457436856876,0.9569053762032638
V,0.006483542607680837,0.6841284689741192,0.9569053762032638
V,0.006526766225065376,0.6841284689741192,0.9569053762032638
V,0.006526766225065376,0.6844402868724665,0.9569053762032638
V,0.006548378033757645,0.6844402868724665,0.9569053762032638
V,0.006548378033757645,0.6847521047708138,0.9569053762032638
V,0.006634825268526723,0.6847521047708138,0.9569053762032638
V,0.006634825268526723,0.6856875584658559,0.9569053762032638
V,0.006656437077218993,0.6856875584658559,0.9569053762032638
V,0.006656437077218993,0.6863111942625507,0.9569053762032638
V,0.006678048885911262,0.6863111942625507,0.9569053762032638
V,0.006678048885911262,0.686623012160898,0.9569053762032638
V,0.0066996606946035315,0.686623012160898,0.9569053762032638
V,0.0066996606946035315,0.6869348300592454,0.9569053762032638
V,0.006721272503295801,0.6869348300592454,0.9569053762032638
V,0.006721272503295801,0.6875584658559402,0.9569053762032638
V,0.00674288431198807,0.6875584658559402,0.9569053762032638
V,0.00674288431198807,0.6884939195509823,0.9569053762032638
V,0.00676449612068034,0.6884939195509823,0.9569053762032638
V,0.00676449612068034,0.6891175553476769,0.9569053762032638
V,0.006807719738064879,0.6891175553476769,0.9569053762032638
V,0.006807719738064879,0.6913002806361085,0.9569053762032638
V,0.006829331546757148,0.6913002806361085,0.9569053762032638
V,0.006829331546757148,0.6925475522294979,0.9569053762032638
V,0.006894166972833957,0.6925475522294979,0.9569053762032638
V,0.006894166972833957,0.6931711880261927,0.9569053762032638
V,0.006915778781526226,0.6931711880261927,0.9569053762032638
V,0.006915778781526226,0.6941066417212348,0.9569053762032638
V,0.0069373905902184955,0.6941066417212348,0.9569053762032638
V,0.0069373905902184955,0.695977549111319,0.9569053762032638
V,0.006959002398910765,0.695977549111319,0.9569053762032638
V,0.006959002398910765,0.6978484565014031,0.9569053762032638
V,0.006980614207603034,0.6978484565014031,0.9569053762032638
V,0.006980614207603034,0.69940754599314,0.9569053762032638
V,0.007002226016295304,0.69940754599314,0.9569053762032638
V,0.007002226016295304,0.6997193638914874,0.9569053762032638
V,0.007045449633679843,0.6997193638914874,0.9569053762032638
V,0.007045449633679843,0.7003429996881821,0.9569053762032638
V,0.007067061442372112,0.7003429996881821,0.9569053762032638
V,0.007067061442372112,0.7019020891799189,0.9569053762032638
V,0.007088673251064381,0.7019020891799189,0.9569053762032638
V,0.007088673251064381,0.7022139070782663,0.9569053762032638
V,0.007110285059756651,0.7022139070782663,0.9569053762032638
V,0.007110285059756651,0.702837542874961,0.9569053762032638
V,0.007131896868448921,0.702837542874961,0.9569053762032638
V,0.007131896868448921,0.7031493607733084,0.9569053762032638
V,0.00715350867714119,0.7031493607733084,0.9569053762032638
V,0.00715350867714119,0.7050202681633926,0.9569053762032638
V,0.0071751204858334595,0.7050202681633926,0.9569053762032638
V,0.0071751204858334595,0.7065793576551294,0.9569053762032638
V,0.007218344103217998,0.7065793576551294,0.9569053762032638
V,0.007218344103217998,0.7068911755534768,0.9569053762032638
V,0.007239955911910268,0.7068911755534768,0.9569053762032638
V,0.007239955911910268,0.7075148113501715,0.9569053762032638
V,0.007261567720602537,0.7075148113501715,0.9569053762032638
V,0.007261567720602537,0.7081384471468662,0.9569053762032638
V,0.007304791337987076,0.7081384471468662,0.9569053762032638
V,0.007304791337987076,0.7090739008419084,0.9569053762032638
V,0.007326403146679345,0.7090739008419084,0.9569053762032638
V,0.007326403146679345,0.7103211724352978,0.9569053762032638
V,0.007369626764063885,0.7103211724352978,0.9569053762032638
V,0.007369626764063885,0.7106329903336451,0.9569053762032638
V,0.007391238572756154,0.7106329903336451,0.9569053762032638
V,0.007391238572756154,0.7112566261303399,0.9569053762032638
V,0.0074128503814484235,0.7112566261303399,0.9569053762032638
V,0.0074128503814484235,0.7118802619270346,0.9569053762032638
V,0.0074344621901406924,0.7118802619270346,0.9569053762032638
V,0.0074344621901406924,0.712192079825382,0.9569053762032638
V,0.007456073998832962,0.712192079825382,0.9569053762032638
V,0.007456073998832962,0.7125038977237294,0.9569053762032638
V,0.007477685807525232,0.7125038977237294,0.9569053762032638
V,0.007477685807525232,0.7128157156220767,0.9569053762032638
V,0.007520909424909771,0.7128157156220767,0.9569053762032638
V,0.007520909424909771,0.7134393514187715,0.9569053762032638
V,0.0075425212336020404,0.7134393514187715,0.9569053762032638
V,0.0075425212336020404,0.7143748051138136,0.9569053762032638
V,0.007564133042294309,0.7143748051138136,0.9569053762032638
V,0.007564133042294309,0.7149984409105082,0.9569053762032638
V,0.007585744850986579,0.7149984409105082,0.9569053762032638
V,0.007585744850986579,0.715622076707203,0.9569053762032638
V,0.007607356659678849,0.715622076707203,0.9569053762032638
V,0.007607356659678849,0.7159338946055503,0.9569053762032638
V,0.007628968468371118,0.7159338946055503,0.9569053762032638
V,0.007628968468371118,0.7168693483005925,0.9569053762032638
V,0.0076721920857556565,0.7168693483005925,0.9569053762032638
V,0.0076721920857556565,0.7178048019956346,0.9569053762032638
V,0.007693803894447926,0.7178048019956346,0.9569053762032638
V,0.007693803894447926,0.7193638914873713,0.9569053762032638
V,0.007715415703140196,0.7193638914873713,0.9569053762032638
V,0.007715415703140196,0.7202993451824135,0.9569053762032638
V,0.007801862937909273,0.7202993451824135,0.9569053762032638
V,0.007801862937909273,0.7209229809791082,0.9569053762032638
V,0.007845086555293812,0.7209229809791082,0.9569053762032638
V,0.007845086555293812,0.7221702525724977,0.9569053762032638
V,0.007866698363986083,0.7221702525724977,0.9569053762032638
V,0.007866698363986083,0.7227938883691923,0.9569053762032638
V,0.007888310172678352,0.7227938883691923,0.9569053762032638
V,0.007888310172678352,0.7231057062675398,0.9569053762032638
V,0.00795314559875516,0.7231057062675398,0.9569053762032638
V,0.00795314559875516,0.7234175241658871,0.9569053762032638
V,0.008017981024831968,0.7234175241658871,0.9569053762032638
V,0.008017981024831968,0.7240411599625819,0.9569053762032638
V,0.008039592833524237,0.7240411599625819,0.9569053762032638
V,0.008039592833524237,0.7246647957592766,0.9569053762032638
V,0.008082816450908777,0.7246647957592766,0.9569053762032638
V,0.008082816450908777,0.725912067352666,0.9569053762032638
V,0.008104428259601046,0.725912067352666,0.9569053762032638
V,0.008104428259601046,0.7265357031493608,0.9569053762032638
V,0.008126040068293315,0.7265357031493608,0.9569053762032638
V,0.008126040068293315,0.7274711568444029,0.9569053762032638
V,0.008190875494370123,0.7274711568444029,0.9569053762032638
V,0.008190875494370123,0.7280947926410976,0.9569053762032638
V,0.008212487303062394,0.7280947926410976,0.9569053762032638
V,0.008212487303062394,0.7293420642344871,0.9569053762032638
V,0.008255710920446932,0.7293420642344871,0.9569053762032638
V,0.008255710920446932,0.7296538821328344,0.9569053762032638
V,0.008277322729139202,0.7296538821328344,0.9569053762032638
V,0.008277322729139202,0.7299657000311818,0.9569053762032638
V,0.008298934537831471,0.7299657000311818,0.9569053762032638
V,0.008298934537831471,0.7302775179295291,0.9569053762032638
V,0.00832054634652374,0.7302775179295291,0.9569053762032638
V,0.00832054634652374,0.7315247895229187,0.9569053762032638
V,0.00834215815521601,0.7315247895229187,0.9569053762032638
V,0.00834215815521601,0.731836607421266,0.9569053762032638
V,0.00836376996390828,0.731836607421266,0.9569053762032638
V,0.00836376996390828,0.7343311506080449,0.9569053762032638
V,0.008385381772600549,0.7343311506080449,0.9569053762032638
V,0.008385381772600549,0.7358902400997818,0.9569053762032638
V,0.00840699358129282,0.7358902400997818,0.9569053762032638
V,0.00840699358129282,0.7383847832865607,0.9569053762032638
V,0.008471829007369626,0.7383847832865607,0.9569053762032638
V,0.008471829007369626,0.7390084190832554,0.9569053762032638
V,0.008493440816061897,0.7390084190832554,0.9569053762032638
V,0.008493440816061897,0.7393202369816028,0.9569053762032638
V,0.008515052624754165,0.7393202369816028,0.9569053762032638
V,0.008515052624754165,0.7396320548799501,0.9569053762032638
V,0.008536664433446434,0.7396320548799501,0.9569053762032638
V,0.008536664433446434,0.7405675085749922,0.9569053762032638
V,0.008558276242138705,0.7405675085749922,0.9569053762032638
V,0.008558276242138705,0.7408793264733395,0.9569053762032638
V,0.008601499859523243,0.7408793264733395,0.9569053762032638
V,0.008601499859523243,0.7415029622700343,0.9569053762032638
V,0.008666335285600051,0.7415029622700343,0.9569053762032638
V,0.008666335285600051,0.7427502338634238,0.9569053762032638
V,0.008687947094292322,0.7427502338634238,0.9569053762032638
V,0.008687947094292322,0.7430620517617711,0.9569053762032638
V,0.0087743943290614,0.7430620517617711,0.9569053762032638
V,0.0087743943290614,0.7436856875584659,0.9569053762032638
V,0.008817617946445939,0.7436856875584659,0.9569053762032638
V,0.008817617946445939,0.7443093233551605,0.9569053762032638
V,0.008860841563830477,0.7443093233551605,0.9569053762032638
V,0.008860841563830477,0.7455565949485501,0.9569053762032638
V,0.008882453372522747,0.7455565949485501,0.9569053762032638
V,0.008882453372522747,0.7458684128468974,0.9569053762032638
V,0.008904065181215016,0.7458684128468974,0.9569053762032638
V,0.008904065181215016,0.7468038665419395,0.9569053762032638
V,0.008947288798599554,0.7468038665419395,0.9569053762032638
V,0.008947288798599554,0.7489865918303711,0.9569053762032638
V,0.008968900607291825,0.7489865918303711,0.9569053762032638
V,0.008968900607291825,0.7496102276270658,0.9569053762032638
V,0.009098571459445442,0.7496102276270658,0.9569053762032638
V,0.009098571459445442,0.7508574992204553,0.9569053762032638
V,0.009228242311599058,0.7508574992204553,0.9569053762032638
V,0.009228242311599058,0.7511693171188026,0.9569053762032638
V,0.009293077737675867,0.7511693171188026,0.9569053762032638
V,0.009293077737675867,0.75148113501715,0.9569053762032638
V,0.009314689546368136,0.75148113501715,0.9569053762032638
V,0.009314689546368136,0.7517929529154973,0.9569053762032638
V,0.009357913163752675,0.7517929529154973,0.9569053762032638
V,0.009357913163752675,0.7524165887121921,0.9569053762032638
V,0.009401136781137213,0.7524165887121921,0.9569053762032638
V,0.009401136781137213,0.7527284066105394,0.9569053762032638
V,0.009422748589829482,0.7527284066105394,0.9569053762032638
V,0.009422748589829482,0.7530402245088869,0.9569053762032638
V,0.009444360398521753,0.7530402245088869,0.9569053762032638
V,0.009444360398521753,0.7533520424072342,0.9569053762032638
V,0.009465972207214022,0.7533520424072342,0.9569053762032638
V,0.009465972207214022,0.7536638603055815,0.9569053762032638
V,0.00953080763329083,0.7536638603055815,0.9569053762032638
V,0.00953080763329083,0.7539756782039289,0.9569053762032638
V,0.00957403125067537,0.7539756782039289,0.9569053762032638
V,0.00957403125067537,0.7542874961022763,0.9569053762032638
V,0.009617254868059907,0.7542874961022763,0.9569053762032638
V,0.009617254868059907,0.754911131898971,0.9569053762032638
V,0.009682090294136716,0.754911131898971,0.9569053762032638
V,0.009682090294136716,0.7552229497973184,0.9569053762032638
V,0.009703702102828986,0.7552229497973184,0.9569053762032638
V,0.009703702102828986,0.7555347676956657,0.9569053762032638
V,0.009790149337598064,0.7555347676956657,0.9569053762032638
V,0.009790149337598064,0.7564702213907079,0.9569053762032638
V,0.009811761146290333,0.7564702213907079,0.9569053762032638
V,0.009811761146290333,0.7570938571874025,0.9569053762032638
V,0.010006267424520758,0.7570938571874025,0.9569053762032638
V,0.010006267424520758,0.758341128780792,0.9569053762032638
V,0.010027879233213027,0.758341128780792,0.9569053762032638
V,0.010027879233213027,0.760835671967571,0.9569053762032638
V,0.010179161894058915,0.760835671967571,0.9569053762032638
V,0.010179161894058915,0.7611474898659183,0.9569053762032638
V,0.010222385511443452,0.7611474898659183,0.9569053762032638
V,0.010222385511443452,0.7614593077642656,0.9569053762032638
V,0.0103304445549048,0.7614593077642656,0.9569053762032638
V,0.0103304445549048,0.7617711256626131,0.9569053762032638
V,0.01035205636359707,0.7617711256626131,0.9569053762032638
V,0.01035205636359707,0.7620829435609604,0.9569053762032638
V,0.010373668172289338,0.7620829435609604,0.9569053762032638
V,0.010373668172289338,0.7630183972560025,0.9569053762032638
V,0.010460115407058417,0.7630183972560025,0.9569053762032638
V,0.010460115407058417,0.7633302151543498,0.9569053762032638
V,0.010568174450519763,0.7633302151543498,0.9569053762032638
V,0.010568174450519763,0.7636420330526972,0.9569053762032638
V,0.010589786259212034,0.7636420330526972,0.9569053762032638
V,0.010589786259212034,0.7639538509510446,0.9569053762032638
V,0.010611398067904303,0.7639538509510446,0.9569053762032638
V,0.010611398067904303,0.7648893046460867,0.9569053762032638
V,0.010633009876596572,0.7648893046460867,0.9569053762032638
V,0.010633009876596572,0.7652011225444341,0.9569053762032638
V,0.010676233493981111,0.7652011225444341,0.9569053762032638
V,0.010676233493981111,0.7667602120361708,0.9569053762032638
V,0.010719457111365651,0.7667602120361708,0.9569053762032638
V,0.010719457111365651,0.7670720299345183,0.9569053762032638
V,0.010805904346134728,0.7670720299345183,0.9569053762032638
V,0.010805904346134728,0.767695665731213,0.9569053762032638
V,0.010870739772211537,0.767695665731213,0.9569053762032638
V,0.010870739772211537,0.7683193015279077,0.9569053762032638
V,0.010957187006980614,0.7683193015279077,0.9569053762032638
V,0.010957187006980614,0.7686311194262551,0.9569053762032638
V,0.011065246050441962,0.7686311194262551,0.9569053762032638
V,0.011065246050441962,0.7689429373246024,0.9569053762032638
V,0.01113008147651877,0.7689429373246024,0.9569053762032638
V,0.01113008147651877,0.7692547552229498,0.9569053762032638
V,0.01115169328521104,0.7692547552229498,0.9569053762032638
V,0.01115169328521104,0.7695665731212972,0.9569053762032638
V,0.011173305093903308,0.7695665731212972,0.9569053762032638
V,0.011173305093903308,0.7698783910196445,0.9569053762032638
V,0.011238140519980117,0.7698783910196445,0.9569053762032638
V,0.011238140519980117,0.770190208917992,0.9569053762032638
V,0.011281364137364656,0.770190208917992,0.9569053762032638
V,0.011281364137364656,0.7705020268163393,0.9569053762032638
V,0.011324587754749194,0.7705020268163393,0.9569053762032638
V,0.011324587754749194,0.7708138447146866,0.9569053762032638
V,0.011367811372133734,0.7708138447146866,0.9569053762032638
V,0.011367811372133734,0.771125662613034,0.9569053762032638
V,0.011389423180826003,0.771125662613034,0.9569053762032638
V,0.011389423180826003,0.7714374805113814,0.9569053762032638
V,0.011454258606902811,0.7714374805113814,0.9569053762032638
V,0.011454258606902811,0.7717492984097287,0.9569053762032638
V,0.01149748222428735,0.7717492984097287,0.9569053762032638
V,0.01149748222428735,0.7723729342064235,0.9569053762032638
V,0.01154070584167189,0.7723729342064235,0.9569053762032638
V,0.01154070584167189,0.7726847521047708,0.9569053762032638
V,0.011627153076440968,0.7726847521047708,0.9569053762032638
V,0.011627153076440968,0.7729965700031182,0.9569053762032638
V,0.011648764885133236,0.7729965700031182,0.9569053762032638
V,0.011648764885133236,0.7733083879014655,0.9569053762032638
V,0.011670376693825505,0.7733083879014655,0.9569053762032638
V,0.011670376693825505,0.7739320236981603,0.9569053762032638
V,0.011735212119902314,0.7739320236981603,0.9569053762032638
V,0.011735212119902314,0.7742438415965076,0.9569053762032638
V,0.011756823928594584,0.7742438415965076,0.9569053762032638
V,0.011756823928594584,0.774555659494855,0.9569053762032638
V,0.011821659354671393,0.774555659494855,0.9569053762032638
V,0.011821659354671393,0.7748674773932024,0.9569053762032638
V,0.011886494780748201,0.7748674773932024,0.9569053762032638
V,0.011886494780748201,0.7751792952915497,0.9569053762032638
V,0.01190810658944047,0.7751792952915497,0.9569053762032638
V,0.01190810658944047,0.7758029310882445,0.9569053762032638
V,0.011972942015517279,0.7758029310882445,0.9569053762032638
V,0.011972942015517279,0.7773620205799813,0.9569053762032638
V,0.012016165632901818,0.7773620205799813,0.9569053762032638
V,0.012016165632901818,0.777985656376676,0.9569053762032638
V,0.012059389250286356,0.777985656376676,0.9569053762032638
V,0.012059389250286356,0.7782974742750234,0.9569053762032638
V,0.012232283719824513,0.7782974742750234,0.9569053762032638
V,0.012232283719824513,0.7792329279700655,0.9569053762032638
V,0.01227550733720905,0.7792329279700655,0.9569053762032638
V,0.01227550733720905,0.7798565637667602,0.9569053762032638
V,0.012297119145901321,0.7798565637667602,0.9569053762032638
V,0.012297119145901321,0.7801683816651076,0.9569053762032638
V,0.01236195457197813,0.7801683816651076,0.9569053762032638
V,0.01236195457197813,0.7804801995634549,0.9569053762032638
V,0.012448401806747207,0.7804801995634549,0.9569053762032638
V,0.012448401806747207,0.7807920174618023,0.9569053762032638
V,0.012470013615439476,0.7807920174618023,0.9569053762032638
V,0.012470013615439476,0.781415653258497,0.9569053762032638
V,0.012513237232824015,0.781415653258497,0.9569053762032638
V,0.012513237232824015,0.7820392890551918,0.9569053762032638
V,0.012534849041516284,0.7820392890551918,0.9569053762032638
V,0.012534849041516284,0.7823511069535392,0.9569053762032638
V,0.012578072658900824,0.7823511069535392,0.9569053762032638
V,0.012578072658900824,0.7829747427502338,0.9569053762032638
V,0.012599684467593093,0.7829747427502338,0.9569053762032638
V,0.012599684467593093,0.7832865606485813,0.9569053762032638
V,0.01268613170236217,0.7832865606485813,0.9569053762032638
V,0.01268613170236217,0.7835983785469286,0.9569053762032638
V,0.012859026171900326,0.7835983785469286,0.9569053762032638
V,0.012859026171900326,0.7839101964452759,0.9569053762032638
V,0.012902249789284866,0.7839101964452759,0.9569053762032638
V,0.012902249789284866,0.7842220143436234,0.9569053762032638
V,0.012923861597977135,0.7842220143436234,0.9569053762032638
V,0.012923861597977135,0.7845338322419707,0.9569053762032638
V,0.012945473406669404,0.7845338322419707,0.9569053762032638
V,0.012945473406669404,0.784845650140318,0.9569053762032638
V,0.012988697024053943,0.784845650140318,0.9569053762032638
V,0.012988697024053943,0.7854692859370128,0.9569053762032638
V,0.01309675606751529,0.7854692859370128,0.9569053762032638
V,0.01309675606751529,0.7857811038353602,0.9569053762032638
V,0.01311836787620756,0.7857811038353602,0.9569053762032638
V,0.01311836787620756,0.7864047396320549,0.9569053762032638
V,0.013161591493592098,0.7864047396320549,0.9569053762032638
V,0.013161591493592098,0.7867165575304023,0.9569053762032638
V,0.013248038728361177,0.7867165575304023,0.9569053762032638
V,0.013248038728361177,0.7870283754287496,0.9569053762032638
V,0.013334485963130254,0.7870283754287496,0.9569053762032638
V,0.013334485963130254,0.7873401933270969,0.9569053762032638
V,0.013356097771822523,0.7873401933270969,0.9569053762032638
V,0.013356097771822523,0.788275647022139,0.9569053762032638
V,0.013399321389207063,0.788275647022139,0.9569053762032638
V,0.013399321389207063,0.7892111007171811,0.9569053762032638
V,0.013442545006591602,0.7892111007171811,0.9569053762032638
V,0.013442545006591602,0.7895229186155285,0.9569053762032638
V,0.013464156815283871,0.7895229186155285,0.9569053762032638
V,0.013464156815283871,0.7898347365138759,0.9569053762032638
V,0.01352899224136068,0.7898347365138759,0.9569053762032638
V,0.01352899224136068,0.7901465544122233,0.9569053762032638
V,0.013593827667437488,0.7901465544122233,0.9569053762032638
V,0.013593827667437488,0.7904583723105706,0.9569053762032638
V,0.013637051284822026,0.7904583723105706,0.9569053762032638
V,0.013637051284822026,0.790770190208918,0.9569053762032638
V,0.013723498519591105,0.790770190208918,0.9569053762032638
V,0.013723498519591105,0.7910820081072654,0.9569053762032638
V,0.013788333945667914,0.7910820081072654,0.9569053762032638
V,0.013788333945667914,0.7920174618023075,0.9569053762032638
V,0.013853169371744722,0.7920174618023075,0.9569053762032638
V,0.013853169371744722,0.7923292797006548,0.9569053762032638
V,0.013874781180436991,0.7923292797006548,0.9569053762032638
V,0.013874781180436991,0.7929529154973496,0.9569053762032638
V,0.01391800479782153,0.7929529154973496,0.9569053762032638
V,0.01391800479782153,0.7932647333956969,0.9569053762032638
V,0.014004452032590608,0.7932647333956969,0.9569053762032638
V,0.014004452032590608,0.7935765512940443,0.9569053762032638
V,0.014155734693436494,0.7935765512940443,0.9569053762032638
V,0.014155734693436494,0.794200187090739,0.9569053762032638
V,0.014198958310821033,0.794200187090739,0.9569053762032638
V,0.014198958310821033,0.7951356407857811,0.9569053762032638
V,0.01428540554559011,0.7951356407857811,0.9569053762032638
V,0.01428540554559011,0.7954474586841285,0.9569053762032638
V,0.01430701735428238,0.7954474586841285,0.9569053762032638
V,0.01430701735428238,0.7957592765824758,0.9569053762032638
V,0.014479911823820536,0.7957592765824758,0.9569053762032638
V,0.014479911823820536,0.7960710944808232,0.9569053762032638
V,0.014544747249897344,0.7960710944808232,0.9569053762032638
V,0.014544747249897344,0.7966947302775179,0.9569053762032638
V,0.014587970867281882,0.7966947302775179,0.9569053762032638
V,0.014587970867281882,0.7973183660742127,0.9569053762032638
V,0.014674418102050961,0.7973183660742127,0.9569053762032638
V,0.014674418102050961,0.79763018397256,0.9569053762032638
V,0.01473925352812777,0.79763018397256,0.9569053762032638
V,0.01473925352812777,0.7982538197692548,0.9569053762032638
V,0.014760865336820039,0.7982538197692548,0.9569053762032638
V,0.014760865336820039,0.7988774555659495,0.9569053762032638
V,0.014782477145512308,0.7988774555659495,0.9569053762032638
V,0.014782477145512308,0.7991892734642968,0.9569053762032638
V,0.014868924380281385,0.7991892734642968,0.9569053762032638
V,0.014868924380281385,0.7995010913626442,0.9569053762032638
V,0.014955371615050464,0.7995010913626442,0.9569053762032638
V,0.014955371615050464,0.7998129092609916,0.9569053762032638
V,0.014998595232435002,0.7998129092609916,0.9569053762032638
V,0.014998595232435002,0.8004365450576864,0.9569053762032638
V,0.015085042467204081,0.8004365450576864,0.9569053762032638
V,0.015085042467204081,0.8007483629560337,0.9569053762032638
V,0.01510665427589635,0.8007483629560337,0.9569053762032638
V,0.01510665427589635,0.8019956345494231,0.9569053762032638
V,0.015128266084588619,0.8019956345494231,0.9569053762032638
V,0.015128266084588619,0.8023074524477705,0.9569053762032638
V,0.015193101510665427,0.8023074524477705,0.9569053762032638
V,0.015193101510665427,0.8026192703461179,0.9569053762032638
V,0.015236325128049967,0.8026192703461179,0.9569053762032638
V,0.015236325128049967,0.8029310882444652,0.9569053762032638
V,0.015387607788895852,0.8029310882444652,0.9569053762032638
V,0.015387607788895852,0.8032429061428126,0.9569053762032638
V,0.015625337684510816,0.8032429061428126,0.9569053762032638
V,0.015625337684510816,0.80355472404116,0.9569053762032638
V,0.015798232154048974,0.80355472404116,0.9569053762032638
V,0.015798232154048974,0.8038665419395074,0.9569053762032638
V,0.01588467938881805,0.8038665419395074,0.9569053762032638
V,0.01588467938881805,0.8041783598378547,0.9569053762032638
V,0.015949514814894858,0.8041783598378547,0.9569053762032638
V,0.015949514814894858,0.804490177736202,0.9569053762032638
V,0.0159927384322794,0.804490177736202,0.9569053762032638
V,0.0159927384322794,0.8048019956345495,0.9569053762032638
V,0.016079185667048475,0.8048019956345495,0.9569053762032638
V,0.016079185667048475,0.8051138135328968,0.9569053762032638
V,0.01625208013658663,0.8051138135328968,0.9569053762032638
V,0.01625208013658663,0.8057374493295916,0.9569053762032638
V,0.01629530375397117,0.8057374493295916,0.9569053762032638
V,0.01629530375397117,0.8060492672279389,0.9569053762032638
V,0.016316915562663438,0.8060492672279389,0.9569053762032638
V,0.016316915562663438,0.8063610851262862,0.9569053762032638
V,0.01633852737135571,0.8063610851262862,0.9569053762032638
V,0.01633852737135571,0.806984720922981,0.9569053762032638
V,0.016489810032201596,0.806984720922981,0.9569053762032638
V,0.016489810032201596,0.8072965388213283,0.9569053762032638
V,0.016576257266970672,0.8072965388213283,0.9569053762032638
V,0.016576257266970672,0.8076083567196757,0.9569053762032638
V,0.016619480884355213,0.8076083567196757,0.9569053762032638
V,0.016619480884355213,0.8079201746180231,0.9569053762032638
V,0.01664109269304748,0.8079201746180231,0.9569053762032638
V,0.01664109269304748,0.8088556283130651,0.9569053762032638
V,0.01666270450173975,0.8088556283130651,0.9569053762032638
V,0.01666270450173975,0.8091674462114126,0.9569053762032638
V,0.01668431631043202,0.8091674462114126,0.9569053762032638
V,0.01668431631043202,0.8094792641097599,0.9569053762032638
V,0.016878822588662447,0.8094792641097599,0.9569053762032638
V,0.016878822588662447,0.8097910820081072,0.9569053762032638
V,0.01703010524950833,0.8097910820081072,0.9569053762032638
V,0.01703010524950833,0.810414717804802,0.9569053762032638
V,0.01718138791035422,0.810414717804802,0.9569053762032638
V,0.01718138791035422,0.8107265357031493,0.9569053762032638
V,0.017224611527738756,0.8107265357031493,0.9569053762032638
V,0.017224611527738756,0.8113501714998441,0.9569053762032638
V,0.017267835145123294,0.8113501714998441,0.9569053762032638
V,0.017267835145123294,0.8116619893981915,0.9569053762032638
V,0.017311058762507835,0.8116619893981915,0.9569053762032638
V,0.017311058762507835,0.8119738072965388,0.9569053762032638
V,0.01746234142335372,0.8119738072965388,0.9569053762032638
V,0.01746234142335372,0.8122856251948862,0.9569053762032638
V,0.01748395323204599,0.8122856251948862,0.9569053762032638
V,0.01748395323204599,0.8125974430932336,0.9569053762032638
V,0.017656847701584145,0.8125974430932336,0.9569053762032638
V,0.017656847701584145,0.8129092609915809,0.9569053762032638
V,0.01778651855373776,0.8129092609915809,0.9569053762032638
V,0.01778651855373776,0.8132210788899282,0.9569053762032638
V,0.017959413023275916,0.8132210788899282,0.9569053762032638
V,0.017959413023275916,0.8135328967882757,0.9569053762032638
V,0.017981024831968187,0.8135328967882757,0.9569053762032638
V,0.017981024831968187,0.8141565325849703,0.9569053762032638
V,0.018067472066737266,0.8141565325849703,0.9569053762032638
V,0.018067472066737266,0.8144683504833178,0.9569053762032638
V,0.018132307492814075,0.8144683504833178,0.9569053762032638
V,0.018132307492814075,0.8147801683816651,0.9569053762032638
V,0.01815391930150634,0.8147801683816651,0.9569053762032638
V,0.01815391930150634,0.8150919862800124,0.9569053762032638
V,0.01830520196235223,0.8150919862800124,0.9569053762032638
V,0.01830520196235223,0.8157156220767072,0.9569053762032638
V,0.018413261005813576,0.8157156220767072,0.9569053762032638
V,0.018413261005813576,0.8160274399750546,0.9569053762032638
V,0.018478096431890384,0.8160274399750546,0.9569053762032638
V,0.018478096431890384,0.8163392578734019,0.9569053762032638
V,0.01869421451881308,0.8163392578734019,0.9569053762032638
V,0.01869421451881308,0.8166510757717493,0.9569053762032638
V,0.018867108988351235,0.8166510757717493,0.9569053762032638
V,0.018867108988351235,0.8169628936700967,0.9569053762032638
V,0.01904000345788939,0.8169628936700967,0.9569053762032638
V,0.01904000345788939,0.8175865294667914,0.9569053762032638
V,0.019256121544812085,0.8175865294667914,0.9569053762032638
V,0.019256121544812085,0.8182101652634861,0.9569053762032638
V,0.019558686866503857,0.8182101652634861,0.9569053762032638
V,0.019558686866503857,0.8185219831618334,0.9569053762032638
V,0.019688357718657474,0.8185219831618334,0.9569053762032638
V,0.019688357718657474,0.8188338010601809,0.9569053762032638
V,0.01986125218819563,0.8188338010601809,0.9569053762032638
V,0.01986125218819563,0.8191456189585282,0.9569053762032638
V,0.02035832378811783,0.8191456189585282,0.9569053762032638
V,0.02035832378811783,0.8194574368568756,0.9569053762032638
V,0.020379935596810096,0.8194574368568756,0.9569053762032638
V,0.020379935596810096,0.819769254755223,0.9569053762032638
V,0.02061766549242506,0.819769254755223,0.9569053762032638
V,0.02061766549242506,0.8200810726535703,0.9569053762032638
V,0.0206608891098096,0.8200810726535703,0.9569053762032638
V,0.0206608891098096,0.8203928905519177,0.9569053762032638
V,0.02070411272719414,0.8203928905519177,0.9569053762032638
V,0.02070411272719414,0.820704708450265,0.9569053762032638
V,0.020790559961963218,0.820704708450265,0.9569053762032638
V,0.020790559961963218,0.8210165263486124,0.9569053762032638
V,0.0209418426228091,0.8210165263486124,0.9569053762032638
V,0.0209418426228091,0.8213283442469598,0.9569053762032638
V,0.021222796135808606,0.8213283442469598,0.9569053762032638
V,0.021222796135808606,0.8216401621453071,0.9569053762032638
V,0.02146052603142357,0.8216401621453071,0.9569053762032638
V,0.02146052603142357,0.8219519800436546,0.9569053762032638
V,0.02191437401396123,0.8219519800436546,0.9569053762032638
V,0.02191437401396123,0.8222637979420019,0.9569053762032638
V,0.021957597631345766,0.8222637979420019,0.9569053762032638
V,0.021957597631345766,0.8225756158403492,0.9569053762032638
V,0.022108880292191654,0.8225756158403492,0.9569053762032638
V,0.022108880292191654,0.8228874337386965,0.9569053762032638
V,0.02230338657042208,0.8228874337386965,0.9569053762032638
V,0.02230338657042208,0.823199251637044,0.9569053762032638
V,0.022389833805191158,0.823199251637044,0.9569053762032638
V,0.022389833805191158,0.8235110695353913,0.9569053762032638
V,0.022843681787728814,0.8235110695353913,0.9569053762032638
V,0.022843681787728814,0.8238228874337387,0.9569053762032638
V,0.022930129022497893,0.8238228874337387,0.9569053762032638
V,0.02297335263988243,0.8238228874337387,0.9569053762032638
V,0.02303818806595924,0.8238228874337387,0.9569053762032638
V,0.02303818806595924,0.8241347053320861,0.9569053762032638
V,0.02334075338765101,0.8241347053320861,0.9569053762032638
V,0.02334075338765101,0.8244465232304334,0.9569053762032638
V,0.02336236519634328,0.8244465232304334,0.9569053762032638
V,0.02336236519634328,0.8247583411287808,0.9569053762032638
V,0.02344881243111236,0.8247583411287808,0.9569053762032638
V,0.02344881243111236,0.8250701590271281,0.9569053762032638
V,0.0234920360484969,0.8250701590271281,0.9569053762032638
V,0.0234920360484969,0.8253819769254755,0.9569053762032638
V,0.023664930518035053,0.8253819769254755,0.9569053762032638
V,0.023664930518035053,0.8256937948238229,0.9569053762032638
V,0.023708154135419594,0.8256937948238229,0.9569053762032638
V,0.023708154135419594,0.8260056127221702,0.9569053762032638
V,0.024140390309264983,0.8260056127221702,0.9569053762032638
V,0.024140390309264983,0.8263174306205177,0.9569053762032638
V,0.024313284778803138,0.8263174306205177,0.9569053762032638
V,0.024313284778803138,0.8269410664172123,0.9569053762032638
V,0.024399732013572217,0.8269410664172123,0.9569053762032638
V,0.024399732013572217,0.8272528843155598,0.9569053762032638
V,0.024875191804802143,0.8272528843155598,0.9569053762032638
V,0.024875191804802143,0.8275647022139071,0.9569053762032638
V,0.024961639039571222,0.8275647022139071,0.9569053762032638
V,0.024961639039571222,0.8278765201122544,0.9569053762032638
V,0.024983250848263493,0.8278765201122544,0.9569053762032638
V,0.024983250848263493,0.8281883380106018,0.9569053762032638
V,0.025523546065570227,0.8281883380106018,0.9569053762032638
V,0.025523546065570227,0.8285001559089492,0.9569053762032638
V,0.025653216917723844,0.8285001559089492,0.9569053762032638
V,0.025653216917723844,0.8288119738072965,0.9569053762032638
V,0.025696440535108382,0.8288119738072965,0.9569053762032638
V,0.025696440535108382,0.8291237917056439,0.9569053762032638
V,0.026388018413261004,0.8291237917056439,0.9569053762032638
V,0.026388018413261004,0.8294356096039913,0.9569053762032638
V,0.026496077456722354,0.8294356096039913,0.9569053762032638
V,0.026496077456722354,0.830059245400686,0.9569053762032638
V,0.027598279700028094,0.830059245400686,0.9569053762032638
V,0.027598279700028094,0.8303710632990333,0.9569053762032638
V,0.02772795055218171,0.8303710632990333,0.9569053762032638
V,0.02772795055218171,0.8306828811973808,0.9569053762032638
V,0.028052127682565754,0.8306828811973808,0.9569053762032638
V,0.028052127682565754,0.8309946990957281,0.9569053762032638
V,0.02809535129995029,0.8309946990957281,0.9569053762032638
V,0.02809535129995029,0.8313065169940754,0.9569053762032638
V,0.028333081195565258,0.8313065169940754,0.9569053762032638
V,0.028333081195565258,0.8316183348924229,0.9569053762032638
V,0.028592422899872492,0.8316183348924229,0.9569053762032638
V,0.028592422899872492,0.8319301527907702,0.9569053762032638
V,0.028830152795487455,0.8319301527907702,0.9569053762032638
V,0.028830152795487455,0.8322419706891175,0.9569053762032638
V,0.028851764604179722,0.8322419706891175,0.9569053762032638
V,0.028851764604179722,0.8325537885874649,0.9569053762032638
V,0.02947850705625554,0.8325537885874649,0.9569053762032638
V,0.02947850705625554,0.8328656064858123,0.9569053762032638
V,0.02975946056925504,0.8328656064858123,0.9569053762032638
V,0.02975946056925504,0.8331774243841596,0.9569053762032638
V,0.029997190464870004,0.8331774243841596,0.9569053762032638
V,0.029997190464870004,0.8338010601808544,0.9569053762032638
V,0.030018802273562274,0.8338010601808544,0.9569053762032638
V,0.030018802273562274,0.8341128780792018,0.9569053762032638
V,0.030062025890946812,0.8341128780792018,0.9569053762032638
V,0.030062025890946812,0.8347365138758964,0.9569053762032638
V,0.030364591212638587,0.8347365138758964,0.9569053762032638
V,0.030364591212638587,0.8350483317742439,0.9569053762032638
V,0.0309913336647144,0.8350483317742439,0.9569053762032638
V,0.0309913336647144,0.8353601496725912,0.9569053762032638
V,0.031899029629789716,0.8353601496725912,0.9569053762032638
V,0.031899029629789716,0.8356719675709385,0.9569053762032638
V,0.03217998314278922,0.8356719675709385,0.9569053762032638
V,0.03217998314278922,0.835983785469286,0.9569053762032638
V,0.03220159495148149,0.835983785469286,0.9569053762032638
V,0.03220159495148149,0.8362956033676333,0.9569053762032638
V,0.03241771303840418,0.8362956033676333,0.9569053762032638
V,0.03241771303840418,0.8366074212659806,0.9569053762032638
V,0.03326057357740269,0.8366074212659806,0.9569053762032638
V,0.03326057357740269,0.836919239164328,0.9569053762032638
V,0.03377925698601716,0.836919239164328,0.9569053762032638
V,0.03377925698601716,0.8372310570626754,0.9569053762032638
V,0.03401698688163212,0.8372310570626754,0.9569053762032638
V,0.03401698688163212,0.8375428749610228,0.9569053762032638
V,0.03421149315986255,0.8375428749610228,0.9569053762032638
V,0.03421149315986255,0.8378546928593701,0.9569053762032638
V,0.034297940394631625,0.8378546928593701,0.9569053762032638
V,0.034297940394631625,0.8381665107577175,0.9569053762032638
V,0.03457889390763113,0.8381665107577175,0.9569053762032638
V,0.03457889390763113,0.8387901465544122,0.9569053762032638
V,0.03492468284670744,0.8387901465544122,0.9569053762032638
V,0.03492468284670744,0.8391019644527596,0.9569053762032638
V,0.035054353698861056,0.8391019644527596,0.9569053762032638
V,0.035054353698861056,0.839413782351107,0.9569053762032638
V,0.035227248168399214,0.839413782351107,0.9569053762032638
V,0.035227248168399214,0.8397256002494543,0.9569053762032638
V,0.03661040392470446,0.8397256002494543,0.9569053762032638
V,0.03661040392470446,0.8400374181478016,0.9569053762032638
V,0.037496488081087506,0.8400374181478016,0.9569053762032638
V,0.037496488081087506,0.8403492360461491,0.9569053762032638
V,0.038015171489701974,0.8403492360461491,0.9569053762032638
V,0.038015171489701974,0.8406610539444964,0.9569053762032638
V,0.03872836117654686,0.8406610539444964,0.9569053762032638
V,0.03872836117654686,0.8409728718428437,0.9569053762032638
V,0.03907415011562318,0.8409728718428437,0.9569053762032638
V,0.03907415011562318,0.8412846897411912,0.9569053762032638
V,0.039160597350392255,0.8412846897411912,0.9569053762032638
V,0.039160597350392255,0.8415965076395385,0.9569053762032638
V,0.03929026820254587,0.8415965076395385,0.9569053762032638
V,0.03929026820254587,0.8419083255378859,0.9569053762032638
V,0.03931188001123814,0.8419083255378859,0.9569053762032638
V,0.03931188001123814,0.8422201434362332,0.9569053762032638
V,0.03935510362862268,0.8422201434362332,0.9569053762032638
V,0.03935510362862268,0.8425319613345806,0.9569053762032638
V,0.04056536491538977,0.8425319613345806,0.9569053762032638
V,0.04056536491538977,0.842843779232928,0.9569053762032638
V,0.040608588532774305,0.842843779232928,0.9569053762032638
V,0.040608588532774305,0.8431555971312753,0.9569053762032638
V,0.04086793023708154,0.8431555971312753,0.9569053762032638
V,0.04086793023708154,0.8434674150296227,0.9569053762032638
V,0.041365001837003736,0.8434674150296227,0.9569053762032638
V,0.041365001837003736,0.8437792329279701,0.9569053762032638
V,0.04203496790646409,0.8437792329279701,0.9569053762032638
V,0.04203496790646409,0.8440910508263174,0.9569053762032638
V,0.042294309610771325,0.8440910508263174,0.9569053762032638
V,0.042294309610771325,0.8444028687246647,0.9569053762032638
V,0.042315921419463595,0.8444028687246647,0.9569053762032638
V,0.042315921419463595,0.8447146866230122,0.9569053762032638
V,0.04352618270623068,0.8447146866230122,0.9569053762032638
V,0.04352618270623068,0.8450265045213595,0.9569053762032638
V,0.043871971645307,0.8450265045213595,0.9569053762032638
V,0.04391519526269153,0.8450265045213595,0.9569053762032638
V,0.04428259601046011,0.8450265045213595,0.9569053762032638
V,0.04428259601046011,0.8453383224197069,0.9569053762032638
V,0.045103844740766355,0.8453383224197069,0.9569053762032638
V,0.045103844740766355,0.8456501403180543,0.9569053762032638
V,0.04525512740161224,0.8456501403180543,0.9569053762032638
V,0.04525512740161224,0.8459619582164016,0.9569053762032638
V,0.04562252814938082,0.8459619582164016,0.9569053762032638
V,0.04562252814938082,0.846273776114749,0.9569053762032638
V,0.045817034427611245,0.846273776114749,0.9569053762032638
V,0.045817034427611245,0.8465855940130963,0.9569053762032638
V,0.045838646236303515,0.8465855940130963,0.9569053762032638
V,0.045838646236303515,0.8468974119114437,0.9569053762032638
V,0.04594670527976486,0.8468974119114437,0.9569053762032638
V,0.04594670527976486,0.8472092298097911,0.9569053762032638
V,0.04704890752307061,0.8472092298097911,0.9569053762032638
V,0.04704890752307061,0.8475210477081384,0.9569053762032638
V,0.04741630827083919,0.8475210477081384,0.9569053762032638
V,0.04741630827083919,0.8478328656064859,0.9569053762032638
V,0.047502755505608264,0.8478328656064859,0.9569053762032638
V,0.047502755505608264,0.8481446835048332,0.9569053762032638
V,0.047891768062069115,0.8481446835048332,0.9569053762032638
V,0.047891768062069115,0.8484565014031805,0.9569053762032638
V,0.04951265371398932,0.8484565014031805,0.9569053762032638
V,0.04951265371398932,0.848768319301528,0.9569053762032638
V,0.04977199541829656,0.848768319301528,0.9569053762032638
V,0.04977199541829656,0.8490801371998753,0.9569053762032638
V,0.04979360722698883,0.8490801371998753,0.9569053762032638
V,0.04983683084437337,0.8490801371998753,0.9569053762032638
V,0.050269067018218754,0.8490801371998753,0.9569053762032638
V,0.050269067018218754,0.8493919550982226,0.9569053762032638
V,0.05035551425298783,0.8493919550982226,0.9569053762032638
V,0.05035551425298783,0.84970377299657,0.9569053762032638
V,0.05074452680944868,0.84970377299657,0.9569053762032638
V,0.05074452680944868,0.8500155908949174,0.9569053762032638
V,0.051652222774524,0.8500155908949174,0.9569053762032638
V,0.051652222774524,0.8503274087932647,0.9569053762032638
V,0.05301376672213698,0.8503274087932647,0.9569053762032638
V,0.05301376672213698,0.8506392266916121,0.9569053762032638
V,0.05435369886105768,0.8506392266916121,0.9569053762032638
V,0.05435369886105768,0.8509510445899595,0.9569053762032638
V,0.05482915865228761,0.8509510445899595,0.9569053762032638
V,0.05482915865228761,0.8512628624883068,0.9569053762032638
V,0.05502366493051804,0.8512628624883068,0.9569053762032638
V,0.05502366493051804,0.8515746803866542,0.9569053762032638
V,0.05565040738259385,0.8515746803866542,0.9569053762032638
V,0.05565040738259385,0.852198316183349,0.9569053762032638
V,0.055888137278208815,0.852198316183349,0.9569053762032638
V,0.055888137278208815,0.8525101340816963,0.9569053762032638
V,0.055909749086901085,0.8525101340816963,0.9569053762032638
V,0.055909749086901085,0.8528219519800436,0.9569053762032638
V,0.05610425536513151,0.8528219519800436,0.9569053762032638
V,0.05610425536513151,0.8531337698783911,0.9569053762032638
V,0.057336128460590864,0.8531337698783911,0.9569053762032638
V,0.057336128460590864,0.8534455877767384,0.9569053762032638
V,0.0578115882518208,0.8534455877767384,0.9569053762032638
V,0.0578115882518208,0.8537574056750857,0.9569053762032638
V,0.058092541764820295,0.8537574056750857,0.9569053762032638
V,0.058092541764820295,0.8540692235734331,0.9569053762032638
V,0.05817898899958938,0.8540692235734331,0.9569053762032638
V,0.05817898899958938,0.8543810414717805,0.9569053762032638
V,0.05863283698212703,0.8543810414717805,0.9569053762032638
V,0.058676060599511574,0.8543810414717805,0.9569053762032638
V,0.05878411964297292,0.8543810414717805,0.9569053762032638
V,0.05878411964297292,0.8546928593701278,0.9569053762032638
V,0.0599295455036632,0.8546928593701278,0.9569053762032638
V,0.0599295455036632,0.8550046772684752,0.9569053762032638
V,0.05999438092974001,0.8550046772684752,0.9569053762032638
V,0.05999438092974001,0.8553164951668226,0.9569053762032638
V,0.06010243997320136,0.8553164951668226,0.9569053762032638
V,0.06010243997320136,0.85562831306517,0.9569053762032638
V,0.060902076894815325,0.85562831306517,0.9569053762032638
V,0.060902076894815325,0.8559401309635173,0.9569053762032638
V,0.061118194981738025,0.8559401309635173,0.9569053762032638
V,0.061118194981738025,0.8562519488618646,0.9569053762032638
V,0.061874608285967456,0.8562519488618646,0.9569053762032638
V,0.061874608285967456,0.8565637667602121,0.9569053762032638
V,0.06206911456419788,0.8565637667602121,0.9569053762032638
V,0.06206911456419788,0.8568755846585594,0.9569053762032638
V,0.0625445743554278,0.8568755846585594,0.9569053762032638
V,0.0625445743554278,0.8571874025569067,0.9569053762032638
V,0.06278230425104277,0.8571874025569067,0.9569053762032638
V,0.06278230425104277,0.8574992204552542,0.9569053762032638
V,0.06477059065073155,0.8574992204552542,0.9569053762032638
V,0.06477059065073155,0.8578110383536015,0.9569053762032638
V,0.06563506299842234,0.8578110383536015,0.9569053762032638
V,0.06563506299842234,0.8581228562519488,0.9569053762032638
V,0.06626180545049815,0.8581228562519488,0.9569053762032638
V,0.06626180545049815,0.8584346741502962,0.9569053762032638
V,0.06727756045903481,0.8584346741502962,0.9569053762032638
V,0.06727756045903481,0.8587464920486436,0.9569053762032638
V,0.0674288431198807,0.8587464920486436,0.9569053762032638
V,0.0674288431198807,0.859058309946991,0.9569053762032638
V,0.06758012578072659,0.859058309946991,0.9569053762032638
V,0.06758012578072659,0.8593701278453383,0.9569053762032638
V,0.06775302025026475,0.8593701278453383,0.9569053762032638
V,0.06779624386764928,0.8593701278453383,0.9569053762032638
V,0.06799075014587971,0.8593701278453383,0.9569053762032638
V,0.06799075014587971,0.8596819457436857,0.9569053762032638
V,0.06803397376326424,0.8596819457436857,0.9569053762032638
V,0.06803397376326424,0.8599937636420331,0.9569053762032638
V,0.070259990058568,0.8599937636420331,0.9569053762032638
V,0.070259990058568,0.8603055815403804,0.9569053762032638
V,0.07103801517148971,0.8603055815403804,0.9569053762032638
V,0.07103801517148971,0.8606173994387278,0.9569053762032638
V,0.07105962698018198,0.8606173994387278,0.9569053762032638
V,0.07105962698018198,0.8609292173370752,0.9569053762032638
V,0.07134058049318147,0.8609292173370752,0.9569053762032638
V,0.07134058049318147,0.8612410352354225,0.9569053762032638
V,0.07216182922348771,0.8612410352354225,0.9569053762032638
V,0.07216182922348771,0.8615528531337698,0.9569053762032638
V,0.07453912817963736,0.8615528531337698,0.9569053762032638
V,0.07453912817963736,0.8618646710321173,0.9569053762032638
V,0.07549004776209721,0.8618646710321173,0.9569053762032638
V,0.07549004776209721,0.8621764889304646,0.9569053762032638
V,0.07890471353547579,0.8621764889304646,0.9569053762032638
V,0.07890471353547579,0.862488306828812,0.9569053762032638
V,0.08311901623046833,0.862488306828812,0.9569053762032638
V,0.08311901623046833,0.8628001247271594,0.9569053762032638
V,0.08473990188238854,0.8628001247271594,0.9569053762032638
V,0.08473990188238854,0.8631119426255067,0.9569053762032638
V,0.08495601996931124,0.8631119426255067,0.9569053762032638
V,0.08495601996931124,0.8634237605238541,0.9569053762032638
V,0.08540986795184889,0.8634237605238541,0.9569053762032638
V,0.08540986795184889,0.8637355784222014,0.9569053762032638
V,0.08564759784746385,0.8637355784222014,0.9569053762032638
V,0.08564759784746385,0.8640473963205488,0.9569053762032638
V,0.08571243327354067,0.8640473963205488,0.9569053762032638
V,0.08571243327354067,0.8643592142188962,0.9569053762032638
V,0.08649045838646237,0.8643592142188962,0.9569053762032638
V,0.08649045838646237,0.8646710321172435,0.9569053762032638
V,0.08761427243846037,0.8646710321172435,0.9569053762032638
V,0.08761427243846037,0.8649828500155909,0.9569053762032638
V,0.0910721618292235,0.8649828500155909,0.9569053762032638
V,0.09111538544660802,0.8649828500155909,0.9569053762032638
V,0.09135311534222298,0.8649828500155909,0.9569053762032638
V,0.09135311534222298,0.8652946679139383,0.9569053762032638
V,0.09182857513345292,0.8652946679139383,0.9569053762032638
V,0.09182857513345292,0.8656064858122856,0.9569053762032638
V,0.09185018694214518,0.8656064858122856,0.9569053762032638
V,0.09185018694214518,0.8659183037106329,0.9569053762032638
V,0.09213114045514469,0.8659183037106329,0.9569053762032638
V,0.09213114045514469,0.8662301216089804,0.9569053762032638
V,0.09245531758552873,0.8662301216089804,0.9569053762032638
V,0.09245531758552873,0.8665419395073277,0.9569053762032638
V,0.09368719068098809,0.8665419395073277,0.9569053762032638
V,0.09368719068098809,0.866853757405675,0.9569053762032638
V,0.09781504614121156,0.866853757405675,0.9569053762032638
V,0.09781504614121156,0.8671655753040225,0.9569053762032638
V,0.09909014285405546,0.8671655753040225,0.9569053762032638
V,0.09909014285405546,0.8674773932023698,0.9569053762032638
V,0.10079747574074474,0.8674773932023698,0.9569053762032638
V,0.10079747574074474,0.8677892111007172,0.9569053762032638
V,0.10129454734066694,0.8677892111007172,0.9569053762032638
V,0.10129454734066694,0.8681010289990645,0.9569053762032638
V,0.1025912558622031,0.8681010289990645,0.9569053762032638
V,0.1025912558622031,0.8684128468974119,0.9569053762032638
V,0.10395279980981609,0.8684128468974119,0.9569053762032638
V,0.10395279980981609,0.8687246647957593,0.9569053762032638
V,0.10529273194873678,0.8687246647957593,0.9569053762032638
V,0.10529273194873678,0.8690364826941066,0.9569053762032638
V,0.10630848695727345,0.8690364826941066,0.9569053762032638
V,0.10630848695727345,0.869348300592454,0.9569053762032638
V,0.10754036005273282,0.869348300592454,0.9569053762032638
V,0.10754036005273282,0.8696601184908014,0.9569053762032638
V,0.1084696678265004,0.8696601184908014,0.9569053762032638
V,0.1084696678265004,0.8699719363891487,0.9569053762032638
V,0.10907479846988394,0.8699719363891487,0.9569053762032638
V,0.10907479846988394,0.870283754287496,0.9569053762032638
V,0.11097663763480366,0.870283754287496,0.9569053762032638
V,0.11097663763480366,0.8705955721858435,0.9569053762032638
V,0.11223012253895528,0.8705955721858435,0.9569053762032638
V,0.11223012253895528,0.8709073900841908,0.9569053762032638
V,0.11521255213848847,0.8709073900841908,0.9569053762032638
V,0.11521255213848847,0.8712192079825382,0.9569053762032638
V,0.11532061118194982,0.8712192079825382,0.9569053762032638
V,0.11532061118194982,0.8715310258808856,0.9569053762032638
V,0.11754662747725357,0.8715310258808856,0.9569053762032638
V,0.11754662747725357,0.8718428437792329,0.9569053762032638
V,0.11797886365109896,0.8718428437792329,0.9569053762032638
V,0.11797886365109896,0.8721546616775803,0.9569053762032638
V,0.11808692269456031,0.8721546616775803,0.9569053762032638
V,0.11808692269456031,0.8724664795759277,0.9569053762032638
V,0.12050744526809448,0.8724664795759277,0.9569053762032638
V,0.12050744526809448,0.872778297474275,0.9569053762032638
V,0.12197704825916882,0.872778297474275,0.9569053762032638
V,0.12197704825916882,0.8730901153726224,0.9569053762032638
V,0.12394372285016533,0.8730901153726224,0.9569053762032638
V,0.12394372285016533,0.8734019332709697,0.9569053762032638
V,0.12433273540662618,0.8734019332709697,0.9569053762032638
V,0.12433273540662618,0.8737137511693172,0.9569053762032638
V,0.12441918264139526,0.8737137511693172,0.9569053762032638
V,0.12441918264139526,0.8740255690676645,0.9569053762032638
V,0.1263858572323918,0.8740255690676645,0.9569053762032638
V,0.1263858572323918,0.8743373869660118,0.9569053762032638
V,0.1267316461714681,0.8743373869660118,0.9569053762032638
V,0.1267316461714681,0.8746492048643593,0.9569053762032638
V,0.12725032958008256,0.8746492048643593,0.9569053762032638
V,0.12725032958008256,0.8749610227627066,0.9569053762032638
V,0.1278554602234661,0.8749610227627066,0.9569053762032638
V,0.1278554602234661,0.8752728406610539,0.9569053762032638
V,0.12824447277992695,0.8752728406610539,0.9569053762032638
V,0.12824447277992695,0.8755846585594013,0.9569053762032638
V,0.1286334853363878,0.8755846585594013,0.9569053762032638
V,0.1286334853363878,0.8758964764577487,0.9569053762032638
V,0.12930345140584815,0.8758964764577487,0.9569053762032638
V,0.12930345140584815,0.876208294356096,0.9569053762032638
V,0.13023275917961574,0.876208294356096,0.9569053762032638
V,0.13023275917961574,0.8765201122544434,0.9569053762032638
V,0.13133496142292148,0.8765201122544434,0.9569053762032638
V,0.13133496142292148,0.8768319301527908,0.9569053762032638
V,0.13194009206630503,0.8768319301527908,0.9569053762032638
V,0.13194009206630503,0.8771437480511382,0.9569053762032638
V,0.13206976291845865,0.8771437480511382,0.9569053762032638
V,0.13206976291845865,0.8774555659494855,0.9569053762032638
V,0.13474962719630007,0.8774555659494855,0.9569053762032638
V,0.13474962719630007,0.8777673838478328,0.9569053762032638
V,0.13544120507445268,0.8777673838478328,0.9569053762032638
V,0.13544120507445268,0.8780792017461803,0.9569053762032638
V,0.13595988848306714,0.8780792017461803,0.9569053762032638
V,0.13595988848306714,0.8783910196445276,0.9569053762032638
V,0.1362192301873744,0.8783910196445276,0.9569053762032638
V,0.1362192301873744,0.8787028375428749,0.9569053762032638
V,0.13879103542175444,0.8787028375428749,0.9569053762032638
V,0.13879103542175444,0.8790146554412224,0.9569053762032638
V,0.1390936007434462,0.8790146554412224,0.9569053762032638
V,0.1390936007434462,0.8793264733395697,0.9569053762032638
V,0.13926649521298437,0.8793264733395697,0.9569053762032638
V,0.13926649521298437,0.879638291237917,0.9569053762032638
V,0.1396771195781375,0.879638291237917,0.9569053762032638
V,0.1396771195781375,0.8799501091362644,0.9569053762032638
V,0.14041192107367464,0.8799501091362644,0.9569053762032638
V,0.14041192107367464,0.8802619270346118,0.9569053762032638
V,0.14272438460374748,0.8802619270346118,0.9569053762032638
V,0.14272438460374748,0.8805737449329591,0.9569053762032638
V,0.1450584599425126,0.8805737449329591,0.9569053762032638
V,0.1450584599425126,0.8808855628313065,0.9569053762032638
V,0.1461174385684338,0.8808855628313065,0.9569053762032638
V,0.1461174385684338,0.8811973807296539,0.9569053762032638
V,0.146614510168356,0.8811973807296539,0.9569053762032638
V,0.146614510168356,0.8815091986280013,0.9569053762032638
V,0.14769510060296948,0.8815091986280013,0.9569053762032638
V,0.14769510060296948,0.8818210165263486,0.9569053762032638
V,0.1495104925331201,0.8818210165263486,0.9569053762032638
V,0.1495104925331201,0.882132834424696,0.9569053762032638
V,0.1520606859588079,0.882132834424696,0.9569053762032638
V,0.1520606859588079,0.8824446523230434,0.9569053762032638
V,0.15365995980203584,0.8824446523230434,0.9569053762032638
V,0.15370318341942038,0.8824446523230434,0.9569053762032638
V,0.15435153768018844,0.8824446523230434,0.9569053762032638
V,0.15435153768018844,0.8827564702213907,0.9569053762032638
V,0.15532406907134058,0.8827564702213907,0.9569053762032638
V,0.15532406907134058,0.883068288119738,0.9569053762032638
V,0.15640465950595406,0.883068288119738,0.9569053762032638
V,0.15640465950595406,0.8833801060180855,0.9569053762032638
V,0.15865228760995007,0.8833801060180855,0.9569053762032638
V,0.15865228760995007,0.8836919239164328,0.9569053762032638
V,0.15908452378379548,0.8836919239164328,0.9569053762032638
V,0.15908452378379548,0.8840037418147801,0.9569053762032638
V,0.16014350240971667,0.8840037418147801,0.9569053762032638
V,0.16014350240971667,0.8846273776114749,0.9569053762032638
V,0.1618076116790214,0.8846273776114749,0.9569053762032638
V,0.1618076116790214,0.8849391955098223,0.9569053762032638
V,0.1632339910527112,0.8849391955098223,0.9569053762032638
V,0.1632339910527112,0.8852510134081696,0.9569053762032638
V,0.16491971213070822,0.8852510134081696,0.9569053762032638
V,0.16491971213070822,0.885562831306517,0.9569053762032638
V,0.16498454755678502,0.885562831306517,0.9569053762032638
V,0.16498454755678502,0.8858746492048644,0.9569053762032638
V,0.16513583021763092,0.8858746492048644,0.9569053762032638
V,0.16513583021763092,0.8861864671032117,0.9569053762032638
V,0.16625964426962891,0.8861864671032117,0.9569053762032638
V,0.16625964426962891,0.8864982850015591,0.9569053762032638
V,0.16638931512178254,0.8864982850015591,0.9569053762032638
V,0.16638931512178254,0.8868101028999065,0.9569053762032638
V,0.16679993948693567,0.8868101028999065,0.9569053762032638
V,0.16679993948693567,0.8871219207982538,0.9569053762032638
V,0.16772924726070323,0.8871219207982538,0.9569053762032638
V,0.16772924726070323,0.8874337386966011,0.9569053762032638
V,0.17047394696462148,0.8874337386966011,0.9569053762032638
V,0.17047394696462148,0.8877455565949486,0.9569053762032638
V,0.17157614920792721,0.8877455565949486,0.9569053762032638
V,0.17157614920792721,0.8880573744932959,0.9569053762032638
V,0.17215966804261848,0.8880573744932959,0.9569053762032638
V,0.17215966804261848,0.8883691923916432,0.9569053762032638
V,0.1725054569816948,0.8883691923916432,0.9569053762032638
V,0.1725054569816948,0.8886810102899907,0.9569053762032638
V,0.1726567396425407,0.8886810102899907,0.9569053762032638
V,0.1726567396425407,0.888992828188338,0.9569053762032638
V,0.17367249465107734,0.888992828188338,0.9569053762032638
V,0.17367249465107734,0.8893046460866854,0.9569053762032638
V,0.17380216550323097,0.8893046460866854,0.9569053762032638
V,0.17380216550323097,0.8896164639850327,0.9569053762032638
V,0.17410473082492273,0.8896164639850327,0.9569053762032638
V,0.17410473082492273,0.8899282818833801,0.9569053762032638
V,0.1752069330682285,0.8899282818833801,0.9569053762032638
V,0.1752069330682285,0.8902400997817275,0.9569053762032638
V,0.1756175574333816,0.8902400997817275,0.9569053762032638
V,0.1756175574333816,0.8905519176800748,0.9569053762032638
V,0.178297421711223,0.8905519176800748,0.9569053762032638
V,0.178297421711223,0.8908637355784222,0.9569053762032638
V,0.17937801214583649,0.8908637355784222,0.9569053762032638
V,0.17937801214583649,0.8911755534767696,0.9569053762032638
V,0.18143113397160207,0.8911755534767696,0.9569053762032638
V,0.18143113397160207,0.8914873713751169,0.9569053762032638
V,0.18229560631929287,0.8914873713751169,0.9569053762032638
V,0.18229560631929287,0.8917991892734642,0.9569053762032638
V,0.18261978344967691,0.8917991892734642,0.9569053762032638
V,0.18261978344967691,0.8921110071718117,0.9569053762032638
V,0.1827710661105228,0.8921110071718117,0.9569053762032638
V,0.1827710661105228,0.892422825070159,0.9569053762032638
V,0.1834194203712909,0.892422825070159,0.9569053762032638
V,0.1834194203712909,0.8927346429685064,0.9569053762032638
V,0.18577510751874823,0.8927346429685064,0.9569053762032638
V,0.18577510751874823,0.8930464608668538,0.9569053762032638
V,0.1867260271012081,0.8930464608668538,0.9569053762032638
V,0.1867260271012081,0.8933582787652011,0.9569053762032638
V,0.1871582632750535,0.8933582787652011,0.9569053762032638
V,0.1871582632750535,0.8936700966635485,0.9569053762032638
V,0.18804434743143653,0.8936700966635485,0.9569053762032638
V,0.18804434743143653,0.8939819145618959,0.9569053762032638
V,0.18819563009228243,0.8939819145618959,0.9569053762032638
V,0.18819563009228243,0.8942937324602432,0.9569053762032638
V,0.18845497179658965,0.8942937324602432,0.9569053762032638
V,0.18845497179658965,0.8946055503585906,0.9569053762032638
V,0.18908171424866546,0.8946055503585906,0.9569053762032638
V,0.18908171424866546,0.8949173682569379,0.9569053762032638
V,0.19001102202243306,0.8949173682569379,0.9569053762032638
V,0.19001102202243306,0.8952291861552854,0.9569053762032638
V,0.19009746925720214,0.8952291861552854,0.9569053762032638
V,0.19009746925720214,0.8955410040536327,0.9569053762032638
V,0.19078904713535474,0.8955410040536327,0.9569053762032638
V,0.19078904713535474,0.89585282195198,0.9569053762032638
V,0.1926692744915822,0.89585282195198,0.9569053762032638
V,0.1926692744915822,0.8961646398503275,0.9569053762032638
V,0.19597588122149942,0.8961646398503275,0.9569053762032638
V,0.19597588122149942,0.8967882756470221,0.9569053762032638
V,0.1962784465431912,0.8967882756470221,0.9569053762032638
V,0.1962784465431912,0.8971000935453695,0.9569053762032638
V,0.19679712995180568,0.8971000935453695,0.9569053762032638
V,0.19679712995180568,0.8974119114437169,0.9569053762032638
V,0.1993257115688012,0.8974119114437169,0.9569053762032638
V,0.1993257115688012,0.8977237293420642,0.9569053762032638
V,0.19949860603833935,0.8977237293420642,0.9569053762032638
V,0.19949860603833935,0.8980355472404116,0.9569053762032638
V,0.1995418296557239,0.8980355472404116,0.9569053762032638
V,0.1995418296557239,0.898347365138759,0.9569053762032638
V,0.20120593892502864,0.898347365138759,0.9569053762032638
V,0.20120593892502864,0.8986591830371063,0.9569053762032638
V,0.20226491755094983,0.8986591830371063,0.9569053762032638
V,0.20226491755094983,0.8989710009354537,0.9569053762032638
V,0.20280521276825658,0.8989710009354537,0.9569053762032638
V,0.20280521276825658,0.899282818833801,0.9569053762032638
V,0.20310777808994834,0.899282818833801,0.9569053762032638
V,0.20310777808994834,0.8995946367321485,0.9569053762032638
V,0.20319422532471743,0.8995946367321485,0.9569053762032638
V,0.20319422532471743,0.8999064546304958,0.9569053762032638
V,0.20557152428086706,0.8999064546304958,0.9569053762032638
V,0.20557152428086706,0.9002182725288431,0.9569053762032638
V,0.2061982667329429,0.9002182725288431,0.9569053762032638
V,0.2061982667329429,0.9005300904271906,0.9569053762032638
V,0.20790559961963218,0.9005300904271906,0.9569053762032638
V,0.20790559961963218,0.9008419083255379,0.9569053762032638
V,0.20814332951524714,0.9008419083255379,0.9569053762032638
V,0.20814332951524714,0.9011537262238852,0.9569053762032638
V,0.20870523654124615,0.9011537262238852,0.9569053762032638
V,0.20870523654124615,0.9014655441222326,0.9569053762032638
V,0.20911586090639925,0.9014655441222326,0.9569053762032638
V,0.20911586090639925,0.90177736202058,0.9569053762032638
V,0.2092887553759374,0.90177736202058,0.9569053762032638
V,0.2092887553759374,0.9020891799189273,0.9569053762032638
V,0.2100235568714746,0.9020891799189273,0.9569053762032638
V,0.2100235568714746,0.9024009978172747,0.9569053762032638
V,0.21123381815824166,0.9024009978172747,0.9569053762032638
V,0.21123381815824166,0.9027128157156221,0.9569053762032638
V,0.2116228307147025,0.9027128157156221,0.9569053762032638
V,0.2116228307147025,0.9030246336139695,0.9569053762032638
V,0.21168766614077933,0.9030246336139695,0.9569053762032638
V,0.21168766614077933,0.9033364515123168,0.9569053762032638
V,0.2123360204015474,0.9033364515123168,0.9569053762032638
V,0.2123360204015474,0.9036482694106641,0.9569053762032638
V,0.21313565732316136,0.9036482694106641,0.9569053762032638
V,0.21313565732316136,0.9039600873090116,0.9569053762032638
V,0.21328693998400727,0.9039600873090116,0.9569053762032638
V,0.21328693998400727,0.9042719052073589,0.9569053762032638
V,0.2133949990274686,0.9042719052073589,0.9569053762032638
V,0.2133949990274686,0.9045837231057062,0.9569053762032638
V,0.21352466987962224,0.9045837231057062,0.9569053762032638
V,0.21352466987962224,0.9048955410040537,0.9569053762032638
V,0.21423785956646713,0.9048955410040537,0.9569053762032638
V,0.21423785956646713,0.905207358902401,0.9569053762032638
V,0.21577229798361824,0.905207358902401,0.9569053762032638
V,0.21577229798361824,0.9055191768007483,0.9569053762032638
V,0.21585874521838733,0.9055191768007483,0.9569053762032638
V,0.21585874521838733,0.9058309946990958,0.9569053762032638
V,0.21592358064446412,0.9058309946990958,0.9569053762032638
V,0.21592358064446412,0.9061428125974431,0.9569053762032638
V,0.21667999394869356,0.9061428125974431,0.9569053762032638
V,0.21667999394869356,0.9064546304957904,0.9569053762032638
V,0.21741479544423073,0.9064546304957904,0.9569053762032638
V,0.21741479544423073,0.9067664483941378,0.9569053762032638
V,0.21760930172246115,0.9067664483941378,0.9569053762032638
V,0.21760930172246115,0.9070782662924852,0.9569053762032638
V,0.21789025523546066,0.9070782662924852,0.9569053762032638
V,0.21789025523546066,0.9073900841908326,0.9569053762032638
V,0.21823604417453696,0.9073900841908326,0.9569053762032638
V,0.21823604417453696,0.9077019020891799,0.9569053762032638
V,0.21853860949622875,0.9077019020891799,0.9569053762032638
V,0.21853860949622875,0.9080137199875273,0.9569053762032638
V,0.21894923386138185,0.9080137199875273,0.9569053762032638
V,0.21894923386138185,0.9083255378858747,0.9569053762032638
V,0.2191869637569968,0.9083255378858747,0.9569053762032638
V,0.2191869637569968,0.908637355784222,0.9569053762032638
V,0.21994337706122624,0.908637355784222,0.9569053762032638
V,0.21994337706122624,0.9089491736825693,0.9569053762032638
V,0.22028916600030257,0.9089491736825693,0.9569053762032638
V,0.22028916600030257,0.9092609915809168,0.9569053762032638
V,0.22108880292191654,0.9092609915809168,0.9569053762032638
V,0.22108880292191654,0.9095728094792641,0.9569053762032638
V,0.22169393356530007,0.9095728094792641,0.9569053762032638
V,0.22169393356530007,0.9098846273776114,0.9569053762032638
V,0.22206133431306865,0.9098846273776114,0.9569053762032638
V,0.22206133431306865,0.9101964452759589,0.9569053762032638
V,0.22292580666075945,0.9101964452759589,0.9569053762032638
V,0.22292580666075945,0.9105082631743062,0.9569053762032638
V,0.22413606794752652,0.9105082631743062,0.9569053762032638
V,0.22413606794752652,0.9108200810726536,0.9569053762032638
V,0.2245034686952951,0.9108200810726536,0.9569053762032638
V,0.2245034686952951,0.9111318989710009,0.9569053762032638
V,0.22532471742560134,0.9111318989710009,0.9569053762032638
V,0.22532471742560134,0.9114437168693483,0.9569053762032638
V,0.22541116466037042,0.9114437168693483,0.9569053762032638
V,0.22541116466037042,0.9117555347676957,0.9569053762032638
V,0.22551922370383176,0.9117555347676957,0.9569053762032638
V,0.22551922370383176,0.912067352666043,0.9569053762032638
V,0.22618918977329214,0.912067352666043,0.9569053762032638
V,0.22618918977329214,0.9123791705643904,0.9569053762032638
V,0.2262108015819844,0.9123791705643904,0.9569053762032638
V,0.2262108015819844,0.9126909884627378,0.9569053762032638
V,0.2262756370080612,0.9126909884627378,0.9569053762032638
V,0.2262756370080612,0.9130028063610851,0.9569053762032638
V,0.22750751010352058,0.9130028063610851,0.9569053762032638
V,0.22750751010352058,0.9133146242594324,0.9569053762032638
V,0.2284800414946727,0.9133146242594324,0.9569053762032638
V,0.2284800414946727,0.9136264421577799,0.9569053762032638
V,0.22886905405113353,0.9136264421577799,0.9569053762032638
V,0.22886905405113353,0.9139382600561272,0.9569053762032638
V,0.2289771130945949,0.9139382600561272,0.9569053762032638
V,0.2289771130945949,0.9142500779544745,0.9569053762032638
V,0.22902033671197944,0.9142500779544745,0.9569053762032638
V,0.22902033671197944,0.914561895852822,0.9569053762032638
V,0.23170020098982083,0.914561895852822,0.9569053762032638
V,0.23170020098982083,0.9148737137511693,0.9569053762032638
V,0.23204598992889716,0.9148737137511693,0.9569053762032638
V,0.23204598992889716,0.9151855316495167,0.9569053762032638
V,0.23273756780704977,0.9151855316495167,0.9569053762032638
V,0.23273756780704977,0.915497349547864,0.9569053762032638
V,0.23332108664174106,0.915497349547864,0.9569053762032638
V,0.23332108664174106,0.9158091674462114,0.9569053762032638
V,0.23429361803289317,0.9158091674462114,0.9569053762032638
V,0.23429361803289317,0.9161209853445588,0.9569053762032638
V,0.23453134792850813,0.9161209853445588,0.9569053762032638
V,0.23453134792850813,0.9164328032429061,0.9569053762032638
V,0.2354174320848912,0.9164328032429061,0.9569053762032638
V,0.2354174320848912,0.9167446211412535,0.9569053762032638
V,0.23546065570227573,0.9167446211412535,0.9569053762032638
V,0.23548226751096799,0.9170564390396009,0.9569053762032638
V,0.2356767737891984,0.9170564390396009,0.9569053762032638
V,0.2356767737891984,0.9173682569379482,0.9569053762032638
V,0.23578483283265977,0.9173682569379482,0.9569053762032638
V,0.23578483283265977,0.9176800748362957,0.9569053762032638
V,0.23606578634565928,0.9176800748362957,0.9569053762032638
V,0.23606578634565928,0.917991892734643,0.9569053762032638
V,0.23630351624127424,0.917991892734643,0.9569053762032638
V,0.23630351624127424,0.9183037106329903,0.9569053762032638
V,0.2363899634760433,0.9183037106329903,0.9569053762032638
V,0.2363899634760433,0.9186155285313377,0.9569053762032638
V,0.23643318709342784,0.9186155285313377,0.9569053762032638
V,0.23643318709342784,0.9189273464296851,0.9569053762032638
V,0.23651963432819692,0.9189273464296851,0.9569053762032638
V,0.23651963432819692,0.9192391643280324,0.9569053762032638
V,0.23721121220634955,0.9192391643280324,0.9569053762032638
V,0.23721121220634955,0.9195509822263798,0.9569053762032638
V,0.2376650601888872,0.9195509822263798,0.9569053762032638
V,0.2376650601888872,0.9198628001247272,0.9569053762032638
V,0.23779473104104082,0.9198628001247272,0.9569053762032638
V,0.23779473104104082,0.9204864359214219,0.9569053762032638
V,0.2383782498757321,0.9204864359214219,0.9569053762032638
V,0.2383782498757321,0.9207982538197692,0.9569053762032638
V,0.2385943679626548,0.9207982538197692,0.9569053762032638
V,0.2385943679626548,0.9211100717181167,0.9569053762032638
V,0.23930755764949968,0.9211100717181167,0.9569053762032638
V,0.23930755764949968,0.921421889616464,0.9569053762032638
V,0.23939400488426876,0.921421889616464,0.9569053762032638
V,0.23939400488426876,0.9217337075148113,0.9569053762032638
V,0.2394372285016533,0.9217337075148113,0.9569053762032638
V,0.2394372285016533,0.9220455254131588,0.9569053762032638
V,0.24017202999719048,0.9220455254131588,0.9569053762032638
V,0.24017202999719048,0.9223573433115061,0.9569053762032638
V,0.2410797259622658,0.9223573433115061,0.9569053762032638
V,0.2410797259622658,0.9226691612098534,0.9569053762032638
V,0.24116617319703487,0.9226691612098534,0.9569053762032638
V,0.24116617319703487,0.9229809791082008,0.9569053762032638
V,0.2416416329882648,0.9229809791082008,0.9569053762032638
V,0.2416416329882648,0.9236046149048955,0.9569053762032638
V,0.24211709277949472,0.9236046149048955,0.9569053762032638
V,0.24211709277949472,0.9239164328032429,0.9569053762032638
V,0.2423548226751097,0.9239164328032429,0.9569053762032638
V,0.2423548226751097,0.9242282507015903,0.9569053762032638
V,0.2428951178924164,0.9242282507015903,0.9569053762032638
V,0.2428951178924164,0.9245400685999376,0.9569053762032638
V,0.2441702146052603,0.9245400685999376,0.9569053762032638
V,0.2441702146052603,0.924851886498285,0.9569053762032638
V,0.24507791057033562,0.924851886498285,0.9569053762032638
V,0.24507791057033562,0.9251637043966323,0.9569053762032638
V,0.24522919323118153,0.9251637043966323,0.9569053762032638
V,0.24522919323118153,0.9254755222949798,0.9569053762032638
V,0.24605044196148776,0.9254755222949798,0.9569053762032638
V,0.24605044196148776,0.9257873401933271,0.9569053762032638
V,0.246871690691794,0.9257873401933271,0.9569053762032638
V,0.246871690691794,0.9260991580916744,0.9569053762032638
V,0.24710942058740895,0.9260991580916744,0.9569053762032638
V,0.24710942058740895,0.9264109759900219,0.9569053762032638
V,0.24717425601348578,0.9264109759900219,0.9569053762032638
V,0.24717425601348578,0.9267227938883692,0.9569053762032638
V,0.2477145512307925,0.9267227938883692,0.9569053762032638
V,0.2477145512307925,0.9270346117867165,0.9569053762032638
V,0.24810356378725335,0.9270346117867165,0.9569053762032638
V,0.24810356378725335,0.927346429685064,0.9569053762032638
V,0.24831968187417605,0.927346429685064,0.9569053762032638
V,0.24831968187417605,0.9279700654817586,0.9569053762032638
V,0.24940027230878953,0.9279700654817586,0.9569053762032638
V,0.24940027230878953,0.928281883380106,0.9569053762032638
V,0.24944349592617407,0.928281883380106,0.9569053762032638
V,0.24944349592617407,0.9285937012784534,0.9569053762032638
V,0.24972444943917357,0.9285937012784534,0.9569053762032638
V,0.24972444943917357,0.9289055191768008,0.9569053762032638
V,0.2503944155086339,0.9289055191768008,0.9569053762032638
V,0.2503944155086339,0.9292173370751481,0.9569053762032638
V,0.2509563225346329,0.9292173370751481,0.9569053762032638
V,0.2509563225346329,0.9298409728718429,0.9569053762032638
V,0.2522530310561691,0.9298409728718429,0.9569053762032638
V,0.2522530310561691,0.9301527907701902,0.9569053762032638
V,0.25292299712562943,0.9301527907701902,0.9569053762032638
V,0.25292299712562943,0.9304646086685375,0.9569053762032638
V,0.2534200687255516,0.9304646086685375,0.9569053762032638
V,0.2534200687255516,0.930776426566885,0.9569053762032638
V,0.25348490415162844,0.930776426566885,0.9569053762032638
V,0.25348490415162844,0.9310882444652323,0.9569053762032638
V,0.25396036394285837,0.9310882444652323,0.9569053762032638
V,0.25396036394285837,0.9314000623635796,0.9569053762032638
V,0.2543061528819347,0.9314000623635796,0.9569053762032638
V,0.2543061528819347,0.9317118802619271,0.9569053762032638
V,0.2543926001167038,0.9317118802619271,0.9569053762032638
V,0.2543926001167038,0.9320236981602744,0.9569053762032638
V,0.2549328953340105,0.9320236981602744,0.9569053762032638
V,0.2549328953340105,0.9323355160586217,0.9569053762032638
V,0.2551922370383177,0.9323355160586217,0.9569053762032638
V,0.2551922370383177,0.9326473339569691,0.9569053762032638
V,0.25553802597739406,0.9326473339569691,0.9569053762032638
V,0.25553802597739406,0.9329591518553165,0.9569053762032638
V,0.2559702621512394,0.9329591518553165,0.9569053762032638
V,0.2559702621512394,0.9332709697536639,0.9569053762032638
V,0.256013485768624,0.9332709697536639,0.9569053762032638
V,0.256013485768624,0.9335827876520112,0.9569053762032638
V,0.25616476842946984,0.9335827876520112,0.9569053762032638
V,0.25616476842946984,0.9338946055503586,0.9569053762032638
V,0.2562512156642389,0.9338946055503586,0.9569053762032638
V,0.2562512156642389,0.934206423448706,0.9569053762032638
V,0.25743986514231376,0.934206423448706,0.9569053762032638
V,0.25743986514231376,0.9345182413470533,0.9569053762032638
V,0.25759114780315967,0.9345182413470533,0.9569053762032638
V,0.25759114780315967,0.9348300592454006,0.9569053762032638
V,0.25785048950746686,0.9348300592454006,0.9569053762032638
V,0.25785048950746686,0.9351418771437481,0.9569053762032638
V,0.26007650580277064,0.9351418771437481,0.9569053762032638
V,0.26007650580277064,0.9354536950420954,0.9569053762032638
V,0.26068163644615416,0.9354536950420954,0.9569053762032638
V,0.26068163644615416,0.9357655129404427,0.9569053762032638
V,0.2609409781504614,0.9357655129404427,0.9569053762032638
V,0.2609409781504614,0.9360773308387902,0.9569053762032638
V,0.26128676708953774,0.9360773308387902,0.9569053762032638
V,0.26128676708953774,0.9363891487371375,0.9569053762032638
V,0.2613516025156145,0.9363891487371375,0.9569053762032638
V,0.2613516025156145,0.9367009666354849,0.9569053762032638
V,0.2619135095416135,0.9367009666354849,0.9569053762032638
V,0.2619135095416135,0.9370127845338322,0.9569053762032638
V,0.2619567331589981,0.9370127845338322,0.9569053762032638
V,0.2619567331589981,0.9373246024321796,0.9569053762032638
V,0.2631453826370729,0.9373246024321796,0.9569053762032638
V,0.2631453826370729,0.937636420330527,0.9569053762032638
V,0.26355600700222603,0.937636420330527,0.9569053762032638
V,0.26355600700222603,0.9379482382288743,0.9569053762032638
V,0.26457176201076266,0.9379482382288743,0.9569053762032638
V,0.26457176201076266,0.9382600561272217,0.9569053762032638
V,0.2652849516976076,0.9382600561272217,0.9569053762032638
V,0.2652849516976076,0.9385718740255691,0.9569053762032638
V,0.26530656350629983,0.9385718740255691,0.9569053762032638
V,0.26530656350629983,0.9388836919239164,0.9569053762032638
V,0.26751096799291135,0.9388836919239164,0.9569053762032638
V,0.26751096799291135,0.9391955098222639,0.9569053762032638
V,0.2690237946013702,0.9391955098222639,0.9569053762032638
V,0.2690237946013702,0.9395073277206112,0.9569053762032638
V,0.2692399126882929,0.9395073277206112,0.9569053762032638
V,0.2692399126882929,0.9398191456189585,0.9569053762032638
V,0.26934797173175423,0.9398191456189585,0.9569053762032638
V,0.26934797173175423,0.9401309635173059,0.9569053762032638
V,0.27006116141859915,0.9401309635173059,0.9569053762032638
V,0.27006116141859915,0.9407545993140006,0.9569053762032638
V,0.2700827732272914,0.9407545993140006,0.9569053762032638
V,0.2700827732272914,0.941066417212348,0.9569053762032638
V,0.2721142832443647,0.941066417212348,0.9569053762032638
V,0.2721142832443647,0.9413782351106954,0.9569053762032638
V,0.27224395409651836,0.9413782351106954,0.9569053762032638
V,0.27224395409651836,0.9416900530090427,0.9569053762032638
V,0.2735622744267468,0.9416900530090427,0.9569053762032638
V,0.2735622744267468,0.9420018709073901,0.9569053762032638
V,0.27714983466966353,0.9420018709073901,0.9569053762032638
V,0.27714983466966353,0.9423136888057374,0.9569053762032638
V,0.2777765771217393,0.9423136888057374,0.9569053762032638
V,0.2777765771217393,0.9426255067040848,0.9569053762032638
V,0.2779278597825852,0.9426255067040848,0.9569053762032638
V,0.2779278597825852,0.9429373246024322,0.9569053762032638
V,0.2786410494694301,0.9429373246024322,0.9569053762032638
V,0.2786410494694301,0.9432491425007795,0.9569053762032638
V,0.2791597328780446,0.9432491425007795,0.9569053762032638
V,0.2791597328780446,0.943560960399127,0.9569053762032638
V,0.2795487454345054,0.943560960399127,0.9569053762032638
V,0.2795487454345054,0.9438727782974743,0.9569053762032638
V,0.28006742884311986,0.9438727782974743,0.9569053762032638
V,0.28006742884311986,0.9441845961958216,0.9569053762032638
V,0.2803699941648117,0.9441845961958216,0.9569053762032638
V,0.2803699941648117,0.9448082319925164,0.9569053762032638
V,0.28045644139958076,0.9448082319925164,0.9569053762032638
V,0.28045644139958076,0.9451200498908637,0.9569053762032638
V,0.281039960234272,0.9451200498908637,0.9569053762032638
V,0.281039960234272,0.9454318677892111,0.9569053762032638
V,0.2816234790689633,0.9454318677892111,0.9569053762032638
V,0.2816234790689633,0.9457436856875585,0.9569053762032638
V,0.28177476172980914,0.9457436856875585,0.9569053762032638
V,0.28177476172980914,0.9460555035859058,0.9569053762032638
V,0.283287588338268,0.9460555035859058,0.9569053762032638
V,0.283287588338268,0.9463673214842532,0.9569053762032638
V,0.28434656696418925,0.9463673214842532,0.9569053762032638
V,0.28434656696418925,0.9466791393826005,0.9569053762032638
V,0.28438979058157376,0.9466791393826005,0.9569053762032638
V,0.28438979058157376,0.946990957280948,0.9569053762032638
V,0.2852974865466491,0.946990957280948,0.9569053762032638
V,0.2852974865466491,0.9473027751792953,0.9569053762032638
V,0.2853623219727259,0.9473027751792953,0.9569053762032638
V,0.2853623219727259,0.9476145930776426,0.9569053762032638
V,0.28709126666810747,0.9476145930776426,0.9569053762032638
V,0.28709126666810747,0.9479264109759901,0.9569053762032638
V,0.2871128784767997,0.9479264109759901,0.9569053762032638
V,0.2871128784767997,0.9482382288743374,0.9569053762032638
V,0.28767478550279874,0.9482382288743374,0.9569053762032638
V,0.28767478550279874,0.9485500467726847,0.9569053762032638
V,0.2881286334853364,0.9485500467726847,0.9569053762032638
V,0.2881286334853364,0.9488618646710321,0.9569053762032638
V,0.28815024529402866,0.9488618646710321,0.9569053762032638
V,0.28815024529402866,0.9491736825693795,0.9569053762032638
V,0.2882150807201055,0.9491736825693795,0.9569053762032638
V,0.2882150807201055,0.9494855004677268,0.9569053762032638
V,0.28871215232002767,0.9494855004677268,0.9569053762032638
V,0.28871215232002767,0.9497973183660742,0.9569053762032638
V,0.28907955306779626,0.9497973183660742,0.9569053762032638
V,0.28907955306779626,0.9501091362644216,0.9569053762032638
V,0.28990080179810246,0.9501091362644216,0.9569053762032638
V,0.28990080179810246,0.950420954162769,0.9569053762032638
V,0.29091655680663914,0.950420954162769,0.9569053762032638
V,0.29091655680663914,0.9507327720611163,0.9569053762032638
V,0.2913055693631,0.9507327720611163,0.9569053762032638
V,0.2913055693631,0.9510445899594637,0.9569053762032638
V,0.2926238896933284,0.9510445899594637,0.9569053762032638
V,0.2926238896933284,0.9513564078578111,0.9569053762032638
V,0.2929048432063279,0.9513564078578111,0.9569053762032638
V,0.2929048432063279,0.9516682257561584,0.9569053762032638
V,0.29353158565840376,0.9516682257561584,0.9569053762032638
V,0.29353158565840376,0.9519800436545057,0.9569053762032638
V,0.29446089343217136,0.9519800436545057,0.9569053762032638
V,0.29446089343217136,0.9522918615528532,0.9569053762032638
V,0.2947634587538631,0.9522918615528532,0.9569053762032638
V,0.2947634587538631,0.9529154973495478,0.9569053762032638
V,0.29480668237124763,0.9529154973495478,0.9569053762032638
V,0.29480668237124763,0.9532273152478953,0.9569053762032638
V,0.29523891854509304,0.9532273152478953,0.9569053762032638
V,0.29523891854509304,0.9535391331462426,0.9569053762032638
V,0.2953253657798621,0.9535391331462426,0.9569053762032638
V,0.2953253657798621,0.95385095104459,0.9569053762032638
V,0.2957576019537075,0.95385095104459,0.9569053762032638
V,0.2957576019537075,0.9541627689429373,0.9569053762032638
V,0.2957792137623998,0.9541627689429373,0.9569053762032638
V,0.2957792137623998,0.954786404739632,0.9569053762032638
V,0.2958656609971689,0.954786404739632,0.9569053762032638
V,0.2958656609971689,0.9550982226379794,0.9569053762032638
V,0.29649240344924466,0.9550982226379794,0.9569053762032638
V,0.29649240344924466,0.9554100405363268,0.9569053762032638
V,0.30131183678762075,0.9554100405363268,0.9569053762032638
V,0.30131183678762075,0.9557218584346742,0.9569053762032638
V,0.301895355622312,0.9557218584346742,0.9569053762032638
V,0.301895355622312,0.9560336763330215,0.9569053762032638
V,0.30200341466577335,0.9560336763330215,0.9569053762032638
V,0.30200341466577335,0.9563454942313688,0.9569053762032638
V,0.30211147370923475,0.9563454942313688,0.9569053762032638
V,0.30211147370923475,0.9566573121297163,0.9569053762032638
V,0.30323528776123276,0.9566573121297163,0.9569053762032638
V,0.30323528776123276,0.9569691300280636,0.9569053762032638
V,0.30349462946553996,0.9569691300280636,0.9569053762032638
V,0.30349462946553996,0.9572809479264109,0.9569053762032638
V,0.30507229150007564,0.9572809479264109,0.9569053762032638
V,0.30507229150007564,0.9575927658247584,0.9569053762032638
V,0.3051587387348447,0.9575927658247584,0.9569053762032638
V,0.3051587387348447,0.9579045837231057,0.9569053762032638
V,0.3052451859696138,0.9579045837231057,0.9569053762032638
V,0.3052451859696138,0.958216401621453,0.9569053762032638
V,0.3062393291694582,0.958216401621453,0.9569053762032638
V,0.3062393291694582,0.9585282195198004,0.9569053762032638
V,0.30660672991722676,0.9585282195198004,0.9569053762032638
V,0.30660672991722676,0.9588400374181478,0.9569053762032638
V,0.3068012361954572,0.9588400374181478,0.9569053762032638
V,0.3068012361954572,0.9591518553164952,0.9569053762032638
V,0.3072766959866871,0.9591518553164952,0.9569053762032638
V,0.3072766959866871,0.9594636732148425,0.9569053762032638
V,0.30803310929091654,0.9594636732148425,0.9569053762032638
V,0.30803310929091654,0.9597754911131899,0.9569053762032638
V,0.3084221218473774,0.9597754911131899,0.9569053762032638
V,0.3084221218473774,0.9600873090115373,0.9569053762032638
V,0.3084437336560697,0.9600873090115373,0.9569053762032638
V,0.3084437336560697,0.9603991269098846,0.9569053762032638
V,0.30902725249076096,0.9603991269098846,0.9569053762032638
V,0.30902725249076096,0.960710944808232,0.9569053762032638
V,0.31216096475114,0.960710944808232,0.9569053762032638
V,0.31216096475114,0.9610227627065794,0.9569053762032638
V,0.31226902379460136,0.9610227627065794,0.9569053762032638
V,0.31226902379460136,0.9613345806049267,0.9569053762032638
V,0.3132631669944458,0.9613345806049267,0.9569053762032638
V,0.3132631669944458,0.961646398503274,0.9569053762032638
V,0.3137170149769834,0.961646398503274,0.9569053762032638
V,0.3137170149769834,0.9619582164016215,0.9569053762032638
V,0.314322145620367,0.9619582164016215,0.9569053762032638
V,0.314322145620367,0.9622700342999688,0.9569053762032638
V,0.31505694711590415,0.9622700342999688,0.9569053762032638
V,0.31505694711590415,0.9625818521983162,0.9569053762032638
V,0.31583497222882584,0.9625818521983162,0.9569053762032638
V,0.31583497222882584,0.9628936700966636,0.9569053762032638
V,0.31639687925482485,0.9628936700966636,0.9569053762032638
V,0.31639687925482485,0.9632054879950109,0.9569053762032638
V,0.31667783276782435,0.9632054879950109,0.9569053762032638
V,0.31672105638520887,0.9632054879950109,0.9569053762032638
V,0.31927124981089666,0.9632054879950109,0.9569053762032638
V,0.31927124981089666,0.9635173058933583,0.9569053762032638
V,0.3198115450282034,0.9635173058933583,0.9569053762032638
V,0.3198115450282034,0.9638291237917056,0.9569053762032638
V,0.32024378120204877,0.9638291237917056,0.9569053762032638
V,0.32024378120204877,0.964140941690053,0.9569053762032638
V,0.32028700481943334,0.964140941690053,0.9569053762032638
V,0.32028700481943334,0.9644527595884004,0.9569053762032638
V,0.3210866417410473,0.9644527595884004,0.9569053762032638
V,0.3210866417410473,0.9647645774867477,0.9569053762032638
V,0.32162693695835404,0.9647645774867477,0.9569053762032638
V,0.32162693695835404,0.9650763953850952,0.9569053762032638
V,0.3219295022800458,0.9650763953850952,0.9569053762032638
V,0.3219295022800458,0.9653882132834425,0.9569053762032638
V,0.3219943377061226,0.9653882132834425,0.9569053762032638
V,0.3219943377061226,0.9657000311817898,0.9569053762032638
V,0.3220807849408917,0.9657000311817898,0.9569053762032638
V,0.3220807849408917,0.9660118490801372,0.9569053762032638
V,0.32404745953188824,0.9660118490801372,0.9569053762032638
V,0.32404745953188824,0.9663236669784846,0.9569053762032638
V,0.32489032007088675,0.9663236669784846,0.9569053762032638
V,0.32489032007088675,0.9666354848768319,0.9569053762032638
V,0.32493354368827126,0.9666354848768319,0.9569053762032638
V,0.32493354368827126,0.9669473027751793,0.9569053762032638
V,0.3249983791143481,0.9669473027751793,0.9569053762032638
V,0.3249983791143481,0.9672591206735267,0.9569053762032638
V,0.3256467333751162,0.9672591206735267,0.9569053762032638
V,0.3256467333751162,0.967570938571874,0.9569053762032638
V,0.32679215923580646,0.967570938571874,0.9569053762032638
V,0.32679215923580646,0.9678827564702214,0.9569053762032638
V,0.32776469062695857,0.9678827564702214,0.9569053762032638
V,0.32776469062695857,0.9681945743685687,0.9569053762032638
V,0.3288020574441875,0.9681945743685687,0.9569053762032638
V,0.32884528106157207,0.9681945743685687,0.9569053762032638
V,0.32938557627887877,0.9681945743685687,0.9569053762032638
V,0.32938557627887877,0.9685063922669161,0.9569053762032638
V,0.32990425968749326,0.9685063922669161,0.9569053762032638
V,0.32990425968749326,0.9688182101652635,0.9569053762032638
V,0.33165481619156706,0.9688182101652635,0.9569053762032638
V,0.33165481619156706,0.9691300280636108,0.9569053762032638
V,0.3326057357740269,0.9691300280636108,0.9569053762032638
V,0.3326057357740269,0.9694418459619583,0.9569053762032638
V,0.332692183008796,0.9694418459619583,0.9569053762032638
V,0.332692183008796,0.9697536638603056,0.9569053762032638
V,0.3330379719478723,0.9697536638603056,0.9569053762032638
V,0.3330379719478723,0.9700654817586529,0.9569053762032638
V,0.3337727734434095,0.9700654817586529,0.9569053762032638
V,0.3337727734434095,0.9703772996570003,0.9569053762032638
V,0.3343130686607162,0.9703772996570003,0.9569053762032638
V,0.3343130686607162,0.9706891175553477,0.9569053762032638
V,0.3348965874954075,0.9706891175553477,0.9569053762032638
V,0.3348965874954075,0.971000935453695,0.9569053762032638
V,0.33684165027771173,0.971000935453695,0.9569053762032638
V,0.33684165027771173,0.9713127533520424,0.9569053762032638
V,0.3373387218776339,0.9713127533520424,0.9569053762032638
V,0.3373387218776339,0.9716245712503898,0.9569053762032638
V,0.33820319422532474,0.9716245712503898,0.9569053762032638
V,0.33820319422532474,0.9719363891487371,0.9569053762032638
V,0.3399753625380908,0.9719363891487371,0.9569053762032638
V,0.3399753625380908,0.9722482070470845,0.9569053762032638
V,0.34237427330293274,0.9722482070470845,0.9569053762032638
V,0.34237427330293274,0.9725600249454319,0.9569053762032638
V,0.3432387456506235,0.9725600249454319,0.9569053762032638
V,0.3432387456506235,0.9728718428437793,0.9569053762032638
V,0.34356292278100753,0.9728718428437793,0.9569053762032638
V,0.34356292278100753,0.9731836607421266,0.9569053762032638
V,0.3453567029024659,0.9731836607421266,0.9569053762032638
V,0.3453567029024659,0.9734954786404739,0.9569053762032638
V,0.3457241036502345,0.9734954786404739,0.9569053762032638
V,0.3457241036502345,0.9738072965388214,0.9569053762032638
V,0.3461563398240799,0.9738072965388214,0.9569053762032638
V,0.3461563398240799,0.9741191144371687,0.9569053762032638
V,0.34617795163277215,0.9741191144371687,0.9569053762032638
V,0.34617795163277215,0.974430932335516,0.9569053762032638
V,0.3478420609020769,0.974430932335516,0.9569053762032638
V,0.3478420609020769,0.9747427502338635,0.9569053762032638
V,0.3496790646409198,0.9747427502338635,0.9569053762032638
V,0.3496790646409198,0.9750545681322108,0.9569053762032638
V,0.3536556374402974,0.9750545681322108,0.9569053762032638
V,0.3536988610576819,0.9750545681322108,0.9569053762032638
V,0.35581681830952433,0.9750545681322108,0.9569053762032638
V,0.35581681830952433,0.9753663860305581,0.9569053762032638
V,0.3559464891616779,0.9753663860305581,0.9569053762032638
V,0.3559464891616779,0.9756782039289055,0.9569053762032638
V,0.35657323161375376,0.9756782039289055,0.9569053762032638
V,0.35657323161375376,0.9759900218272529,0.9569053762032638
V,0.3620626310215902,0.9759900218272529,0.9569053762032638
V,0.3620626310215902,0.9763018397256003,0.9569053762032638
V,0.3638780229517408,0.9763018397256003,0.9569053762032638
V,0.3638780229517408,0.976925475522295,0.9569053762032638
V,0.36450476540381666,0.976925475522295,0.9569053762032638
V,0.36450476540381666,0.9772372934206424,0.9569053762032638
V,0.3645263772125089,0.9772372934206424,0.9569053762032638
V,0.3645263772125089,0.9775491113189897,0.9569053762032638
V,0.3648073307255084,0.9775491113189897,0.9569053762032638
V,0.3648073307255084,0.977860929217337,0.9569053762032638
V,0.36580147392535284,0.977860929217337,0.9569053762032638
V,0.36580147392535284,0.9781727471156845,0.9569053762032638
V,0.3674007477685807,0.9781727471156845,0.9569053762032638
V,0.3674007477685807,0.9784845650140318,0.9569053762032638
V,0.36774653670765706,0.9784845650140318,0.9569053762032638
V,0.36774653670765706,0.9787963829123791,0.9569053762032638
V,0.37100991982018977,0.9787963829123791,0.9569053762032638
V,0.37100991982018977,0.9791082008107266,0.9569053762032638
V,0.3714853796114197,0.9791082008107266,0.9569053762032638
V,0.3714853796114197,0.9794200187090739,0.9569053762032638
V,0.3719392275939573,0.9794200187090739,0.9569053762032638
V,0.3719392275939573,0.9797318366074212,0.9569053762032638
V,0.3779689222191005,0.9797318366074212,0.9569053762032638
V,0.3779689222191005,0.9800436545057686,0.9569053762032638
V,0.3806703983056342,0.9800436545057686,0.9569053762032638
V,0.3806703983056342,0.980355472404116,0.9569053762032638
V,0.38170776512286314,0.980355472404116,0.9569053762032638
V,0.38170776512286314,0.9806672903024634,0.9569053762032638
V,0.383782498757321,0.9806672903024634,0.9569053762032638
V,0.383782498757321,0.9809791082008107,0.9569053762032638
V,0.38490631280931903,0.9809791082008107,0.9569053762032638
V,0.38490631280931903,0.9812909260991581,0.9569053762032638
V,0.3875861770871604,0.9812909260991581,0.9569053762032638
V,0.387629400704545,0.9812909260991581,0.9569053762032638
V,0.3889477210347734,0.9812909260991581,0.9569053762032638
V,0.3889477210347734,0.9816027439975055,0.9569053762032638
V,0.39683603120745176,0.9816027439975055,0.9569053762032638
V,0.39683603120745176,0.9819145618958528,0.9569053762032638
V,0.39711698472045126,0.9819145618958528,0.9569053762032638
V,0.39711698472045126,0.9822263797942001,0.9569053762032638
V,0.3985217522854488,0.9822263797942001,0.9569053762032638
V,0.3985217522854488,0.9825381976925476,0.9569053762032638
V,0.40388148084113157,0.9825381976925476,0.9569053762032638
V,0.40388148084113157,0.9828500155908949,0.9569053762032638
V,0.40736098204058696,0.9828500155908949,0.9569053762032638
V,0.40736098204058696,0.9831618334892422,0.9569053762032638
V,0.40943571567504483,0.9831618334892422,0.9569053762032638
V,0.40943571567504483,0.9834736513875897,0.9569053762032638
V,0.41014890536188975,0.9834736513875897,0.9569053762032638
V,0.41014890536188975,0.983785469285937,0.9569053762032638
V,0.41764820297810723,0.983785469285937,0.9569053762032638
V,0.41764820297810723,0.9840972871842844,0.9569053762032638
V,0.4190313587344125,0.9840972871842844,0.9569053762032638
V,0.4190313587344125,0.9844091050826318,0.9569053762032638
V,0.41918264139525835,0.9844091050826318,0.9569053762032638
V,0.41918264139525835,0.9847209229809791,0.9569053762032638
V,0.41998227831687235,0.9847209229809791,0.9569053762032638
V,0.41998227831687235,0.9850327408793265,0.9569053762032638
V,0.4226405307860215,0.9850327408793265,0.9569053762032638
V,0.4226405307860215,0.9853445587776738,0.9569053762032638
V,0.43022627563700805,0.9853445587776738,0.9569053762032638
V,0.43022627563700805,0.9856563766760212,0.9569053762032638
V,0.43143653692377515,0.9856563766760212,0.9569053762032638
V,0.43143653692377515,0.9859681945743686,0.9569053762032638
V,0.43969224784422206,0.9859681945743686,0.9569053762032638
V,0.43969224784422206,0.9862800124727159,0.9569053762032638
V,0.44204793499167944,0.9862800124727159,0.9569053762032638
V,0.44204793499167944,0.9865918303710633,0.9569053762032638
V,0.4443603985217523,0.9865918303710633,0.9569053762032638
V,0.4443603985217523,0.9869036482694107,0.9569053762032638
V,0.44453329299129046,0.9869036482694107,0.9569053762032638
V,0.44453329299129046,0.987215466167758,0.9569053762032638
V,0.44818568866028397,0.987215466167758,0.9569053762032638
V,0.44818568866028397,0.9875272840661053,0.9569053762032638
V,0.4674850338224806,0.9875272840661053,0.9569053762032638
V,0.4674850338224806,0.9878391019644528,0.9569053762032638
V,0.4692572021352467,0.9878391019644528,0.9569053762032638
V,0.4692572021352467,0.9881509198628001,0.9569053762032638
V,0.46979749735255344,0.9881509198628001,0.9569053762032638
V,0.46979749735255344,0.9884627377611475,0.9569053762032638
V,0.4916686477491301,0.9884627377611475,0.9569053762032638
V,0.4916686477491301,0.9887745556594949,0.9569053762032638
V,0.4942188411748179,0.9887745556594949,0.9569053762032638
V,0.49426206479220247,0.9887745556594949,0.9569053762032638
V,0.49491041905297056,0.9887745556594949,0.9569053762032638
V,0.49491041905297056,0.9890863735578422,0.9569053762032638
V,0.49998919409565384,0.9890863735578422,0.9569053762032638
V,0.49998919409565384,0.9893981914561896,0.9569053762032638
V,0.5026690583734953,0.9893981914561896,0.9569053762032638
V,0.5026690583734953,0.9897100093545369,0.9569053762032638
V,0.5118324652590175,0.9897100093545369,0.9569053762032638
V,0.5118756888764021,0.9897100093545369,0.9569053762032638
V,0.5191804802143891,0.9897100093545369,0.9569053762032638
V,0.5191804802143891,0.9900218272528843,0.9569053762032638
V,0.5297054310475243,0.9900218272528843,0.9569053762032638
V,0.5297054310475243,0.9903336451512317,0.9569053762032638
V,0.5315424347863673,0.9903336451512317,0.9569053762032638
V,0.5315856584037518,0.9903336451512317,0.9569053762032638
V,0.5327743078818267,0.9903336451512317,0.9569053762032638
V,0.5327743078818267,0.990645463049579,0.9569053762032638
V,0.5342439108729009,0.990645463049579,0.9569053762032638
V,0.5342439108729009,0.9909572809479265,0.9569053762032638
V,0.534892265133669,0.9909572809479265,0.9569053762032638
V,0.534892265133669,0.9912690988462738,0.9569053762032638
V,0.541786432106503,0.9912690988462738,0.9569053762032638
V,0.5418296557238875,0.9912690988462738,0.9569053762032638
V,0.5419161029586567,0.9912690988462738,0.9569053762032638
V,0.5419161029586567,0.9915809167446211,0.9569053762032638
V,0.547880962157723,0.9915809167446211,0.9569053762032638
V,0.547880962157723,0.9918927346429685,0.9569053762032638
V,0.5515549696354088,0.9918927346429685,0.9569053762032638
V,0.5515549696354088,0.9922045525413159,0.9569053762032638
V,0.5652352445376153,0.9922045525413159,0.9569053762032638
V,0.5652784681549999,0.9922045525413159,0.9569053762032638
V,0.5788939076311297,0.9922045525413159,0.9569053762032638
V,0.5789371312485142,0.9922045525413159,0.9569053762032638
V,0.5789587430572064,0.9922045525413159,0.9569053762032638
V,0.579001966674591,0.9922045525413159,0.9569053762032638
V,0.5845562015085043,0.9922045525413159,0.9569053762032638
V,0.5845562015085043,0.9925163704396632,0.9569053762032638
V,0.5908236260292624,0.9925163704396632,0.9569053762032638
V,0.5908236260292624,0.9928281883380106,0.9569053762032638
V,0.5968965442717901,0.9928281883380106,0.9569053762032638
V,0.5968965442717901,0.993140006236358,0.9569053762032638
V,0.5997276912104774,0.993140006236358,0.9569053762032638
V,0.5997709148278619,0.993140006236358,0.9569053762032638
V,0.6030991333664715,0.993140006236358,0.9569053762032638
V,0.6030991333664715,0.9934518241347053,0.9569053762032638
V,0.6063841282876964,0.9934518241347053,0.9569053762032638
V,0.6063841282876964,0.9937636420330527,0.9569053762032638
V,0.6073998832962331,0.9937636420330527,0.9569053762032638
V,0.6073998832962331,0.9940754599314,0.9569053762032638
V,0.6097555704436904,0.9940754599314,0.9569053762032638
V,0.609798794061075,0.9940754599314,0.9569053762032638
V,0.6126299409997623,0.9940754599314,0.9569053762032638
V,0.6126299409997623,0.9943872778297475,0.9569053762032638
V,0.6197834496769035,0.9943872778297475,0.9569053762032638
V,0.6197834496769035,0.9946990957280948,0.9569053762032638
V,0.6225713729982062,0.9946990957280948,0.9569053762032638
V,0.6225713729982062,0.9950109136264421,0.9569053762032638
V,0.6349765511875689,0.9950109136264421,0.9569053762032638
V,0.6349765511875689,0.9953227315247896,0.9569053762032638
V,0.6354087873614143,0.9953227315247896,0.9569053762032638
V,0.6354087873614143,0.9956345494231369,0.9569053762032638
V,0.6439886754122452,0.9956345494231369,0.9569053762032638
V,0.6439886754122452,0.9959463673214842,0.9569053762032638
V,0.6480300836376996,0.9959463673214842,0.9569053762032638
V,0.6480300836376996,0.9962581852198317,0.9569053762032638
V,0.6521579390979231,0.9962581852198317,0.9569053762032638
V,0.6521579390979231,0.996570003118179,0.9569053762032638
V,0.6580579628709127,0.996570003118179,0.9569053762032638
V,0.6581011864882972,0.996570003118179,0.9569053762032638
V,0.6586847053229885,0.996570003118179,0.9569053762032638
V,0.6586847053229885,0.9968818210165263,0.9569053762032638
V,0.6765792829201875,0.9968818210165263,0.9569053762032638
V,0.6765792829201875,0.9971936389148737,0.9569053762032638
V,0.7043072334723693,0.9971936389148737,0.9569053762032638
V,0.7043072334723693,0.9975054568132211,0.9569053762032638
V,0.7078299582892092,0.9975054568132211,0.9569053762032638
V,0.7078731819065938,0.9975054568132211,0.9569053762032638
V,0.7570184348728145,0.9975054568132211,0.9569053762032638
V,0.7570184348728145,0.9978172747115684,0.9569053762032638
V,0.7682997990101792,0.9978172747115684,0.9569053762032638
V,0.7682997990101792,0.9981290926099158,0.9569053762032638
V,0.7732272913920166,0.9981290926099158,0.9569053762032638
V,0.7732705150094011,0.9981290926099158,0.9569053762032638
V,0.7868211190594541,0.9981290926099158,0.9569053762032638
V,0.7868211190594541,0.9984409105082632,0.9569053762032638
V,0.7939962395452875,0.9984409105082632,0.9569053762032638
V,0.794039463162672,0.9984409105082632,0.9569053762032638
V,0.7993127444835858,0.9984409105082632,0.9569053762032638
V,0.7993127444835858,0.9987527284066106,0.9569053762032638
V,0.8069201011432647,0.9987527284066106,0.9569053762032638
V,0.8069633247606492,0.9987527284066106,0.9569053762032638
V,0.8177908409154763,0.9987527284066106,0.9569053762032638
V,0.8177908409154763,0.9990645463049579,0.9569053762032638
V,0.8399429448250524,0.9990645463049579,0.9569053762032638
V,0.8399429448250524,0.9993763642033052,0.9569053762032638
V,0.8416070540943572,0.9993763642033052,0.9569053762032638
V,0.8416070540943572,0.9996881821016527,0.9569053762032638
V,0.8504030602321109,0.9996881821016527,0.9569053762032638
V,0.8504030602321109,1.0,0.9569053762032638
V,0.8859328737222019,1.0,0.9569053762032638
V,0.8859760973395864,1.0,0.9569053762032638
V,1.0,1.0,0.9569053762032638
F,0.0,0.0,0.738443380872078
F,2.0370747606437155e-05,0.0,0.738443380872078
F,0.0024648604603788957,0.0,0.738443380872078
F,0.0024648604603788957,0.002577319587628866,0.738443380872078
F,0.016255856589936852,0.002577319587628866,0.738443380872078
F,0.016296598085149726,0.002577319587628866,0.738443380872078
F,0.041128539417396616,0.002577319587628866,0.738443380872078
F,0.041128539417396616,0.005154639175257732,0.738443380872078
F,0.060623344876756975,0.005154639175257732,0.738443380872078
F,0.060623344876756975,0.007731958762886598,0.738443380872078
F,0.07141984110816867,0.007731958762886598,0.738443380872078
F,0.07141984110816867,0.010309278350515464,0.738443380872078
F,0.07685883071908739,0.010309278350515464,0.738443380872078
F,0.07685883071908739,0.01288659793814433,0.738443380872078
F,0.08011815033611734,0.01288659793814433,0.738443380872078
F,0.08011815033611734,0.015463917525773196,0.738443380872078
F,0.0806477897738847,0.015463917525773196,0.738443380872078
F,0.08068853126909757,0.015463917525773196,0.738443380872078
F,0.08354043593399878,0.015463917525773196,0.738443380872078
F,0.08354043593399878,0.01804123711340206,0.738443380872078
F,0.08523120798533307,0.01804123711340206,0.738443380872078
F,0.08523120798533307,0.020618556701030927,0.738443380872078
F,0.08708494601751884,0.020618556701030927,0.738443380872078
F,0.08708494601751884,0.023195876288659795,0.738443380872078
F,0.08710531676512528,0.023195876288659795,0.738443380872078
F,0.08710531676512528,0.02577319587628866,0.738443380872078
F,0.08757384396007334,0.02577319587628866,0.738443380872078
F,0.08757384396007334,0.028350515463917526,0.738443380872078
F,0.08971277245874923,0.028350515463917526,0.738443380872078
F,0.08971277245874923,0.030927835051546393,0.738443380872078
F,0.09012018741087797,0.030927835051546393,0.738443380872078
F,0.09012018741087797,0.03350515463917526,0.738443380872078
F,0.09333876553269504,0.03350515463917526,0.738443380872078
F,0.09337950702790793,0.03350515463917526,0.738443380872078
F,0.09690364636382155,0.03350515463917526,0.738443380872078
F,0.09690364636382155,0.03608247422680412,0.738443380872078
F,0.10169077205133428,0.03608247422680412,0.738443380872078
F,0.10169077205133428,0.03865979381443299,0.738443380872078
F,0.10246486046037889,0.03865979381443299,0.738443380872078
F,0.10246486046037889,0.041237113402061855,0.738443380872078
F,0.10332043185984925,0.041237113402061855,0.738443380872078
F,0.10332043185984925,0.04381443298969072,0.738443380872078
F,0.10456304746384193,0.04381443298969072,0.738443380872078
F,0.10456304746384193,0.04639175257731959,0.738443380872078
F,0.10545936035852516,0.04639175257731959,0.738443380872078
F,0.10545936035852516,0.04896907216494845,0.738443380872078
F,0.10774088409044612,0.04896907216494845,0.738443380872078
F,0.10774088409044612,0.05154639175257732,0.738443380872078
F,0.10782236708087187,0.05154639175257732,0.738443380872078
F,0.10782236708087187,0.05412371134020619,0.738443380872078
F,0.10802607455693623,0.05412371134020619,0.738443380872078
F,0.10802607455693623,0.05670103092783505,0.738443380872078
F,0.10847423100427786,0.05670103092783505,0.738443380872078
F,0.10847423100427786,0.059278350515463915,0.738443380872078
F,0.10928906090853534,0.059278350515463915,0.738443380872078
F,0.10928906090853534,0.061855670103092786,0.738443380872078
F,0.11193725809737218,0.061855670103092786,0.738443380872078
F,0.11193725809737218,0.06443298969072164,0.738443380872078
F,0.11197799959258505,0.06443298969072164,0.738443380872078
F,0.11197799959258505,0.06701030927835051,0.738443380872078
F,0.1144224893053575,0.06701030927835051,0.738443380872078
F,0.1144224893053575,0.06958762886597938,0.738443380872078
F,0.11478916276227337,0.06958762886597938,0.738443380872078
F,0.11478916276227337,0.07216494845360824,0.738443380872078
F,0.11552250967610511,0.07216494845360824,0.738443380872078
F,0.11552250967610511,0.07474226804123711,0.738443380872078
F,0.11592992462823386,0.07474226804123711,0.738443380872078
F,0.11597066612344673,0.07474226804123711,0.738443380872078
F,0.1161132613566918,0.07474226804123711,0.738443380872078
F,0.1161132613566918,0.07731958762886598,0.738443380872078
F,0.1162762273375433,0.07731958762886598,0.738443380872078
F,0.1162762273375433,0.07989690721649484,0.738443380872078
F,0.11713179873701365,0.07989690721649484,0.738443380872078
F,0.11713179873701365,0.08247422680412371,0.738443380872078
F,0.1173762477082909,0.08247422680412371,0.738443380872078
F,0.1173762477082909,0.08505154639175258,0.738443380872078
F,0.11755958443674883,0.08505154639175258,0.738443380872078
F,0.11755958443674883,0.08762886597938144,0.738443380872078
F,0.11808922387451619,0.08762886597938144,0.738443380872078
F,0.11808922387451619,0.09020618556701031,0.738443380872078
F,0.11906701975962518,0.09020618556701031,0.738443380872078
F,0.11906701975962518,0.09278350515463918,0.738443380872078
F,0.11982073742106335,0.09278350515463918,0.738443380872078
F,0.11986147891627623,0.09278350515463918,0.738443380872078
F,0.12047260134446934,0.09278350515463918,0.738443380872078
F,0.12047260134446934,0.09536082474226804,0.738443380872078
F,0.12049297209207578,0.09536082474226804,0.738443380872078
F,0.12049297209207578,0.0979381443298969,0.738443380872078
F,0.12198003666734569,0.0979381443298969,0.738443380872078
F,0.12198003666734569,0.10051546391752578,0.738443380872078
F,0.12228559788144225,0.10051546391752578,0.738443380872078
F,0.12228559788144225,0.10309278350515463,0.738443380872078
F,0.12409859441841516,0.10309278350515463,0.738443380872078
F,0.12409859441841516,0.1056701030927835,0.738443380872078
F,0.12473008759421471,0.1056701030927835,0.738443380872078
F,0.12473008759421471,0.10824742268041238,0.738443380872078
F,0.12770421674475455,0.10824742268041238,0.738443380872078
F,0.12770421674475455,0.11082474226804123,0.738443380872078
F,0.1281727439397026,0.11082474226804123,0.738443380872078
F,0.1281727439397026,0.1134020618556701,0.738443380872078
F,0.12882460786310856,0.1134020618556701,0.738443380872078
F,0.12882460786310856,0.11597938144329897,0.738443380872078
F,0.13033204318598493,0.11597938144329897,0.738443380872078
F,0.13033204318598493,0.11855670103092783,0.738443380872078
F,0.13130983907109392,0.11855670103092783,0.738443380872078
F,0.13130983907109392,0.1211340206185567,0.738443380872078
F,0.13161540028519048,0.1211340206185567,0.738443380872078
F,0.13161540028519048,0.12371134020618557,0.738443380872078
F,0.13208392748013853,0.12371134020618557,0.738443380872078
F,0.13208392748013853,0.12628865979381443,0.738443380872078
F,0.13293949887960888,0.12628865979381443,0.738443380872078
F,0.13293949887960888,0.12886597938144329,0.738443380872078
F,0.13330617233652475,0.12886597938144329,0.738443380872078
F,0.13330617233652475,0.13144329896907217,0.738443380872078
F,0.13479323691179465,0.13144329896907217,0.738443380872078
F,0.13479323691179465,0.13402061855670103,0.738443380872078
F,0.13499694438785903,0.13402061855670103,0.738443380872078
F,0.13499694438785903,0.13659793814432988,0.738443380872078
F,0.13597474027296802,0.13659793814432988,0.738443380872078
F,0.13597474027296802,0.13917525773195877,0.738443380872078
F,0.13797107353839885,0.13917525773195877,0.738443380872078
F,0.13797107353839885,0.14175257731958762,0.738443380872078
F,0.13878590344265634,0.14175257731958762,0.738443380872078
F,0.13878590344265634,0.14432989690721648,0.738443380872078
F,0.1388673864330821,0.14432989690721648,0.738443380872078
F,0.1388673864330821,0.14690721649484537,0.738443380872078
F,0.13951925035648807,0.14690721649484537,0.738443380872078
F,0.13951925035648807,0.14948453608247422,0.738443380872078
F,0.141332246893461,0.14948453608247422,0.738443380872078
F,0.141332246893461,0.15206185567010308,0.738443380872078
F,0.14200448156447343,0.15206185567010308,0.738443380872078
F,0.14200448156447343,0.15463917525773196,0.738443380872078
F,0.14271745773069872,0.15463917525773196,0.738443380872078
F,0.14271745773069872,0.15721649484536082,0.738443380872078
F,0.1430841311876146,0.15721649484536082,0.738443380872078
F,0.1430841311876146,0.15979381443298968,0.738443380872078
F,0.14355265838256265,0.15979381443298968,0.738443380872078
F,0.14355265838256265,0.16237113402061856,0.738443380872078
F,0.1478712568751273,0.16237113402061856,0.738443380872078
F,0.1478712568751273,0.16494845360824742,0.738443380872078
F,0.14952128743124873,0.16494845360824742,0.738443380872078
F,0.14952128743124873,0.16752577319587628,0.738443380872078
F,0.14990833163577102,0.16752577319587628,0.738443380872078
F,0.14990833163577102,0.17010309278350516,0.738443380872078
F,0.15017315135465473,0.17010309278350516,0.738443380872078
F,0.15017315135465473,0.17268041237113402,0.738443380872078
F,0.15072316154002852,0.17268041237113402,0.738443380872078
F,0.15072316154002852,0.17525773195876287,0.738443380872078
F,0.15239356284375635,0.17525773195876287,0.738443380872078
F,0.15239356284375635,0.17783505154639176,0.738443380872078
F,0.154288042371155,0.17783505154639176,0.738443380872078
F,0.154288042371155,0.18041237113402062,0.738443380872078
F,0.15551028722754126,0.18041237113402062,0.738443380872078
F,0.15551028722754126,0.18298969072164947,0.738443380872078
F,0.15557139947036056,0.18298969072164947,0.738443380872078
F,0.15557139947036056,0.18556701030927836,0.738443380872078
F,0.1557547361988185,0.18556701030927836,0.738443380872078
F,0.1557547361988185,0.18814432989690721,0.738443380872078
F,0.15589733143206355,0.18814432989690721,0.738443380872078
F,0.15589733143206355,0.19072164948453607,0.738443380872078
F,0.15777144021185577,0.19072164948453607,0.738443380872078
F,0.15777144021185577,0.19329896907216496,0.738443380872078
F,0.15982888572010592,0.19329896907216496,0.738443380872078
F,0.15982888572010592,0.1958762886597938,0.738443380872078
F,0.16048074964351192,0.1958762886597938,0.738443380872078
F,0.16048074964351192,0.19845360824742267,0.738443380872078
F,0.16164188225707884,0.19845360824742267,0.738443380872078
F,0.16164188225707884,0.20103092783505155,0.738443380872078
F,0.16565491953554695,0.20103092783505155,0.738443380872078
F,0.16565491953554695,0.2036082474226804,0.738443380872078
F,0.166775310653901,0.2036082474226804,0.738443380872078
F,0.166775310653901,0.20618556701030927,0.738443380872078
F,0.16826237522917092,0.20618556701030927,0.738443380872078
F,0.16826237522917092,0.20876288659793815,0.738443380872078
F,0.16956610307598288,0.20876288659793815,0.738443380872078
F,0.16956610307598288,0.211340206185567,0.738443380872078
F,0.17070686494194337,0.211340206185567,0.738443380872078
F,0.17070686494194337,0.21391752577319587,0.738443380872078
F,0.17074760643715625,0.21391752577319587,0.738443380872078
F,0.17074760643715625,0.21649484536082475,0.738443380872078
F,0.17086983092279487,0.21649484536082475,0.738443380872078
F,0.17086983092279487,0.2190721649484536,0.738443380872078
F,0.1709513139132206,0.2190721649484536,0.738443380872078
F,0.1709513139132206,0.22164948453608246,0.738443380872078
F,0.1712161336321043,0.22164948453608246,0.738443380872078
F,0.1712161336321043,0.22422680412371135,0.738443380872078
F,0.17266245671216135,0.22422680412371135,0.738443380872078
F,0.17266245671216135,0.2268041237113402,0.738443380872078
F,0.17744958239967407,0.2268041237113402,0.738443380872078
F,0.17744958239967407,0.22938144329896906,0.738443380872078
F,0.17948665716031778,0.22938144329896906,0.738443380872078
F,0.17948665716031778,0.23195876288659795,0.738443380872078
F,0.17958851089834996,0.23195876288659795,0.738443380872078
F,0.17958851089834996,0.2345360824742268,0.738443380872078
F,0.1800366673456916,0.2345360824742268,0.738443380872078
F,0.1800366673456916,0.23711340206185566,0.738443380872078
F,0.18052556528824606,0.23711340206185566,0.738443380872078
F,0.18052556528824606,0.23969072164948454,0.738443380872078
F,0.181034833978407,0.23969072164948454,0.738443380872078
F,0.181034833978407,0.2422680412371134,0.738443380872078
F,0.18237930332043187,0.2422680412371134,0.738443380872078
F,0.18237930332043187,0.24484536082474226,0.738443380872078
F,0.18266449378692198,0.24484536082474226,0.738443380872078
F,0.18266449378692198,0.24742268041237114,0.738443380872078
F,0.18286820126298636,0.24742268041237114,0.738443380872078
F,0.18286820126298636,0.25,0.738443380872078
F,0.18349969443878592,0.25,0.738443380872078
F,0.18349969443878592,0.25257731958762886,0.738443380872078
F,0.18459971480953352,0.25257731958762886,0.738443380872078
F,0.18459971480953352,0.2551546391752577,0.738443380872078
F,0.18741087797922185,0.2551546391752577,0.738443380872078
F,0.18741087797922185,0.25773195876288657,0.738443380872078
F,0.18757384396007334,0.25773195876288657,0.738443380872078
F,0.18757384396007334,0.2603092783505155,0.738443380872078
F,0.18785903442656346,0.2603092783505155,0.738443380872078
F,0.18785903442656346,0.26288659793814434,0.738443380872078
F,0.18818496638826646,0.26288659793814434,0.738443380872078
F,0.18818496638826646,0.2654639175257732,0.738443380872078
F,0.18954980647789774,0.2654639175257732,0.738443380872078
F,0.18954980647789774,0.26804123711340205,0.738443380872078
F,0.18977388470156856,0.26804123711340205,0.738443380872078
F,0.18977388470156856,0.2706185567010309,0.738443380872078
F,0.19003870442045223,0.2706185567010309,0.738443380872078
F,0.19003870442045223,0.27319587628865977,0.738443380872078
F,0.19026278264412305,0.27319587628865977,0.738443380872078
F,0.19026278264412305,0.2757731958762887,0.738443380872078
F,0.191240578529232,0.2757731958762887,0.738443380872078
F,0.191240578529232,0.27835051546391754,0.738443380872078
F,0.1931554288042371,0.27835051546391754,0.738443380872078
F,0.1931554288042371,0.2809278350515464,0.738443380872078
F,0.1949480545936036,0.2809278350515464,0.738443380872078
F,0.1949480545936036,0.28350515463917525,0.738443380872078
F,0.1964962314116928,0.28350515463917525,0.738443380872078
F,0.1964962314116928,0.2860824742268041,0.738443380872078
F,0.19680179262578937,0.2860824742268041,0.738443380872078
F,0.19680179262578937,0.2912371134020619,0.738443380872078
F,0.19816663271542065,0.2912371134020619,0.738443380872078
F,0.19816663271542065,0.29381443298969073,0.738443380872078
F,0.20002037074760642,0.29381443298969073,0.738443380872078
F,0.20002037074760642,0.2963917525773196,0.738443380872078
F,0.20081482990425747,0.2963917525773196,0.738443380872078
F,0.20081482990425747,0.29896907216494845,0.738443380872078
F,0.20112039111835403,0.29896907216494845,0.738443380872078
F,0.20112039111835403,0.3015463917525773,0.738443380872078
F,0.20523528213485434,0.3015463917525773,0.738443380872078
F,0.20523528213485434,0.30412371134020616,0.738443380872078
F,0.20566306783458954,0.30412371134020616,0.738443380872078
F,0.20566306783458954,0.30670103092783507,0.738443380872078
F,0.2063556732532084,0.30670103092783507,0.738443380872078
F,0.2063556732532084,0.30927835051546393,0.738443380872078
F,0.207129761662253,0.30927835051546393,0.738443380872078
F,0.207129761662253,0.3118556701030928,0.738443380872078
F,0.20873905072316154,0.3118556701030928,0.738443380872078
F,0.20873905072316154,0.31443298969072164,0.738443380872078
F,0.20908535343247098,0.31443298969072164,0.738443380872078
F,0.20908535343247098,0.3170103092783505,0.738443380872078
F,0.2093705438989611,0.3170103092783505,0.738443380872078
F,0.2093705438989611,0.31958762886597936,0.738443380872078
F,0.20977795885108982,0.31958762886597936,0.738443380872078
F,0.20977795885108982,0.32216494845360827,0.738443380872078
F,0.20979832959869626,0.32216494845360827,0.738443380872078
F,0.20979832959869626,0.3247422680412371,0.738443380872078
F,0.21093909146465675,0.3247422680412371,0.738443380872078
F,0.21093909146465675,0.327319587628866,0.738443380872078
F,0.21114279894072113,0.327319587628866,0.738443380872078
F,0.21114279894072113,0.32989690721649484,0.738443380872078
F,0.2121205948258301,0.32989690721649484,0.738443380872078
F,0.2121205948258301,0.3324742268041237,0.738443380872078
F,0.21440211855775107,0.3324742268041237,0.738443380872078
F,0.21440211855775107,0.33505154639175255,0.738443380872078
F,0.21485027500509268,0.33505154639175255,0.738443380872078
F,0.21485027500509268,0.33762886597938147,0.738443380872078
F,0.21670401303727846,0.33762886597938147,0.738443380872078
F,0.21670401303727846,0.3402061855670103,0.738443380872078
F,0.21741698920350377,0.3402061855670103,0.738443380872078
F,0.21745773069871666,0.3402061855670103,0.738443380872078
F,0.21757995518435527,0.3402061855670103,0.738443380872078
F,0.21757995518435527,0.3427835051546392,0.738443380872078
F,0.21827256060297412,0.3427835051546392,0.738443380872078
F,0.21827256060297412,0.34536082474226804,0.738443380872078
F,0.21835404359339988,0.34536082474226804,0.738443380872078
F,0.21835404359339988,0.3479381443298969,0.738443380872078
F,0.219291097983296,0.3479381443298969,0.738443380872078
F,0.219291097983296,0.35051546391752575,0.738443380872078
F,0.22010592788755348,0.35051546391752575,0.738443380872078
F,0.22010592788755348,0.35309278350515466,0.738443380872078
F,0.22043185984925648,0.35309278350515466,0.738443380872078
F,0.22043185984925648,0.3556701030927835,0.738443380872078
F,0.2209411285394174,0.3556701030927835,0.738443380872078
F,0.2209411285394174,0.3634020618556701,0.738443380872078
F,0.22202077816255858,0.3634020618556701,0.738443380872078
F,0.22202077816255858,0.36597938144329895,0.738443380872078
F,0.2222041148910165,0.36597938144329895,0.738443380872078
F,0.2222041148910165,0.36855670103092786,0.738443380872078
F,0.22271338358117743,0.36855670103092786,0.738443380872078
F,0.22271338358117743,0.3711340206185567,0.738443380872078
F,0.2229170910572418,0.3711340206185567,0.738443380872078
F,0.2229170910572418,0.37371134020618557,0.738443380872078
F,0.2229578325524547,0.37371134020618557,0.738443380872078
F,0.2229578325524547,0.3788659793814433,0.738443380872078
F,0.22381340395192503,0.3788659793814433,0.738443380872078
F,0.22381340395192503,0.38144329896907214,0.738443380872078
F,0.22409859441841515,0.38144329896907214,0.738443380872078
F,0.22409859441841515,0.38402061855670105,0.738443380872078
F,0.22674679160725197,0.38402061855670105,0.738443380872078
F,0.22674679160725197,0.3865979381443299,0.738443380872078
F,0.22682827459767774,0.3865979381443299,0.738443380872078
F,0.22682827459767774,0.38917525773195877,0.738443380872078
F,0.22776532898757385,0.38917525773195877,0.738443380872078
F,0.22776532898757385,0.3917525773195876,0.738443380872078
F,0.22800977795885108,0.3917525773195876,0.738443380872078
F,0.22800977795885108,0.3943298969072165,0.738443380872078
F,0.22829496842534122,0.3943298969072165,0.738443380872078
F,0.22829496842534122,0.39690721649484534,0.738443380872078
F,0.22843756365858628,0.39690721649484534,0.738443380872078
F,0.22843756365858628,0.39948453608247425,0.738443380872078
F,0.22862090038704422,0.39948453608247425,0.738443380872078
F,0.22862090038704422,0.4020618556701031,0.738443380872078
F,0.2299857404766755,0.4020618556701031,0.738443380872078
F,0.23002648197188838,0.4020618556701031,0.738443380872078
F,0.2311468730902424,0.4020618556701031,0.738443380872078
F,0.2311468730902424,0.40463917525773196,0.738443380872078
F,0.2317376247708291,0.40463917525773196,0.738443380872078
F,0.2317376247708291,0.4072164948453608,0.738443380872078
F,0.23181910776125483,0.4072164948453608,0.738443380872078
F,0.23181910776125483,0.4097938144329897,0.738443380872078
F,0.23261356691790588,0.4097938144329897,0.738443380872078
F,0.23261356691790588,0.41237113402061853,0.738443380872078
F,0.23285801588918315,0.41237113402061853,0.738443380872078
F,0.23285801588918315,0.41494845360824745,0.738443380872078
F,0.2338358117742921,0.41494845360824745,0.738443380872078
F,0.2338358117742921,0.4175257731958763,0.738443380872078
F,0.2343247097168466,0.4175257731958763,0.738443380872078
F,0.2343247097168466,0.42010309278350516,0.738443380872078
F,0.23536361784477491,0.42010309278350516,0.738443380872078
F,0.23536361784477491,0.422680412371134,0.738443380872078
F,0.23788959054797312,0.422680412371134,0.738443380872078
F,0.23788959054797312,0.4252577319587629,0.738443380872078
F,0.23813403951925036,0.4252577319587629,0.738443380872078
F,0.23813403951925036,0.42783505154639173,0.738443380872078
F,0.2384803422285598,0.42783505154639173,0.738443380872078
F,0.2384803422285598,0.43041237113402064,0.738443380872078
F,0.23903035241393358,0.43041237113402064,0.738443380872078
F,0.23903035241393358,0.4329896907216495,0.738443380872078
F,0.23937665512324302,0.4329896907216495,0.738443380872078
F,0.23937665512324302,0.43556701030927836,0.738443380872078
F,0.24011000203707475,0.43556701030927836,0.738443380872078
F,0.24011000203707475,0.44072164948453607,0.738443380872078
F,0.24066001222244857,0.44072164948453607,0.738443380872078
F,0.24066001222244857,0.44329896907216493,0.738443380872078
F,0.24078223670808718,0.44329896907216493,0.738443380872078
F,0.24082297820330006,0.44329896907216493,0.738443380872078
F,0.24114891016500306,0.44329896907216493,0.738443380872078
F,0.24114891016500306,0.44587628865979384,0.738443380872078
F,0.24121002240782236,0.44587628865979384,0.738443380872078
F,0.24121002240782236,0.4484536082474227,0.738443380872078
F,0.2413933591362803,0.4484536082474227,0.738443380872078
F,0.2413933591362803,0.45103092783505155,0.738443380872078
F,0.24159706661234467,0.45103092783505155,0.738443380872078
F,0.24159706661234467,0.4536082474226804,0.738443380872078
F,0.24173966184558973,0.4536082474226804,0.738443380872078
F,0.24173966184558973,0.45618556701030927,0.738443380872078
F,0.24228967203096355,0.45618556701030927,0.738443380872078
F,0.24228967203096355,0.4587628865979381,0.738443380872078
F,0.2424322672642086,0.4587628865979381,0.738443380872078
F,0.2424322672642086,0.46134020618556704,0.738443380872078
F,0.2426563454878794,0.46134020618556704,0.738443380872078
F,0.2426563454878794,0.4639175257731959,0.738443380872078
F,0.24302301894479528,0.4639175257731959,0.738443380872078
F,0.24302301894479528,0.46649484536082475,0.738443380872078
F,0.2435933998777755,0.46649484536082475,0.738443380872078
F,0.2435933998777755,0.4690721649484536,0.738443380872078
F,0.24416378081075577,0.4690721649484536,0.738443380872078
F,0.24416378081075577,0.47164948453608246,0.738443380872078
F,0.24540639641474843,0.47164948453608246,0.738443380872078
F,0.24540639641474843,0.4742268041237113,0.738443380872078
F,0.24548787940517416,0.4742268041237113,0.738443380872078
F,0.24548787940517416,0.47680412371134023,0.738443380872078
F,0.2455082501527806,0.47680412371134023,0.738443380872078
F,0.2455082501527806,0.4793814432989691,0.738443380872078
F,0.24937869219800365,0.4793814432989691,0.738443380872078
F,0.24937869219800365,0.48195876288659795,0.738443380872078
F,0.24952128743124874,0.48195876288659795,0.738443380872078
F,0.24952128743124874,0.4845360824742268,0.738443380872078
F,0.24986759014055815,0.4845360824742268,0.738443380872078
F,0.24986759014055815,0.48711340206185566,0.738443380872078
F,0.2514768792014667,0.48711340206185566,0.738443380872078
F,0.2514768792014667,0.4896907216494845,0.738443380872078
F,0.2517009574251375,0.4896907216494845,0.738443380872078
F,0.2517009574251375,0.49226804123711343,0.738443380872078
F,0.2522509676105113,0.49226804123711343,0.738443380872078
F,0.2522509676105113,0.4948453608247423,0.738443380872078
F,0.25302505601955594,0.4948453608247423,0.738443380872078
F,0.25302505601955594,0.49742268041237114,0.738443380872078
F,0.25398248115705846,0.49742268041237114,0.738443380872078
F,0.25398248115705846,0.5,0.738443380872078
F,0.25414544713791,0.5,0.738443380872078
F,0.25414544713791,0.5025773195876289,0.738443380872078
F,0.2544510083520065,0.5025773195876289,0.738443380872078
F,0.2544510083520065,0.5051546391752577,0.738443380872078
F,0.2563454878794052,0.5051546391752577,0.738443380872078
F,0.2563454878794052,0.5077319587628866,0.738443380872078
F,0.2571806885312691,0.5077319587628866,0.738443380872078
F,0.2571806885312691,0.5103092783505154,0.738443380872078
F,0.2576288449786107,0.5103092783505154,0.738443380872078
F,0.2576288449786107,0.5128865979381443,0.738443380872078
F,0.25775106946424936,0.5128865979381443,0.738443380872078
F,0.25775106946424936,0.5154639175257731,0.738443380872078
F,0.2593807292727643,0.5154639175257731,0.738443380872078
F,0.2593807292727643,0.5180412371134021,0.738443380872078
F,0.2610715013240986,0.5180412371134021,0.738443380872078
F,0.2610715013240986,0.520618556701031,0.738443380872078
F,0.26115298431452433,0.520618556701031,0.738443380872078
F,0.26115298431452433,0.5231958762886598,0.738443380872078
F,0.261743735995111,0.5231958762886598,0.738443380872078
F,0.261743735995111,0.5257731958762887,0.738443380872078
F,0.26235485842330414,0.5257731958762887,0.738443380872078
F,0.26235485842330414,0.5283505154639175,0.738443380872078
F,0.2627622733754329,0.5283505154639175,0.738443380872078
F,0.2627622733754329,0.5309278350515464,0.738443380872078
F,0.2630882053371359,0.5309278350515464,0.738443380872078
F,0.2630882053371359,0.5335051546391752,0.738443380872078
F,0.2631289468323487,0.5335051546391752,0.738443380872078
F,0.2631289468323487,0.5360824742268041,0.738443380872078
F,0.26331228356080666,0.5360824742268041,0.738443380872078
F,0.26331228356080666,0.538659793814433,0.738443380872078
F,0.26335302505601954,0.538659793814433,0.738443380872078
F,0.26335302505601954,0.5412371134020618,0.738443380872078
F,0.26355673253208395,0.5412371134020618,0.738443380872078
F,0.26355673253208395,0.5438144329896907,0.738443380872078
F,0.266123446730495,0.5438144329896907,0.738443380872078
F,0.266123446730495,0.5463917525773195,0.738443380872078
F,0.26769199429619067,0.5463917525773195,0.738443380872078
F,0.26769199429619067,0.5489690721649485,0.738443380872078
F,0.26905683438582195,0.5489690721649485,0.738443380872078
F,0.26905683438582195,0.5515463917525774,0.738443380872078
F,0.26936239559991854,0.5515463917525774,0.738443380872078
F,0.26936239559991854,0.5541237113402062,0.738443380872078
F,0.2705438989610919,0.5541237113402062,0.738443380872078
F,0.2705438989610919,0.5567010309278351,0.738443380872078
F,0.27064575269912405,0.5567010309278351,0.738443380872078
F,0.27064575269912405,0.5592783505154639,0.738443380872078
F,0.27131798737013646,0.5592783505154639,0.738443380872078
F,0.27131798737013646,0.5618556701030928,0.738443380872078
F,0.27158280708902016,0.5618556701030928,0.738443380872078
F,0.27158280708902016,0.5644329896907216,0.738443380872078
F,0.2739865553065797,0.5644329896907216,0.738443380872078
F,0.2739865553065797,0.5670103092783505,0.738443380872078
F,0.2746180484823793,0.5670103092783505,0.738443380872078
F,0.2746180484823793,0.5695876288659794,0.738443380872078
F,0.27518842941535954,0.5695876288659794,0.738443380872078
F,0.27518842941535954,0.5721649484536082,0.738443380872078
F,0.275208800162966,0.5721649484536082,0.738443380872078
F,0.275208800162966,0.5747422680412371,0.738443380872078
F,0.2752291709105724,0.5747422680412371,0.738443380872078
F,0.2752291709105724,0.5773195876288659,0.738443380872078
F,0.27651252800977794,0.5773195876288659,0.738443380872078
F,0.27651252800977794,0.5798969072164949,0.738443380872078
F,0.276655123243023,0.5798969072164949,0.738443380872078
F,0.276655123243023,0.5824742268041238,0.738443380872078
F,0.2768588307190874,0.5824742268041238,0.738443380872078
F,0.2768588307190874,0.5850515463917526,0.738443380872078
F,0.27694031370951316,0.5850515463917526,0.738443380872078
F,0.27694031370951316,0.5876288659793815,0.738443380872078
F,0.27700142595233246,0.5876288659793815,0.738443380872078
F,0.27700142595233246,0.5902061855670103,0.738443380872078
F,0.2772866164188226,0.5902061855670103,0.738443380872078
F,0.2772866164188226,0.5927835051546392,0.738443380872078
F,0.2781421878182929,0.5927835051546392,0.738443380872078
F,0.2781421878182929,0.595360824742268,0.738443380872078
F,0.2785699735180281,0.595360824742268,0.738443380872078
F,0.2785699735180281,0.5979381443298969,0.738443380872078
F,0.2787940517416989,0.5979381443298969,0.738443380872078
F,0.2787940517416989,0.6005154639175257,0.738443380872078
F,0.2791199837034019,0.6005154639175257,0.738443380872078
F,0.2791199837034019,0.6030927835051546,0.738443380872078
F,0.2795070279079242,0.6030927835051546,0.738443380872078
F,0.2795070279079242,0.6056701030927835,0.738443380872078
F,0.27956814015074355,0.6056701030927835,0.738443380872078
F,0.27956814015074355,0.6082474226804123,0.738443380872078
F,0.2797107353839886,0.6082474226804123,0.738443380872078
F,0.2797107353839886,0.6108247422680413,0.738443380872078
F,0.28017926257893666,0.6108247422680413,0.738443380872078
F,0.28017926257893666,0.6134020618556701,0.738443380872078
F,0.28028111631696884,0.6134020618556701,0.738443380872078
F,0.28028111631696884,0.615979381443299,0.738443380872078
F,0.28054593603585254,0.615979381443299,0.738443380872078
F,0.28054593603585254,0.6185567010309279,0.738443380872078
F,0.2820737421063353,0.6185567010309279,0.738443380872078
F,0.2820737421063353,0.6211340206185567,0.738443380872078
F,0.28225707883479323,0.6211340206185567,0.738443380872078
F,0.28225707883479323,0.6237113402061856,0.738443380872078
F,0.28242004481564476,0.6237113402061856,0.738443380872078
F,0.28242004481564476,0.6262886597938144,0.738443380872078
F,0.2832145039722958,0.6262886597938144,0.738443380872078
F,0.2832145039722958,0.6288659793814433,0.738443380872078
F,0.2836219189244245,0.6288659793814433,0.738443380872078
F,0.2836219189244245,0.6314432989690721,0.738443380872078
F,0.28433489509064985,0.6314432989690721,0.738443380872078
F,0.28433489509064985,0.634020618556701,0.738443380872078
F,0.28600529639437766,0.634020618556701,0.738443380872078
F,0.28600529639437766,0.6365979381443299,0.738443380872078
F,0.2880423711550214,0.6365979381443299,0.738443380872078
F,0.2880423711550214,0.6391752577319587,0.738443380872078
F,0.2881034833978407,0.6391752577319587,0.738443380872078
F,0.2881034833978407,0.6417525773195877,0.738443380872078
F,0.2893257282542269,0.6417525773195877,0.738443380872078
F,0.2893257282542269,0.6443298969072165,0.738443380872078
F,0.2920554084334895,0.6443298969072165,0.738443380872078
F,0.2920554084334895,0.6469072164948454,0.738443380872078
F,0.29211652067630883,0.6469072164948454,0.738443380872078
F,0.29211652067630883,0.6494845360824743,0.738443380872078
F,0.29262578936646977,0.6494845360824743,0.738443380872078
F,0.29262578936646977,0.6520618556701031,0.738443380872078
F,0.29272764310450194,0.6520618556701031,0.738443380872078
F,0.29272764310450194,0.654639175257732,0.738443380872078
F,0.2927683845997148,0.654639175257732,0.738443380872078
F,0.2927683845997148,0.6572164948453608,0.738443380872078
F,0.2932572825422693,0.6572164948453608,0.738443380872078
F,0.2932572825422693,0.6597938144329897,0.738443380872078
F,0.29372580973721735,0.6597938144329897,0.738443380872078
F,0.29372580973721735,0.6623711340206185,0.738443380872078
F,0.2937461804848238,0.6623711340206185,0.738443380872078
F,0.2937461804848238,0.6649484536082474,0.738443380872078
F,0.2953962110409452,0.6649484536082474,0.738443380872078
F,0.2953962110409452,0.6675257731958762,0.738443380872078
F,0.2956814015074353,0.6675257731958762,0.738443380872078
F,0.2956814015074353,0.6701030927835051,0.738443380872078
F,0.29625178244041556,0.6701030927835051,0.738443380872078
F,0.29625178244041556,0.6726804123711341,0.738443380872078
F,0.2964758606640864,0.6726804123711341,0.738443380872078
F,0.2964758606640864,0.6752577319587629,0.738443380872078
F,0.29651660215929926,0.6752577319587629,0.738443380872078
F,0.29651660215929926,0.6778350515463918,0.738443380872078
F,0.2966999388877572,0.6778350515463918,0.738443380872078
F,0.2966999388877572,0.6804123711340206,0.738443380872078
F,0.2967203096353636,0.6804123711340206,0.738443380872078
F,0.2967203096353636,0.6829896907216495,0.738443380872078
F,0.2967406803829701,0.6829896907216495,0.738443380872078
F,0.2967406803829701,0.6855670103092784,0.738443380872078
F,0.29724994907313096,0.6855670103092784,0.738443380872078
F,0.29724994907313096,0.6881443298969072,0.738443380872078
F,0.2976981055204726,0.6881443298969072,0.738443380872078
F,0.2976981055204726,0.6907216494845361,0.738443380872078
F,0.2983499694438786,0.6907216494845361,0.738443380872078
F,0.2983499694438786,0.6932989690721649,0.738443380872078
F,0.29849256467712365,0.6932989690721649,0.738443380872078
F,0.29849256467712365,0.6958762886597938,0.738443380872078
F,0.29953147280505193,0.6958762886597938,0.738443380872078
F,0.29953147280505193,0.6984536082474226,0.738443380872078
F,0.2996129557954777,0.6984536082474226,0.738443380872078
F,0.2996129557954777,0.7010309278350515,0.738443380872078
F,0.30069260541861886,0.7010309278350515,0.738443380872078
F,0.30069260541861886,0.7036082474226805,0.738443380872078
F,0.30105927887553474,0.7036082474226805,0.738443380872078
F,0.30105927887553474,0.7061855670103093,0.738443380872078
F,0.3012426156039927,0.7061855670103093,0.738443380872078
F,0.3012426156039927,0.7087628865979382,0.738443380872078
F,0.30136484008963127,0.7087628865979382,0.738443380872078
F,0.30136484008963127,0.7139175257731959,0.738443380872078
F,0.30338154410266854,0.7139175257731959,0.738443380872078
F,0.30338154410266854,0.7164948453608248,0.738443380872078
F,0.3038908127928295,0.7164948453608248,0.738443380872078
F,0.3038908127928295,0.7190721649484536,0.738443380872078
F,0.3040130372784681,0.7190721649484536,0.738443380872078
F,0.3040130372784681,0.7216494845360825,0.738443380872078
F,0.30562232633937664,0.7216494845360825,0.738443380872078
F,0.30562232633937664,0.7242268041237113,0.738443380872078
F,0.30806681605214914,0.7242268041237113,0.738443380872078
F,0.30806681605214914,0.7268041237113402,0.738443380872078
F,0.3091464656752903,0.7268041237113402,0.738443380872078
F,0.3091464656752903,0.729381443298969,0.738443380872078
F,0.30961499287023836,0.729381443298969,0.738443380872078
F,0.30961499287023836,0.7319587628865979,0.738443380872078
F,0.3101853738032186,0.7319587628865979,0.738443380872078
F,0.3101853738032186,0.7345360824742269,0.738443380872078
F,0.3106335302505602,0.7345360824742269,0.738443380872078
F,0.3106335302505602,0.7371134020618557,0.738443380872078
F,0.3112242819311469,0.7371134020618557,0.738443380872078
F,0.3112242819311469,0.7396907216494846,0.738443380872078
F,0.3130780199633327,0.7396907216494846,0.738443380872078
F,0.3130780199633327,0.7422680412371134,0.738443380872078
F,0.3134243226726421,0.7422680412371134,0.738443380872078
F,0.3134243226726421,0.7448453608247423,0.738443380872078
F,0.3143002648197189,0.7448453608247423,0.738443380872078
F,0.3143002648197189,0.75,0.738443380872078
F,0.31487064575269913,0.75,0.738443380872078
F,0.31487064575269913,0.7525773195876289,0.738443380872078
F,0.3187410877979222,0.7525773195876289,0.738443380872078
F,0.3187410877979222,0.7551546391752577,0.738443380872078
F,0.3194744347117539,0.7551546391752577,0.738443380872078
F,0.3194744347117539,0.7577319587628866,0.738443380872078
F,0.320737421063353,0.7577319587628866,0.738443380872078
F,0.320737421063353,0.7603092783505154,0.738443380872078
F,0.3208189040537788,0.7603092783505154,0.738443380872078
F,0.3208189040537788,0.7628865979381443,0.738443380872078
F,0.32124668975351395,0.7628865979381443,0.738443380872078
F,0.32124668975351395,0.7654639175257731,0.738443380872078
F,0.3236504379710735,0.7654639175257731,0.738443380872078
F,0.3236504379710735,0.7680412371134021,0.738443380872078
F,0.32367080871868,0.7680412371134021,0.738443380872078
F,0.32367080871868,0.770618556701031,0.738443380872078
F,0.32672642085964554,0.770618556701031,0.738443380872078
F,0.32672642085964554,0.7731958762886598,0.738443380872078
F,0.32705235282134854,0.7731958762886598,0.738443380872078
F,0.32705235282134854,0.7757731958762887,0.738443380872078
F,0.32764310450193523,0.7757731958762887,0.738443380872078
F,0.32764310450193523,0.7783505154639175,0.738443380872078
F,0.3277449582399674,0.7783505154639175,0.738443380872078
F,0.3277449582399674,0.7809278350515464,0.738443380872078
F,0.3286209003870442,0.7809278350515464,0.738443380872078
F,0.3286209003870442,0.7835051546391752,0.738443380872078
F,0.3326746791607252,0.7835051546391752,0.738443380872078
F,0.3326746791607252,0.7860824742268041,0.738443380872078
F,0.3328580158891831,0.7860824742268041,0.738443380872078
F,0.3328580158891831,0.788659793814433,0.738443380872078
F,0.33440619270727234,0.788659793814433,0.738443380872078
F,0.33440619270727234,0.7912371134020618,0.738443380872078
F,0.33467101242615604,0.7912371134020618,0.738443380872078
F,0.33467101242615604,0.7938144329896907,0.738443380872078
F,0.3350784273782848,0.7938144329896907,0.738443380872078
F,0.3350784273782848,0.7963917525773195,0.738443380872078
F,0.33625993073945815,0.7963917525773195,0.738443380872078
F,0.33625993073945815,0.7989690721649485,0.738443380872078
F,0.33628030148706456,0.7989690721649485,0.738443380872078
F,0.33628030148706456,0.8015463917525774,0.738443380872078
F,0.33687105316765126,0.8015463917525774,0.738443380872078
F,0.33687105316765126,0.8041237113402062,0.738443380872078
F,0.3428600529639438,0.8041237113402062,0.738443380872078
F,0.3428600529639438,0.8067010309278351,0.738443380872078
F,0.34880831126502343,0.8067010309278351,0.738443380872078
F,0.34880831126502343,0.8092783505154639,0.738443380872078
F,0.3493379507027908,0.8092783505154639,0.738443380872078
F,0.3493379507027908,0.8118556701030928,0.738443380872078
F,0.35353432470971685,0.8118556701030928,0.738443380872078
F,0.35353432470971685,0.8144329896907216,0.738443380872078
F,0.35398248115705844,0.8144329896907216,0.738443380872078
F,0.35398248115705844,0.8170103092783505,0.738443380872078
F,0.3543491546139743,0.8170103092783505,0.738443380872078
F,0.3543491546139743,0.8195876288659794,0.738443380872078
F,0.3558158484416378,0.8195876288659794,0.738443380872078
F,0.3558158484416378,0.8221649484536082,0.738443380872078
F,0.35640660012222447,0.8221649484536082,0.738443380872078
F,0.35640660012222447,0.8247422680412371,0.738443380872078
F,0.3572418007740884,0.8247422680412371,0.738443380872078
F,0.3572418007740884,0.8273195876288659,0.738443380872078
F,0.3576288449786107,0.8273195876288659,0.738443380872078
F,0.3576288449786107,0.8298969072164949,0.738443380872078
F,0.3604807496435119,0.8298969072164949,0.738443380872078
F,0.3604807496435119,0.8324742268041238,0.738443380872078
F,0.36569566103075984,0.8324742268041238,0.738443380872078
F,0.36569566103075984,0.8350515463917526,0.738443380872078
F,0.3665512324302302,0.8350515463917526,0.738443380872078
F,0.3665512324302302,0.8376288659793815,0.738443380872078
F,0.3678549602770422,0.8376288659793815,0.738443380872078
F,0.3678549602770422,0.8402061855670103,0.738443380872078
F,0.3704420452230597,0.8402061855670103,0.738443380872078
F,0.3704420452230597,0.8427835051546392,0.738443380872078
F,0.37054389896109186,0.8427835051546392,0.738443380872078
F,0.37054389896109186,0.845360824742268,0.738443380872078
F,0.3716642900794459,0.845360824742268,0.738443380872078
F,0.3716642900794459,0.8479381443298969,0.738443380872078
F,0.37266245671216136,0.8479381443298969,0.738443380872078
F,0.37266245671216136,0.8505154639175257,0.738443380872078
F,0.3732328376451416,0.8505154639175257,0.738443380872078
F,0.3732328376451416,0.8530927835051546,0.738443380872078
F,0.3751273171725402,0.8530927835051546,0.738443380872078
F,0.3751273171725402,0.8556701030927835,0.738443380872078
F,0.3752291709105724,0.8556701030927835,0.738443380872078
F,0.3752291709105724,0.8582474226804123,0.738443380872078
F,0.3754532491342432,0.8582474226804123,0.738443380872078
F,0.3754532491342432,0.8608247422680413,0.738443380872078
F,0.37557547361988186,0.8608247422680413,0.738443380872078
F,0.37557547361988186,0.8634020618556701,0.738443380872078
F,0.37561621511509474,0.8634020618556701,0.738443380872078
F,0.37561621511509474,0.865979381443299,0.738443380872078
F,0.3767569769810552,0.865979381443299,0.738443380872078
F,0.3767569769810552,0.8685567010309279,0.738443380872078
F,0.3783866367895702,0.8685567010309279,0.738443380872078
F,0.37842737828478307,0.8685567010309279,0.738443380872078
F,0.37887553473212465,0.8685567010309279,0.738443380872078
F,0.37887553473212465,0.8711340206185567,0.738443380872078
F,0.37918109594622124,0.8711340206185567,0.738443380872078
F,0.37918109594622124,0.8737113402061856,0.738443380872078
F,0.37948665716031776,0.8737113402061856,0.738443380872078
F,0.37948665716031776,0.8762886597938144,0.738443380872078
F,0.38215522509676103,0.8762886597938144,0.738443380872078
F,0.38215522509676103,0.8788659793814433,0.738443380872078
F,0.38297005500101855,0.8788659793814433,0.738443380872078
F,0.38297005500101855,0.8814432989690721,0.738443380872078
F,0.38496638826644936,0.8814432989690721,0.738443380872078
F,0.38496638826644936,0.884020618556701,0.738443380872078
F,0.38899979629252396,0.884020618556701,0.738443380872078
F,0.38899979629252396,0.8865979381443299,0.738443380872078
F,0.3895701772255042,0.8865979381443299,0.738443380872078
F,0.3895701772255042,0.8891752577319587,0.738443380872078
F,0.3908127928294968,0.8891752577319587,0.738443380872078
F,0.3908127928294968,0.8917525773195877,0.738443380872078
F,0.39109798329598694,0.8917525773195877,0.738443380872078
F,0.39109798329598694,0.8943298969072165,0.738443380872078
F,0.39193318394785087,0.8943298969072165,0.738443380872078
F,0.39193318394785087,0.8969072164948454,0.738443380872078
F,0.3936850682420045,0.8969072164948454,0.738443380872078
F,0.3936850682420045,0.8994845360824743,0.738443380872078
F,0.3939702587084946,0.8994845360824743,0.738443380872078
F,0.3939702587084946,0.9020618556701031,0.738443380872078
F,0.3950702790792422,0.9020618556701031,0.738443380872078
F,0.3950702790792422,0.904639175257732,0.738443380872078
F,0.39576288449786107,0.904639175257732,0.738443380872078
F,0.39576288449786107,0.9072164948453608,0.738443380872078
F,0.39733143206355676,0.9072164948453608,0.738443380872078
F,0.39733143206355676,0.9097938144329897,0.738443380872078
F,0.3996129557954777,0.9097938144329897,0.738443380872078
F,0.3996129557954777,0.9123711340206185,0.738443380872078
F,0.40085557139947037,0.9123711340206185,0.738443380872078
F,0.40085557139947037,0.9149484536082474,0.738443380872078
F,0.4026889386840497,0.9149484536082474,0.738443380872078
F,0.4026889386840497,0.9175257731958762,0.738443380872078
F,0.4042982277449582,0.9175257731958762,0.738443380872078
F,0.4042982277449582,0.9201030927835051,0.738443380872078
F,0.40694642493379507,0.9201030927835051,0.738443380872078
F,0.40694642493379507,0.9226804123711341,0.738443380872078
F,0.41000203707476063,0.9226804123711341,0.738443380872078
F,0.41000203707476063,0.9252577319587629,0.738443380872078
F,0.4104705642697087,0.9252577319587629,0.738443380872078
F,0.4104705642697087,0.9278350515463918,0.738443380872078
F,0.4107557547361988,0.9278350515463918,0.738443380872078
F,0.4107557547361988,0.9304123711340206,0.738443380872078
F,0.4148095335098798,0.9304123711340206,0.738443380872078
F,0.4148095335098798,0.9329896907216495,0.738443380872078
F,0.4208800162965981,0.9329896907216495,0.738443380872078
F,0.4208800162965981,0.9355670103092784,0.738443380872078
F,0.4222041148910165,0.9355670103092784,0.738443380872078
F,0.4222041148910165,0.9381443298969072,0.738443380872078
F,0.4279894072112447,0.9381443298969072,0.738443380872078
F,0.4279894072112447,0.9407216494845361,0.738443380872078
F,0.43073945813811365,0.9407216494845361,0.738443380872078
F,0.43073945813811365,0.9432989690721649,0.738443380872078
F,0.4337135872886535,0.9432989690721649,0.738443380872078
F,0.4337135872886535,0.9458762886597938,0.738443380872078
F,0.4356284375636586,0.9458762886597938,0.738443380872078
F,0.4356284375636586,0.9484536082474226,0.738443380872078
F,0.46854756569566103,0.9484536082474226,0.738443380872078
F,0.46854756569566103,0.9510309278350515,0.738443380872078
F,0.4728661641882257,0.9510309278350515,0.738443380872078
F,0.4728661641882257,0.9536082474226805,0.738443380872078
F,0.4784681197799959,0.9536082474226805,0.738443380872078
F,0.4785088612752088,0.9536082474226805,0.738443380872078
F,0.4866775310653901,0.9536082474226805,0.738443380872078
F,0.4866775310653901,0.9561855670103093,0.738443380872078
F,0.4887757180688531,0.9561855670103093,0.738443380872078
F,0.4887757180688531,0.9587628865979382,0.738443380872078
F,0.48993685068242004,0.9587628865979382,0.738443380872078
F,0.4899775921776329,0.9587628865979382,0.738443380872078
F,0.49272764310450196,0.9587628865979382,0.738443380872078
F,0.49272764310450196,0.961340206185567,0.738443380872078
F,0.49574251375025463,0.961340206185567,0.738443380872078
F,0.49574251375025463,0.9639175257731959,0.738443380872078
F,0.49951110205744553,0.9639175257731959,0.738443380872078
F,0.49955184355265836,0.9639175257731959,0.738443380872078
F,0.5021185577510695,0.9639175257731959,0.738443380872078
F,0.5021185577510695,0.9664948453608248,0.738443380872078
F,0.5230393155428804,0.9664948453608248,0.738443380872078
F,0.5230393155428804,0.9690721649484536,0.738443380872078
F,0.555775106946425,0.9690721649484536,0.738443380872078
F,0.555775106946425,0.9716494845360825,0.738443380872078
F,0.5703809329802404,0.9716494845360825,0.738443380872078
F,0.5703809329802404,0.9742268041237113,0.738443380872078
F,0.5817681808922387,0.9742268041237113,0.738443380872078
F,0.5817681808922387,0.9768041237113402,0.738443380872078
F,0.5858423304135262,0.9768041237113402,0.738443380872078
F,0.5858423304135262,0.979381443298969,0.738443380872078
F,0.5913831737624771,0.979381443298969,0.738443380872078
F,0.5913831737624771,0.9819587628865979,0.738443380872078
F,0.595946221226319,0.9819587628865979,0.738443380872078
F,0.595946221226319,0.9845360824742269,0.738443380872078
F,0.6005703809329802,0.9845360824742269,0.738443380872078
F,0.6005703809329802,0.9871134020618557,0.738443380872078
F,0.6025259727031982,0.9871134020618557,0.738443380872078
F,0.6025259727031982,0.9896907216494846,0.738443380872078
F,0.621531880220004,0.9896907216494846,0.738443380872078
F,0.621531880220004,0.9922680412371134,0.738443380872078
F,0.6246078631085761,0.9922680412371134,0.738443380872078
F,0.6246078631085761,0.9948453608247423,0.738443380872078
F,0.6261764106742718,0.9948453608247423,0.738443380872078
F,0.6261764106742718,0.9974226804123711,0.738443380872078
F,0.6451415766958647,0.9974226804123711,0.738443380872078
F,0.6451823181910776,0.9974226804123711,0.738443380872078
F,0.6878794051741699,0.9974226804123711,0.738443380872078
F,0.6879201466693827,0.9974226804123711,0.738443380872078
F,0.693338765532695,0.9974226804123711,0.738443380872078
F,0.693379507027908,0.9974226804123711,0.738443380872078
F,0.7085149724994907,0.9974226804123711,0.738443380872078
F,0.7085149724994907,1.0,0.738443380872078
F,1.0,1.0,0.738443380872078
Q,0.0,0.0,0.3346058441164665
Q,2.021386266701704e-05,0.0,0.3346058441164665
Q,0.01441248408158315,0.0,0.3346058441164665
Q,0.01441248408158315,0.14285714285714285,0.3346058441164665
Q,0.11467324290998766,0.14285714285714285,0.3346058441164665
Q,0.1147136706353217,0.14285714285714285,0.3346058441164665
Q,0.12312263750480079,0.14285714285714285,0.3346058441164665
Q,0.12316306523013483,0.14285714285714285,0.3346058441164665
Q,0.12605364759151827,0.14285714285714285,0.3346058441164665
Q,0.1260940753168523,0.14285714285714285,0.3346058441164665
Q,0.1440237715024964,0.14285714285714285,0.3346058441164665
Q,0.14406419922783045,0.14285714285714285,0.3346058441164665
Q,0.15570738412403226,0.14285714285714285,0.3346058441164665
Q,0.15574781184936629,0.14285714285714285,0.3346058441164665
Q,0.16995815730427927,0.14285714285714285,0.3346058441164665
Q,0.16999858502961332,0.14285714285714285,0.3346058441164665
Q,0.18519940975521013,0.14285714285714285,0.3346058441164665
Q,0.18523983748054415,0.14285714285714285,0.3346058441164665
Q,0.2610822502071921,0.14285714285714285,0.3346058441164665
Q,0.26112267793252614,0.14285714285714285,0.3346058441164665
Q,0.2730286430433992,0.14285714285714285,0.3346058441164665
Q,0.2730690707687332,0.14285714285714285,0.3346058441164665
Q,0.273998908451416,0.14285714285714285,0.3346058441164665
Q,0.27403933617675,0.14285714285714285,0.3346058441164665
Q,0.31539689919346686,0.14285714285714285,0.3346058441164665
Q,0.3154373269188009,0.14285714285714285,0.3346058441164665
Q,0.3162458814254816,0.14285714285714285,0.3346058441164665
Q,0.3162863091508156,0.14285714285714285,0.3346058441164665
Q,0.3300923773523883,0.14285714285714285,0.3346058441164665
Q,0.3301328050777223,0.14285714285714285,0.3346058441164665
Q,0.3449899941379798,0.14285714285714285,0.3346058441164665
Q,0.3449899941379798,0.2857142857142857,0.3346058441164665
Q,0.36006953568757455,0.2857142857142857,0.3346058441164665
Q,0.3601099634129086,0.2857142857142857,0.3346058441164665
Q,0.36518364294232986,0.2857142857142857,0.3346058441164665
Q,0.3652240706676639,0.2857142857142857,0.3346058441164665
Q,0.38321440844130905,0.2857142857142857,0.3346058441164665
Q,0.3832548361666431,0.2857142857142857,0.3346058441164665
Q,0.3903499019627661,0.2857142857142857,0.3346058441164665
Q,0.3903903296881001,0.2857142857142857,0.3346058441164665
Q,0.39803116977623254,0.2857142857142857,0.3346058441164665
Q,0.39807159750156657,0.2857142857142857,0.3346058441164665
Q,0.4047219583190152,0.2857142857142857,0.3346058441164665
Q,0.4047623860443492,0.2857142857142857,0.3346058441164665
Q,0.44834347395443797,0.2857142857142857,0.3346058441164665
Q,0.448383901679772,0.2857142857142857,0.3346058441164665
Q,0.476865234177599,0.2857142857142857,0.3346058441164665
Q,0.47690566190293304,0.2857142857142857,0.3346058441164665
Q,0.4825655434496978,0.2857142857142857,0.3346058441164665
Q,0.48260597117503184,0.2857142857142857,0.3346058441164665
Q,0.524307169857088,0.2857142857142857,0.3346058441164665
Q,0.524347597582422,0.2857142857142857,0.3346058441164665
Q,0.5342928180145944,0.2857142857142857,0.3346058441164665
Q,0.5343332457399285,0.2857142857142857,0.3346058441164665
Q,0.5600250651897071,0.2857142857142857,0.3346058441164665
Q,0.5600654929150412,0.2857142857142857,0.3346058441164665
Q,0.5666754260071557,0.2857142857142857,0.3346058441164665
Q,0.5667158537324898,0.2857142857142857,0.3346058441164665
Q,0.5751854621899699,0.2857142857142857,0.3346058441164665
Q,0.5752258899153039,0.2857142857142857,0.3346058441164665
Q,0.5760142305593176,0.2857142857142857,0.3346058441164665
Q,0.5760546582846516,0.2857142857142857,0.3346058441164665
Q,0.589597946271553,0.2857142857142857,0.3346058441164665
Q,0.589638373996887,0.2857142857142857,0.3346058441164665
Q,0.5905479978169028,0.2857142857142857,0.3346058441164665
Q,0.5905884255422369,0.2857142857142857,0.3346058441164665
Q,0.5907905641689071,0.2857142857142857,0.3346058441164665
Q,0.590830991894241,0.2857142857142857,0.3346058441164665
Q,0.6033231590224576,0.2857142857142857,0.3346058441164665
Q,0.6033635867477917,0.2857142857142857,0.3346058441164665
Q,0.6301873825069233,0.2857142857142857,0.3346058441164665
Q,0.6302278102322573,0.2857142857142857,0.3346058441164665
Q,0.6315619251682804,0.2857142857142857,0.3346058441164665
Q,0.6316023528936144,0.2857142857142857,0.3346058441164665
Q,0.6329162539669706,0.2857142857142857,0.3346058441164665
Q,0.6329566816923046,0.2857142857142857,0.3346058441164665
Q,0.6376462978310525,0.2857142857142857,0.3346058441164665
Q,0.6376867255563866,0.2857142857142857,0.3346058441164665
Q,0.6392229791190799,0.2857142857142857,0.3346058441164665
Q,0.6392634068444139,0.2857142857142857,0.3346058441164665
Q,0.6473691657738877,0.2857142857142857,0.3346058441164665
Q,0.6474095934992218,0.2857142857142857,0.3346058441164665
Q,0.6555759940166966,0.2857142857142857,0.3346058441164665
Q,0.6556164217420307,0.2857142857142857,0.3346058441164665
Q,0.7020072365628348,0.2857142857142857,0.3346058441164665
Q,0.7020476642881688,0.2857142857142857,0.3346058441164665
Q,0.7269915708192679,0.2857142857142857,0.3346058441164665
Q,0.7270319985446019,0.2857142857142857,0.3346058441164665
Q,0.7356228901780841,0.2857142857142857,0.3346058441164665
Q,0.7356633179034182,0.2857142857142857,0.3346058441164665
Q,0.7368963635261062,0.2857142857142857,0.3346058441164665
Q,0.7369367912514403,0.2857142857142857,0.3346058441164665
Q,0.7374623516807827,0.2857142857142857,0.3346058441164665
Q,0.7375027794061167,0.2857142857142857,0.3346058441164665
Q,0.7510864951183521,0.2857142857142857,0.3346058441164665
Q,0.7511269228436862,0.2857142857142857,0.3346058441164665
Q,0.7580804916011401,0.2857142857142857,0.3346058441164665
Q,0.7581209193264741,0.2857142857142857,0.3346058441164665
Q,0.8211477431222333,0.2857142857142857,0.3346058441164665
Q,0.8211477431222333,0.42857142857142855,0.3346058441164665
Q,0.836388995573164,0.42857142857142855,0.3346058441164665
Q,0.836388995573164,0.5714285714285714,0.3346058441164665
Q,0.849305653817388,0.5714285714285714,0.3346058441164665
Q,0.849305653817388,0.7142857142857143,0.3346058441164665
Q,0.8715206888884397,0.7142857142857143,0.3346058441164665
Q,0.8715206888884397,0.8571428571428571,0.3346058441164665
Q,0.877908269491217,0.8571428571428571,0.3346058441164665
Q,0.8779486972165511,0.8571428571428571,0.3346058441164665
Q,0.9199935315639466,0.8571428571428571,0.3346058441164665
Q,0.9199935315639466,1.0,0.3346058441164665
Q,1.0,1.0,0.3346058441164665
